payment_id,claim_id,policy_id,payment_date,payment_amount,payment_status,payment_method,paid_claim_ratio
PAY_000001,CLM_004650,POL_002355,2025-12-02,59275.42,Completed,Bank Transfer,0.9026996429279028
PAY_000002,CLM_002291,POL_021490,2025-09-08,91119.7,Completed,UPI,0.8293623264017517
PAY_000003,CLM_003111,POL_024892,2025-06-19,331851.2,Completed,Cheque,0.9876035886322284
PAY_000004,CLM_004617,POL_023457,2025-07-06,102610.77,Completed,Bank Transfer,0.9700908698220808
PAY_000005,CLM_008185,POL_023897,2026-07-20,236240.5,Completed,Bank Transfer,0.984532897557035
PAY_000006,CLM_009022,POL_007903,2024-04-10,187029.66,Completed,UPI,0.9169984252681942
PAY_000007,CLM_000678,POL_005103,2024-07-16,161196.64,Completed,NEFT,0.7935293910312771
PAY_000008,CLM_008269,POL_019615,2026-05-28,141816.36,Completed,Cheque,0.7547111051176387
PAY_000009,CLM_000789,POL_019741,2026-10-08,888676.7,Completed,Bank Transfer,0.7892035508963272
PAY_000010,CLM_003026,POL_013871,2026-02-18,417782.91,Completed,Bank Transfer,0.9983469250756103
PAY_000011,CLM_000182,POL_015335,2026-08-26,77822.62,Completed,NEFT,0.8061497772130615
PAY_000012,CLM_001991,POL_016557,2025-07-02,170028.95,Completed,Bank Transfer,0.8368574207730627
PAY_000013,CLM_009788,POL_003708,2026-10-08,114010.98,Completed,Bank Transfer,0.9772381161932218
PAY_000014,CLM_004666,POL_018951,2026-08-17,275225.79,Completed,Bank Transfer,0.9618474505410531
PAY_000015,CLM_005757,POL_010826,2026-07-08,406789.62,Completed,Cheque,0.8278984389360883
PAY_000016,CLM_005578,POL_016849,2026-05-01,28747.21,Completed,NEFT,0.8048510209161185
PAY_000017,CLM_000788,POL_002101,2023-12-26,561783.1,Completed,Cheque,0.7563298079513413
PAY_000018,CLM_004886,POL_003157,2024-11-18,435342.61,Completed,Cheque,0.8581118054200274
PAY_000019,CLM_001576,POL_006827,2026-02-19,129651.86,Completed,NEFT,0.9205774909571334
PAY_000020,CLM_006327,POL_005364,2025-05-05,881238.3,Completed,Bank Transfer,0.9884589200945447
PAY_000021,CLM_007575,POL_006314,2025-10-09,101562.09,Completed,Bank Transfer,0.8316786903835978
PAY_000022,CLM_009614,POL_024015,2026-02-15,102914.29,Completed,Cheque,0.9276784415291282
PAY_000023,CLM_006077,POL_002904,2024-09-20,61850.46,Completed,UPI,0.8849154865496708
PAY_000024,CLM_001726,POL_018811,2024-04-01,105880.44,Completed,Bank Transfer,0.8017459634401424
PAY_000025,CLM_004583,POL_015528,2026-09-13,31826.38,Completed,Cheque,0.7779658340532108
PAY_000026,CLM_002199,POL_007748,2025-09-16,1027655.26,Completed,UPI,0.9139170575402578
PAY_000027,CLM_006555,POL_012399,2026-03-25,333887.63,Completed,Bank Transfer,0.952169165350173
PAY_000028,CLM_006954,POL_016331,2026-08-23,699090.87,Completed,NEFT,0.9677342581141687
PAY_000029,CLM_001864,POL_005683,2025-12-15,115993.52,Completed,UPI,0.8796044652733611
PAY_000030,CLM_008244,POL_014782,2025-08-25,314420.36,Completed,Bank Transfer,0.921429512349477
PAY_000031,CLM_008321,POL_019718,2026-03-16,303098.79,Completed,UPI,0.8341259717427485
PAY_000032,CLM_001425,POL_020401,2024-12-31,79804.49,Completed,Bank Transfer,0.7564707072252443
PAY_000033,CLM_008899,POL_014714,2025-05-19,23576.47,Completed,Bank Transfer,0.922036010154083
PAY_000034,CLM_002287,POL_023448,2024-06-08,99296.15,Completed,Bank Transfer,0.7566583179557332
PAY_000035,CLM_000142,POL_007525,2025-03-15,175733.66,Completed,UPI,0.8687606924352607
PAY_000036,CLM_007120,POL_006240,2026-01-12,299549.46,Completed,Bank Transfer,0.7928512453808491
PAY_000037,CLM_005017,POL_012885,2024-10-02,154028.37,Completed,Bank Transfer,0.8024096716941224
PAY_000038,CLM_002055,POL_022053,2025-12-13,70171.37,Completed,UPI,0.8791802846949942
PAY_000039,CLM_006751,POL_005841,2025-04-13,87002.99,Completed,Bank Transfer,0.8326293550521543
PAY_000040,CLM_006228,POL_024744,2024-08-24,318265.26,Completed,NEFT,0.8902094964589962
PAY_000041,CLM_008805,POL_000048,2024-09-30,387726.52,Completed,Bank Transfer,0.8465236805406273
PAY_000042,CLM_007907,POL_005176,2025-01-10,182211.57,Completed,Bank Transfer,0.7833379297418008
PAY_000043,CLM_003851,POL_020834,2025-04-05,145624.01,Completed,Cheque,0.969914754819868
PAY_000044,CLM_003741,POL_012913,2026-07-26,699435.09,Completed,Cheque,0.8268184240137256
PAY_000045,CLM_005805,POL_013538,2024-06-22,300323.24,Completed,UPI,0.7815293139551962
PAY_000046,CLM_002768,POL_010450,2026-09-07,370076.07,Completed,UPI,0.9569435475661046
PAY_000047,CLM_001443,POL_011162,2026-02-03,68175.43,Completed,Bank Transfer,0.784741408186122
PAY_000048,CLM_005211,POL_018076,2026-03-28,55910.33,Completed,UPI,0.8262263166971359
PAY_000049,CLM_006767,POL_016178,2024-09-14,70535.08,Completed,Bank Transfer,0.8850916774999875
PAY_000050,CLM_001687,POL_009142,2026-04-26,118297.74,Completed,Bank Transfer,0.7606104777605914
PAY_000051,CLM_004651,POL_021302,2025-11-24,204509.0,Completed,Bank Transfer,0.9554790198889273
PAY_000052,CLM_002686,POL_021536,2026-10-08,222393.12,Completed,Cheque,0.8388391525199335
PAY_000053,CLM_007062,POL_013991,2024-08-08,125234.07,Completed,NEFT,0.9486256699171739
PAY_000054,CLM_006178,POL_023267,2026-10-08,460005.09,Completed,UPI,0.9461181397655656
PAY_000055,CLM_008417,POL_013086,2025-09-29,488526.44,Completed,Cheque,0.8215360416018807
PAY_000056,CLM_001562,POL_002449,2026-09-15,108061.31,Completed,Bank Transfer,0.9775929828383216
PAY_000057,CLM_005220,POL_015535,2025-10-23,150101.69,Completed,UPI,0.9224738022848085
PAY_000058,CLM_009539,POL_018074,2026-04-21,41801.22,Completed,Cheque,0.9930273932152551
PAY_000059,CLM_004215,POL_017656,2025-07-23,219502.69,Completed,NEFT,0.8775619397215488
PAY_000060,CLM_008900,POL_000842,2024-06-28,371977.36,Completed,Bank Transfer,0.9131054389465578
PAY_000061,CLM_003435,POL_016680,2026-08-27,246022.15,Completed,Cheque,0.9459406669457837
PAY_000062,CLM_000324,POL_013173,2026-02-10,251320.28,Completed,Bank Transfer,0.9058804523168663
PAY_000063,CLM_002391,POL_009981,2024-07-14,403493.03,Completed,Bank Transfer,0.9259209377907609
PAY_000064,CLM_001234,POL_017788,2024-07-07,100781.19,Completed,UPI,0.8883406533748569
PAY_000065,CLM_002721,POL_002163,2026-09-22,125345.27,Completed,Cheque,0.8133616053398507
PAY_000066,CLM_007659,POL_008721,2025-02-27,229877.08,Completed,NEFT,0.8796646486573693
PAY_000067,CLM_003416,POL_011321,2026-07-11,399489.65,Completed,NEFT,0.9521634285597701
PAY_000068,CLM_006080,POL_002784,2025-07-06,361329.94,Completed,Cheque,0.9845416338456549
PAY_000069,CLM_003012,POL_011233,2026-10-05,1085062.13,Completed,UPI,0.8937552784141151
PAY_000070,CLM_000858,POL_007450,2026-02-12,23402.28,Completed,UPI,0.7755100552977585
PAY_000071,CLM_002023,POL_005472,2025-01-01,79486.09,Completed,UPI,0.8416990089192292
PAY_000072,CLM_001496,POL_022680,2026-02-02,21632.18,Completed,Bank Transfer,0.7537447372978239
PAY_000073,CLM_000450,POL_022933,2026-06-22,86479.97,Completed,Cheque,0.8431093626703255
PAY_000074,CLM_007181,POL_023976,2025-03-04,148774.46,Completed,Bank Transfer,0.9947498546901045
PAY_000075,CLM_004310,POL_017407,2026-01-26,280184.48,Completed,Bank Transfer,0.9900164280454753
PAY_000076,CLM_003323,POL_021110,2026-10-08,93387.79,Completed,Bank Transfer,0.8803098982864044
PAY_000077,CLM_008957,POL_006465,2025-06-07,86976.1,Completed,Bank Transfer,0.8029618786494607
PAY_000078,CLM_004575,POL_013944,2026-09-20,64250.68,Completed,UPI,0.7533839773984854
PAY_000079,CLM_009397,POL_011967,2025-05-26,423966.81,Completed,NEFT,0.832199947920619
PAY_000080,CLM_004450,POL_022140,2025-11-24,581007.3,Completed,UPI,0.8556551215352257
PAY_000081,CLM_007241,POL_009514,2026-10-08,704739.63,Completed,Bank Transfer,0.9365904265746755
PAY_000082,CLM_009020,POL_020043,2025-06-23,21047.61,Completed,Cheque,0.7875437220586673
PAY_000083,CLM_007994,POL_002060,2026-01-06,293307.25,Completed,Bank Transfer,0.9194831660524548
PAY_000084,CLM_004271,POL_008688,2025-08-22,32985.59,Completed,UPI,0.9780526944076607
PAY_000085,CLM_006556,POL_010476,2024-05-30,456443.82,Completed,NEFT,0.8122963670276068
PAY_000086,CLM_003771,POL_000098,2026-09-17,113440.98,Completed,Cheque,0.9989111047241465
PAY_000087,CLM_005657,POL_018934,2024-05-28,133525.9,Completed,Bank Transfer,0.9485017963696689
PAY_000088,CLM_000054,POL_009344,2026-02-10,279223.71,Completed,NEFT,0.9432491593228749
PAY_000089,CLM_006909,POL_014647,2025-08-07,145546.11,Completed,Bank Transfer,0.8668348806049697
PAY_000090,CLM_009293,POL_020322,2026-07-26,128154.49,Completed,UPI,0.9673502973129814
PAY_000091,CLM_004710,POL_015184,2026-05-11,259999.32,Completed,Bank Transfer,0.9209868116114778
PAY_000092,CLM_004079,POL_007356,2026-06-01,365052.11,Completed,UPI,0.8753611188443622
PAY_000093,CLM_003454,POL_018648,2026-02-01,81440.39,Completed,Bank Transfer,0.7685378674837187
PAY_000094,CLM_000331,POL_020247,2024-10-03,252544.27,Completed,NEFT,0.8610775425506577
PAY_000095,CLM_002031,POL_019029,2026-08-10,582138.43,Completed,Cheque,0.8606374710182352
PAY_000096,CLM_007565,POL_022513,2025-08-23,39870.03,Completed,Bank Transfer,0.845583647395914
PAY_000097,CLM_007488,POL_008321,2026-08-03,204275.99,Completed,Bank Transfer,0.84514097081662
PAY_000098,CLM_008325,POL_009324,2025-10-10,228128.25,Completed,Cheque,0.9974059725720653
PAY_000099,CLM_000340,POL_019907,2025-02-16,504991.04,Completed,Bank Transfer,0.7759898994747946
PAY_000100,CLM_002672,POL_005986,2025-03-17,150092.26,Completed,UPI,0.9633111629838385
PAY_000101,CLM_005807,POL_020198,2026-04-19,40947.49,Completed,UPI,0.7693128140613827
PAY_000102,CLM_008914,POL_011510,2026-03-27,196522.08,Completed,Bank Transfer,0.9904037883703071
PAY_000103,CLM_008687,POL_007053,2024-01-16,24908.1,Completed,UPI,0.7888553567237867
PAY_000104,CLM_005298,POL_005465,2025-12-15,194969.54,Completed,Bank Transfer,0.8410395302452929
PAY_000105,CLM_005559,POL_019148,2026-10-08,309243.23,Completed,Bank Transfer,0.9693981042327182
PAY_000106,CLM_005299,POL_007272,2026-07-29,160070.57,Completed,Cheque,0.7858158847842002
PAY_000107,CLM_004851,POL_013782,2025-12-17,117761.51,Completed,Bank Transfer,0.7711852702358718
PAY_000108,CLM_003676,POL_009372,2024-02-17,152000.24,Completed,Bank Transfer,0.9090923444976076
PAY_000109,CLM_005739,POL_019978,2026-04-15,320888.61,Completed,Bank Transfer,0.961444439826977
PAY_000110,CLM_005524,POL_009858,2025-07-15,36400.26,Completed,Bank Transfer,0.8496774866719469
PAY_000111,CLM_002971,POL_021218,2024-07-22,124428.25,Completed,UPI,0.8731396488726494
PAY_000112,CLM_004509,POL_009932,2024-10-13,95879.48,Completed,Bank Transfer,0.9664612538965343
PAY_000113,CLM_004465,POL_017893,2026-07-08,206495.98,Completed,UPI,0.90190714927544
PAY_000114,CLM_003018,POL_011014,2025-07-11,81146.61,Completed,UPI,0.8404084213788121
PAY_000115,CLM_001733,POL_009707,2026-03-30,333444.71,Completed,UPI,0.7981540411231668
PAY_000116,CLM_000662,POL_001657,2025-02-13,35209.59,Completed,UPI,0.9491793587074404
PAY_000117,CLM_000840,POL_018325,2026-03-08,350212.39,Completed,Bank Transfer,0.9197507757923122
PAY_000118,CLM_000303,POL_022687,2024-12-12,307451.63,Completed,UPI,0.7746071053354262
PAY_000119,CLM_006109,POL_019970,2024-07-19,1789757.01,Completed,NEFT,0.856195289317361
PAY_000120,CLM_000550,POL_023615,2026-09-14,203712.19,Completed,Bank Transfer,0.7739947181535999
PAY_000121,CLM_001474,POL_017993,2026-07-30,401846.7,Completed,Cheque,0.9857381637655571
PAY_000122,CLM_008234,POL_001262,2026-02-11,318439.22,Completed,Bank Transfer,0.7889321790179796
PAY_000123,CLM_000071,POL_003684,2025-12-11,177200.53,Completed,NEFT,0.7725506511815193
PAY_000124,CLM_003946,POL_002098,2026-01-02,316573.99,Completed,UPI,0.9070841701724272
PAY_000125,CLM_009638,POL_019499,2024-08-02,600041.26,Completed,Bank Transfer,0.8978742060288974
PAY_000126,CLM_008083,POL_017315,2026-06-01,812523.65,Completed,Bank Transfer,0.8802940371690169
PAY_000127,CLM_005804,POL_003575,2026-05-16,147465.04,Completed,Bank Transfer,0.9868334576369072
PAY_000128,CLM_002509,POL_015491,2025-09-03,206559.38,Completed,Cheque,0.9489420247789647
PAY_000129,CLM_002483,POL_003458,2026-07-07,397146.75,Completed,Cheque,0.8983233911504865
PAY_000130,CLM_008808,POL_010987,2024-11-19,101942.62,Completed,Bank Transfer,0.7843212714018071
PAY_000131,CLM_008932,POL_004908,2025-11-17,300149.13,Completed,UPI,0.8509926901741686
PAY_000132,CLM_009806,POL_000572,2026-10-08,324839.45,Completed,Cheque,0.9805697795030384
PAY_000133,CLM_004852,POL_022300,2026-10-08,247152.32,Completed,Cheque,0.9688993861042119
PAY_000134,CLM_006651,POL_008828,2026-08-02,504214.26,Completed,Cheque,0.9871408860214017
PAY_000135,CLM_005545,POL_019571,2025-09-25,18861.11,Completed,UPI,0.9402282337012604
PAY_000136,CLM_006134,POL_010344,2025-02-05,65594.26,Completed,Bank Transfer,0.9011003865591863
PAY_000137,CLM_005885,POL_019961,2024-04-18,107088.45,Completed,Bank Transfer,0.8974968200797475
PAY_000138,CLM_007845,POL_022210,2024-01-22,125324.68,Completed,Bank Transfer,0.7912661420757106
PAY_000139,CLM_008293,POL_008777,2025-02-04,699699.07,Completed,UPI,0.896207631590212
PAY_000140,CLM_002336,POL_002113,2026-06-08,193927.62,Completed,UPI,0.7773927890913052
PAY_000141,CLM_007163,POL_015594,2024-12-29,167545.55,Completed,Bank Transfer,0.7676164288115012
PAY_000142,CLM_002172,POL_020181,2026-10-08,409717.07,Completed,Bank Transfer,0.894029571441857
PAY_000143,CLM_005199,POL_012250,2025-10-06,233091.25,Completed,UPI,0.895598289992395
PAY_000144,CLM_006270,POL_020028,2026-09-13,205263.99,Completed,NEFT,0.9191315213310176
PAY_000145,CLM_002157,POL_001346,2026-02-24,170637.81,Completed,UPI,0.8019952849742393
PAY_000146,CLM_008714,POL_000718,2024-07-02,490739.04,Completed,Bank Transfer,0.8175731149100145
PAY_000147,CLM_003207,POL_002224,2026-10-08,545243.99,Completed,Bank Transfer,0.8696695428256719
PAY_000148,CLM_002806,POL_007485,2025-09-13,462437.5,Completed,NEFT,0.9881364226246685
PAY_000149,CLM_005617,POL_007611,2026-07-27,112562.23,Completed,Bank Transfer,0.7840417372755771
PAY_000150,CLM_007195,POL_012296,2026-08-05,201654.24,Completed,Bank Transfer,0.7740536677952808
PAY_000151,CLM_004831,POL_003988,2024-02-29,209313.62,Completed,UPI,0.9443276781576152
PAY_000152,CLM_004777,POL_006729,2026-07-31,54475.09,Completed,Cheque,0.9059834390326125
PAY_000153,CLM_008897,POL_007830,2023-11-21,422179.44,Completed,Cheque,0.8650331905549266
PAY_000154,CLM_005829,POL_016594,2026-09-09,466434.65,Completed,Bank Transfer,0.983165303739783
PAY_000155,CLM_002675,POL_021364,2025-09-05,244684.96,Completed,Bank Transfer,0.8353638668546846
PAY_000156,CLM_000633,POL_003315,2026-03-26,257559.37,Completed,Bank Transfer,0.8486525219401069
PAY_000157,CLM_001389,POL_020494,2026-10-08,148625.3,Completed,Bank Transfer,0.8851629831156209
PAY_000158,CLM_002396,POL_011088,2026-08-30,64796.21,Completed,Bank Transfer,0.8639317272685335
PAY_000159,CLM_009246,POL_007201,2025-10-13,209011.09,Completed,UPI,0.9120706273508573
PAY_000160,CLM_008468,POL_001807,2025-09-01,254260.29,Completed,Bank Transfer,0.8468090644902018
PAY_000161,CLM_009271,POL_019897,2024-01-28,635411.06,Completed,Cheque,0.7704881217997077
PAY_000162,CLM_002082,POL_000394,2026-10-01,58767.45,Completed,Bank Transfer,0.875342641433104
PAY_000163,CLM_006117,POL_023200,2026-08-03,215396.77,Completed,UPI,0.821694596182168
PAY_000164,CLM_002316,POL_024963,2025-05-27,27091.41,Completed,Bank Transfer,0.9202567209382665
PAY_000165,CLM_005718,POL_006926,2025-02-03,561950.68,Completed,UPI,0.8358240398498765
PAY_000166,CLM_009843,POL_015536,2024-04-06,447341.79,Completed,UPI,0.8795392509974848
PAY_000167,CLM_004037,POL_004629,2026-07-19,167431.05,Completed,UPI,0.9641819284657854
PAY_000168,CLM_008891,POL_018995,2024-10-13,90636.44,Completed,Bank Transfer,0.8157900089880836
PAY_000169,CLM_002216,POL_001331,2024-11-08,316703.98,Completed,NEFT,0.840134539741114
PAY_000170,CLM_002598,POL_023197,2025-12-05,749055.42,Completed,Cheque,0.9856288446138455
PAY_000171,CLM_009021,POL_020887,2025-02-28,97021.09,Completed,Bank Transfer,0.9679750711805871
PAY_000172,CLM_007898,POL_024617,2024-10-18,301364.98,Completed,UPI,0.9151770106086321
PAY_000173,CLM_004728,POL_012977,2026-02-24,76671.91,Completed,UPI,0.8647886396199581
PAY_000174,CLM_000244,POL_023024,2025-03-07,85733.09,Completed,UPI,0.9238723436125199
PAY_000175,CLM_004709,POL_014341,2026-07-08,845598.8,Completed,Bank Transfer,0.7510956788087904
PAY_000176,CLM_002324,POL_001691,2025-10-01,452381.48,Completed,Bank Transfer,0.9567647709357647
PAY_000177,CLM_001016,POL_009310,2026-05-30,414847.69,Completed,Cheque,0.9277432582757239
PAY_000178,CLM_003565,POL_024735,2026-06-06,135998.01,Completed,Bank Transfer,0.8719288341788283
PAY_000179,CLM_008702,POL_004888,2025-10-02,658677.45,Completed,Bank Transfer,0.9939647058770269
PAY_000180,CLM_000107,POL_010098,2026-09-14,191386.8,Completed,UPI,0.8056962019454736
PAY_000181,CLM_000348,POL_023203,2026-09-06,216746.02,Completed,Bank Transfer,0.9885394814640085
PAY_000182,CLM_000255,POL_000820,2026-02-03,154016.28,Completed,Bank Transfer,0.9229508028733336
PAY_000183,CLM_004330,POL_016889,2026-10-08,323724.14,Completed,Bank Transfer,0.8282755830950226
PAY_000184,CLM_006189,POL_022817,2026-10-08,183398.72,Completed,Bank Transfer,0.7777771981869438
PAY_000185,CLM_006583,POL_017944,2025-11-10,362197.84,Completed,Bank Transfer,0.9431433499208987
PAY_000186,CLM_007587,POL_018175,2024-10-17,580273.3,Completed,Bank Transfer,0.7734805193773451
PAY_000187,CLM_003939,POL_022572,2025-08-05,241365.42,Completed,Bank Transfer,0.9237286893408597
PAY_000188,CLM_001461,POL_015993,2026-07-17,42508.98,Completed,UPI,0.8903593820493713
PAY_000189,CLM_009143,POL_022951,2025-04-11,279047.41,Completed,Cheque,0.7827612026566384
PAY_000190,CLM_008553,POL_016798,2026-02-27,64399.93,Completed,NEFT,0.9054350767898356
PAY_000191,CLM_007826,POL_019513,2026-06-02,68380.31,Completed,Cheque,0.8968287058379769
PAY_000192,CLM_005246,POL_014359,2025-04-01,158210.53,Completed,Bank Transfer,0.9305212171771959
PAY_000193,CLM_007264,POL_020074,2024-07-16,182138.35,Completed,Cheque,0.9324698634006819
PAY_000194,CLM_000733,POL_023505,2026-10-08,262196.04,Completed,Bank Transfer,0.8193910220201068
PAY_000195,CLM_001102,POL_020858,2025-06-04,89325.91,Completed,Bank Transfer,0.9767791907747057
PAY_000196,CLM_001001,POL_000367,2025-06-19,88058.56,Completed,Bank Transfer,0.8331293050882175
PAY_000197,CLM_000370,POL_002589,2024-02-17,445861.15,Completed,Cheque,0.9769923346859543
PAY_000198,CLM_007485,POL_015957,2024-11-24,196876.85,Completed,UPI,0.8993619854692791
PAY_000199,CLM_009028,POL_010390,2025-01-21,187414.79,Completed,UPI,0.8800144716679067
PAY_000200,CLM_008386,POL_011443,2025-04-07,543619.64,Completed,Bank Transfer,0.763488576300581
PAY_000201,CLM_002797,POL_006309,2026-10-08,211048.16,Completed,Bank Transfer,0.8801870809013461
PAY_000202,CLM_003076,POL_001904,2024-12-03,732525.44,Completed,NEFT,0.7610601656023951
PAY_000203,CLM_001849,POL_012659,2026-10-07,418503.27,Completed,Bank Transfer,0.8375605192786614
PAY_000204,CLM_009875,POL_017568,2026-07-04,123180.73,Completed,UPI,0.7560679030638061
PAY_000205,CLM_007653,POL_004140,2026-08-27,62120.77,Completed,Cheque,0.990919449232996
PAY_000206,CLM_008646,POL_008748,2024-05-20,70880.58,Completed,NEFT,0.7652128533115805
PAY_000207,CLM_007402,POL_016651,2026-04-30,122310.81,Completed,Bank Transfer,0.8935615992710703
PAY_000208,CLM_003204,POL_005932,2026-07-31,77800.96,Completed,Bank Transfer,0.9204740359129517
PAY_000209,CLM_005400,POL_004742,2026-09-05,47294.82,Completed,UPI,0.7611313162914587
PAY_000210,CLM_003666,POL_019603,2026-04-11,265896.42,Completed,Bank Transfer,0.8246285981264645
PAY_000211,CLM_001167,POL_016825,2026-10-08,975360.0,Completed,Cheque,0.9566968628364416
PAY_000212,CLM_006031,POL_001467,2026-05-14,192825.43,Completed,Cheque,0.8282010182522512
PAY_000213,CLM_004480,POL_007014,2026-08-23,68901.35,Completed,Cheque,0.891731314841768
PAY_000214,CLM_008606,POL_000296,2026-01-24,47604.54,Completed,NEFT,0.9892555481345375
PAY_000215,CLM_006811,POL_009620,2025-08-02,212727.4,Completed,Cheque,0.8654357662493419
PAY_000216,CLM_002038,POL_016193,2024-06-04,1054045.9,Completed,Bank Transfer,0.8837350820129551
PAY_000217,CLM_009616,POL_021726,2024-05-13,120976.51,Completed,Cheque,0.7616596373657653
PAY_000218,CLM_007982,POL_006607,2026-09-30,327669.49,Completed,UPI,0.8149151617207587
PAY_000219,CLM_001570,POL_016736,2024-12-19,342457.73,Completed,Bank Transfer,0.8329007308833836
PAY_000220,CLM_003338,POL_016583,2026-02-26,194363.17,Completed,UPI,0.8722030643732893
PAY_000221,CLM_005067,POL_003359,2024-10-17,85377.5,Completed,UPI,0.8934901923027616
PAY_000222,CLM_002618,POL_007349,2026-08-06,182723.03,Completed,Cheque,0.7927194833873098
PAY_000223,CLM_001772,POL_015119,2026-05-14,797992.75,Completed,Bank Transfer,0.9479189473946295
PAY_000224,CLM_007782,POL_007429,2025-10-22,226576.2,Completed,Bank Transfer,0.9329375933833366
PAY_000225,CLM_001455,POL_012808,2026-08-16,406916.4,Completed,UPI,0.8992466654188069
PAY_000226,CLM_009386,POL_012406,2026-05-29,309297.37,Completed,UPI,0.815740529113903
PAY_000227,CLM_003716,POL_011683,2025-01-05,431520.84,Completed,Cheque,0.8096280103128306
PAY_000228,CLM_003278,POL_008363,2026-01-13,614615.85,Completed,UPI,0.9505542356932943
PAY_000229,CLM_005093,POL_011592,2024-11-09,145064.02,Completed,Cheque,0.9341802415599773
PAY_000230,CLM_007973,POL_010261,2024-12-29,118254.46,Completed,UPI,0.9961206250263236
PAY_000231,CLM_001509,POL_012530,2024-07-28,1135821.62,Completed,Bank Transfer,0.9105030605202623
PAY_000232,CLM_008793,POL_001512,2026-09-29,155185.4,Completed,Cheque,0.9449558328593394
PAY_000233,CLM_001592,POL_023909,2025-03-24,637952.67,Completed,Bank Transfer,0.9429662073336553
PAY_000234,CLM_000447,POL_017812,2026-08-01,468357.88,Completed,UPI,0.8282541995017614
PAY_000235,CLM_004478,POL_010587,2025-08-27,115812.0,Completed,UPI,0.9882046361450019
PAY_000236,CLM_003834,POL_000320,2025-01-22,103047.35,Completed,Bank Transfer,0.7527410376405765
PAY_000237,CLM_005557,POL_007729,2026-01-31,151287.58,Completed,NEFT,0.9437694313624918
PAY_000238,CLM_008706,POL_001539,2024-08-12,206843.25,Completed,NEFT,0.782400080069545
PAY_000239,CLM_006522,POL_020608,2026-02-11,297616.85,Completed,UPI,0.8272395276251644
PAY_000240,CLM_000684,POL_021784,2024-10-12,97702.9,Completed,Bank Transfer,0.7951440844582348
PAY_000241,CLM_002846,POL_016530,2026-09-04,126550.27,Completed,Bank Transfer,0.8538845693570059
PAY_000242,CLM_004425,POL_001558,2025-11-17,649971.29,Completed,Bank Transfer,0.9906803346556249
PAY_000243,CLM_007824,POL_019084,2025-06-18,63014.27,Completed,Cheque,0.9076734913057368
PAY_000244,CLM_006445,POL_003908,2025-02-16,32552.22,Completed,UPI,0.8477968551616369
PAY_000245,CLM_007384,POL_024666,2026-01-01,598784.24,Completed,UPI,0.9370292127797561
PAY_000246,CLM_005688,POL_001370,2026-10-08,275145.79,Completed,Cheque,0.843125304187809
PAY_000247,CLM_009064,POL_024061,2024-09-20,93730.35,Completed,Bank Transfer,0.989267965547893
PAY_000248,CLM_005780,POL_005175,2026-09-11,194696.41,Completed,Cheque,0.9881185561124152
PAY_000249,CLM_005398,POL_008386,2025-07-28,47109.81,Completed,Bank Transfer,0.7749837015877935
PAY_000250,CLM_001911,POL_018883,2024-11-09,867944.16,Completed,UPI,0.887634366754498
PAY_000251,CLM_009325,POL_015585,2025-02-05,328350.67,Completed,UPI,0.9878253296128882
PAY_000252,CLM_002467,POL_018337,2026-09-17,202110.72,Completed,UPI,0.787618099914637
PAY_000253,CLM_001063,POL_012942,2025-01-22,132575.5,Completed,NEFT,0.8670135405324931
PAY_000254,CLM_004018,POL_010135,2025-05-10,64376.95,Completed,Bank Transfer,0.7648023834262632
PAY_000255,CLM_004677,POL_015141,2025-11-18,261607.87,Completed,UPI,0.7670287650882934
PAY_000256,CLM_006861,POL_016322,2026-09-11,169939.93,Completed,UPI,0.8012618488401029
PAY_000257,CLM_003501,POL_010459,2025-10-27,30778.0,Completed,Cheque,0.8080715791054502
PAY_000258,CLM_005913,POL_021210,2026-08-09,187519.64,Completed,Cheque,0.9771400277905995
PAY_000259,CLM_003549,POL_011230,2025-01-21,425035.65,Completed,Bank Transfer,0.8893011854834199
PAY_000260,CLM_009241,POL_018607,2025-10-11,603538.87,Completed,UPI,0.8529812169097108
PAY_000261,CLM_004108,POL_019123,2026-06-17,60887.89,Completed,Cheque,0.7934915280212953
PAY_000262,CLM_005025,POL_003188,2025-01-06,789508.3,Completed,Bank Transfer,0.9524620396293875
PAY_000263,CLM_007296,POL_011080,2026-05-18,1097390.06,Completed,UPI,0.9186304530678885
PAY_000264,CLM_009033,POL_017666,2026-08-02,342839.6,Completed,Bank Transfer,0.9681333416317364
PAY_000265,CLM_002461,POL_020215,2026-03-10,974656.04,Completed,Bank Transfer,0.8921815139524828
PAY_000266,CLM_007447,POL_016946,2026-06-23,224936.64,Completed,Bank Transfer,0.9984419031206592
PAY_000267,CLM_001530,POL_013882,2025-12-22,100342.47,Completed,UPI,0.9154632386328749
PAY_000268,CLM_006500,POL_013246,2026-04-14,1012254.46,Completed,Bank Transfer,0.9359291738152016
PAY_000269,CLM_009921,POL_021700,2024-06-15,166568.9,Completed,Cheque,0.9445323847686413
PAY_000270,CLM_005916,POL_003552,2025-12-17,401830.04,Completed,UPI,0.7645167461456671
PAY_000271,CLM_002094,POL_015510,2025-04-02,107232.26,Completed,Cheque,0.7993376736536236
PAY_000272,CLM_004468,POL_022671,2024-12-01,172969.2,Completed,NEFT,0.8156297584909917
PAY_000273,CLM_004569,POL_007246,2025-03-03,34478.63,Completed,Bank Transfer,0.9609835756698721
PAY_000274,CLM_009279,POL_008087,2026-07-10,751770.31,Completed,Bank Transfer,0.9601364786116109
PAY_000275,CLM_007715,POL_005142,2025-08-08,378719.39,Completed,Bank Transfer,0.9552826506876183
PAY_000276,CLM_008294,POL_020761,2026-05-19,102176.17,Completed,Bank Transfer,0.9884622837391666
PAY_000277,CLM_003662,POL_018224,2025-05-02,47934.88,Completed,UPI,0.7958567198633782
PAY_000278,CLM_003836,POL_002419,2026-07-21,227697.23,Completed,Bank Transfer,0.964449746558838
PAY_000279,CLM_007038,POL_004577,2024-07-08,201026.03,Completed,Bank Transfer,0.9270900290773421
PAY_000280,CLM_004447,POL_009366,2025-02-28,777516.32,Completed,NEFT,0.8241418396454613
PAY_000281,CLM_006993,POL_007634,2026-10-08,59193.5,Completed,UPI,0.8464974324858469
PAY_000282,CLM_003169,POL_013746,2026-10-08,501067.8,Completed,UPI,0.7708338464479375
PAY_000283,CLM_000916,POL_011377,2026-05-10,137321.21,Completed,UPI,0.9570067862417477
PAY_000284,CLM_006575,POL_012198,2026-06-12,645995.35,Completed,UPI,0.8911262280559621
PAY_000285,CLM_002315,POL_006053,2025-12-18,234329.96,Completed,NEFT,0.8305700884768368
PAY_000286,CLM_006730,POL_001998,2025-03-09,225686.48,Completed,UPI,0.8346321263344096
PAY_000287,CLM_008270,POL_004355,2026-10-08,236644.2,Completed,NEFT,0.9386672145830375
PAY_000288,CLM_007110,POL_006955,2025-05-02,1020064.78,Completed,Bank Transfer,0.8411812525503387
PAY_000289,CLM_001481,POL_003349,2026-05-04,149400.07,Completed,UPI,0.8224779597755616
PAY_000290,CLM_006968,POL_015177,2026-05-03,1082137.64,Completed,Cheque,0.986052197733757
PAY_000291,CLM_004213,POL_020928,2026-10-08,158774.83,Completed,UPI,0.8837356619266509
PAY_000292,CLM_004244,POL_005919,2024-08-14,330547.91,Completed,Bank Transfer,0.9897302745628846
PAY_000293,CLM_007986,POL_015314,2024-07-23,206118.62,Completed,Bank Transfer,0.7549451767390062
PAY_000294,CLM_003276,POL_004149,2026-02-20,22642.99,Completed,UPI,0.9608545893631657
PAY_000295,CLM_005131,POL_015072,2025-03-14,42289.73,Completed,UPI,0.8470601078010548
PAY_000296,CLM_004206,POL_001881,2024-09-12,353910.07,Completed,Bank Transfer,0.8540779480935201
PAY_000297,CLM_008554,POL_018057,2026-01-05,545871.96,Completed,UPI,0.848819370620742
PAY_000298,CLM_002439,POL_003043,2025-11-18,372565.13,Completed,Cheque,0.9949577944586934
PAY_000299,CLM_005775,POL_007122,2025-10-10,126841.69,Completed,Bank Transfer,0.8545395528845074
PAY_000300,CLM_003311,POL_020204,2025-05-07,62866.76,Completed,Bank Transfer,0.9347523507177683
PAY_000301,CLM_000743,POL_005974,2025-10-12,370984.15,Completed,Bank Transfer,0.7875494574592612
PAY_000302,CLM_008803,POL_008057,2024-11-14,37839.91,Completed,Cheque,0.9883874644797411
PAY_000303,CLM_000234,POL_024029,2025-01-22,511478.88,Completed,UPI,0.8728585732048589
PAY_000304,CLM_005394,POL_014091,2025-07-16,319976.92,Completed,Cheque,0.8470891427874647
PAY_000305,CLM_003484,POL_018087,2025-10-09,59548.36,Completed,Bank Transfer,0.9259977570177169
PAY_000306,CLM_003936,POL_002300,2025-02-07,69457.02,Completed,Bank Transfer,0.8199936390508444
PAY_000307,CLM_004120,POL_011141,2024-10-31,686043.94,Completed,NEFT,0.893985236870651
PAY_000308,CLM_009472,POL_005996,2025-01-15,286899.59,Completed,UPI,0.7627683794009493
PAY_000309,CLM_000991,POL_009832,2024-10-01,186599.16,Completed,UPI,0.9304904544513897
PAY_000310,CLM_001535,POL_002585,2024-12-18,714071.51,Completed,Bank Transfer,0.9262532995117837
PAY_000311,CLM_000629,POL_002712,2026-07-30,54247.61,Completed,Bank Transfer,0.9628111348112115
PAY_000312,CLM_006582,POL_002076,2026-10-08,159285.58,Completed,NEFT,0.7915148092758628
PAY_000313,CLM_003253,POL_011504,2025-01-07,260048.31,Completed,Cheque,0.9935122711310889
PAY_000314,CLM_003510,POL_013293,2025-04-22,201014.29,Completed,UPI,0.8260499128805313
PAY_000315,CLM_006440,POL_024751,2024-10-16,211266.47,Completed,Cheque,0.8348638438284167
PAY_000316,CLM_002373,POL_022303,2025-05-07,103125.32,Completed,UPI,0.7873860422103273
PAY_000317,CLM_009191,POL_006209,2024-09-30,62197.5,Completed,Cheque,0.9140713418739245
PAY_000318,CLM_004270,POL_009157,2024-11-24,414549.99,Completed,Bank Transfer,0.7621386322024216
PAY_000319,CLM_000249,POL_003949,2025-07-28,181276.83,Completed,Bank Transfer,0.8356078323562893
PAY_000320,CLM_003091,POL_002380,2026-04-02,527160.59,Completed,UPI,0.8910254420979471
PAY_000321,CLM_007681,POL_010080,2026-04-13,380128.9,Completed,Cheque,0.9074381738069612
PAY_000322,CLM_008798,POL_016164,2026-04-06,247331.89,Completed,UPI,0.8679838363153548
PAY_000323,CLM_001516,POL_012184,2026-09-19,280713.92,Completed,UPI,0.7593256840631988
PAY_000324,CLM_008630,POL_000529,2025-06-05,111078.25,Completed,UPI,0.8134165314063329
PAY_000325,CLM_004301,POL_007823,2026-09-11,136477.44,Completed,UPI,0.8893118325393365
PAY_000326,CLM_001134,POL_020482,2024-11-25,63845.36,Completed,NEFT,0.9589130347605329
PAY_000327,CLM_000047,POL_007746,2024-07-17,410209.49,Completed,UPI,0.8197136164330593
PAY_000328,CLM_006073,POL_015504,2025-09-26,174746.19,Completed,NEFT,0.802152183361252
PAY_000329,CLM_004580,POL_018645,2026-06-11,111706.94,Completed,Bank Transfer,0.7848677622140355
PAY_000330,CLM_002471,POL_018709,2026-10-08,111538.2,Completed,Cheque,0.754156293807644
PAY_000331,CLM_008338,POL_002910,2026-04-23,497218.18,Completed,Cheque,0.9799022537913165
PAY_000332,CLM_000464,POL_002236,2026-04-05,87878.67,Completed,Cheque,0.8160859209954096
PAY_000333,CLM_000233,POL_003180,2026-08-03,193653.96,Completed,Cheque,0.9220596291124911
PAY_000334,CLM_008284,POL_008341,2025-01-05,326928.32,Completed,Bank Transfer,0.9489768135323692
PAY_000335,CLM_009175,POL_016142,2026-08-27,36545.26,Completed,NEFT,0.8605309328588144
PAY_000336,CLM_001087,POL_000073,2026-02-13,221302.69,Completed,Bank Transfer,0.9227535799630895
PAY_000337,CLM_000728,POL_009969,2026-07-01,119771.33,Completed,NEFT,0.9744991925505054
PAY_000338,CLM_002075,POL_020100,2024-09-25,190987.63,Completed,Cheque,0.8838583089843908
PAY_000339,CLM_006421,POL_022024,2025-10-20,185380.17,Completed,UPI,0.8174934530688058
PAY_000340,CLM_007943,POL_010838,2025-03-08,88974.31,Completed,NEFT,0.8578594661512882
PAY_000341,CLM_009950,POL_003756,2024-07-22,684210.68,Completed,NEFT,0.9241652029326781
PAY_000342,CLM_005530,POL_013101,2025-02-27,1545895.67,Completed,UPI,0.8684800255298674
PAY_000343,CLM_000620,POL_014769,2026-05-16,220727.19,Completed,UPI,0.8450557388602487
PAY_000344,CLM_002217,POL_003170,2025-06-28,339998.59,Completed,Bank Transfer,0.8291368834585725
PAY_000345,CLM_002037,POL_024703,2025-10-26,93045.45,Completed,NEFT,0.7722259445249906
PAY_000346,CLM_006937,POL_008251,2026-01-09,68710.25,Completed,Bank Transfer,0.8149010718916607
PAY_000347,CLM_001400,POL_009446,2026-10-08,403005.66,Completed,NEFT,0.962272729237186
PAY_000348,CLM_003250,POL_007583,2024-09-16,51282.23,Completed,Bank Transfer,0.8959812411211648
PAY_000349,CLM_003649,POL_007588,2025-01-13,82051.32,Completed,UPI,0.9166828568539795
PAY_000350,CLM_001614,POL_004203,2024-12-07,59707.47,Completed,UPI,0.9084543237015749
PAY_000351,CLM_005248,POL_017735,2025-10-13,162676.23,Completed,Bank Transfer,0.8295710164790545
PAY_000352,CLM_007245,POL_023371,2025-04-28,472100.12,Completed,Bank Transfer,0.9232881511573104
PAY_000353,CLM_007332,POL_010898,2026-04-12,342965.46,Completed,Bank Transfer,0.8175910388719063
PAY_000354,CLM_008091,POL_000396,2025-06-04,807582.39,Completed,Bank Transfer,0.9795469271066559
PAY_000355,CLM_002885,POL_001604,2026-10-08,103988.69,Completed,Cheque,0.918966608632916
PAY_000356,CLM_009457,POL_006158,2026-10-08,192399.09,Completed,UPI,0.8984758993440721
PAY_000357,CLM_009820,POL_023160,2025-08-10,71980.12,Completed,Bank Transfer,0.7599847074185174
PAY_000358,CLM_007040,POL_000181,2026-06-27,1043907.13,Completed,Bank Transfer,0.9846534428395556
PAY_000359,CLM_002525,POL_015331,2026-10-08,626580.34,Completed,Cheque,0.7656087672652271
PAY_000360,CLM_005836,POL_023649,2026-05-12,107098.18,Completed,Bank Transfer,0.8950831852297899
PAY_000361,CLM_007185,POL_022039,2026-07-23,34886.56,Completed,UPI,0.8767278065972419
PAY_000362,CLM_000569,POL_005854,2025-08-17,248141.44,Completed,Bank Transfer,0.8286568956917573
PAY_000363,CLM_009421,POL_015780,2025-03-13,134413.96,Completed,UPI,0.9783820406347408
PAY_000364,CLM_003779,POL_007675,2024-08-08,384405.38,Completed,Cheque,0.7703385879282098
PAY_000365,CLM_007690,POL_012031,2025-08-24,90768.95,Completed,Bank Transfer,0.9455914530961629
PAY_000366,CLM_002052,POL_008657,2026-08-17,802337.68,Completed,UPI,0.8671468011237686
PAY_000367,CLM_005005,POL_003896,2023-11-16,157584.61,Completed,UPI,0.8707660804372467
PAY_000368,CLM_001579,POL_024432,2025-11-02,282980.19,Completed,Bank Transfer,0.9501045372816399
PAY_000369,CLM_004606,POL_015614,2024-06-02,98391.97,Completed,NEFT,0.7619943950118749
PAY_000370,CLM_005513,POL_023039,2026-10-02,145134.29,Completed,UPI,0.7749934266608655
PAY_000371,CLM_000868,POL_011865,2025-06-22,104963.56,Completed,UPI,0.9525954623289226
PAY_000372,CLM_008166,POL_003529,2025-08-08,593881.19,Completed,Bank Transfer,0.9613147505203994
PAY_000373,CLM_007341,POL_001475,2026-03-26,192739.38,Completed,UPI,0.8300300623093007
PAY_000374,CLM_005535,POL_004555,2024-09-26,57790.24,Completed,UPI,0.9309186787356439
PAY_000375,CLM_001826,POL_018179,2026-04-05,127722.86,Completed,Bank Transfer,0.9592911979192288
PAY_000376,CLM_005552,POL_022330,2026-05-27,705493.16,Completed,UPI,0.808115477854655
PAY_000377,CLM_000108,POL_021041,2025-08-11,229442.05,Completed,UPI,0.9844600102306724
PAY_000378,CLM_001919,POL_014688,2026-09-20,230965.41,Completed,Bank Transfer,0.9753617550424676
PAY_000379,CLM_009302,POL_016237,2026-07-14,139190.45,Completed,Bank Transfer,0.8351096129571347
PAY_000380,CLM_007124,POL_002086,2025-12-02,304912.13,Completed,Bank Transfer,0.9730626818276715
PAY_000381,CLM_004741,POL_023969,2026-01-21,254733.1,Completed,Bank Transfer,0.9424087353008704
PAY_000382,CLM_000129,POL_023148,2026-02-22,306407.06,Completed,Bank Transfer,0.9715718414527682
PAY_000383,CLM_004534,POL_024808,2026-09-08,88587.81,Completed,Cheque,0.9299732464678987
PAY_000384,CLM_000588,POL_016475,2025-10-15,88879.28,Completed,Bank Transfer,0.8751007978959603
PAY_000385,CLM_005361,POL_011340,2026-07-24,310489.39,Completed,Bank Transfer,0.8515463705469528
PAY_000386,CLM_005139,POL_022567,2025-12-22,686790.59,Completed,Bank Transfer,0.8367276497759968
PAY_000387,CLM_006337,POL_013503,2025-07-29,181171.35,Completed,UPI,0.9644974729843434
PAY_000388,CLM_007454,POL_015489,2026-04-17,95166.11,Completed,UPI,0.7639636377940241
PAY_000389,CLM_001951,POL_004779,2024-10-27,42636.47,Completed,Bank Transfer,0.9226711984595483
PAY_000390,CLM_005203,POL_024476,2026-03-07,342577.73,Completed,Bank Transfer,0.7516708594532716
PAY_000391,CLM_006238,POL_007694,2026-01-21,1107366.44,Completed,UPI,0.9826549315500731
PAY_000392,CLM_005277,POL_018980,2025-08-10,484121.24,Completed,Bank Transfer,0.8710187409964795
PAY_000393,CLM_001664,POL_004871,2024-11-04,834328.35,Completed,NEFT,0.9372341265646578
PAY_000394,CLM_006903,POL_011082,2025-11-20,25495.73,Completed,Bank Transfer,0.9251430311092436
PAY_000395,CLM_002045,POL_002700,2025-03-07,193115.65,Completed,Bank Transfer,0.9670545554844024
PAY_000396,CLM_009984,POL_005680,2023-11-28,424153.55,Completed,Bank Transfer,0.8528117368753493
PAY_000397,CLM_009685,POL_000208,2026-08-03,733106.85,Completed,Cheque,0.8896727075053004
PAY_000398,CLM_001906,POL_004909,2026-03-19,197943.61,Completed,Cheque,0.871416083862209
PAY_000399,CLM_007499,POL_003879,2026-07-31,310659.8,Completed,Bank Transfer,0.9148882176746232
PAY_000400,CLM_001065,POL_003228,2025-09-16,92981.03,Completed,Bank Transfer,0.9090324542890692
PAY_000401,CLM_008311,POL_003655,2024-11-29,189032.9,Completed,Cheque,0.7883577408531908
PAY_000402,CLM_007251,POL_024133,2024-03-06,288382.21,Completed,Bank Transfer,0.9062850661091518
PAY_000403,CLM_005489,POL_002253,2026-06-26,159103.14,Completed,Bank Transfer,0.8817103357742725
PAY_000404,CLM_002479,POL_022171,2026-09-24,177023.7,Completed,Bank Transfer,0.7804904739120935
PAY_000405,CLM_003620,POL_021345,2025-02-24,243653.07,Completed,NEFT,0.7535053328424451
PAY_000406,CLM_008346,POL_005511,2025-06-26,461695.9,Completed,Cheque,0.7588476471536502
PAY_000407,CLM_004443,POL_024612,2025-11-20,134126.74,Completed,UPI,0.8225132871350042
PAY_000408,CLM_003110,POL_022183,2024-12-29,50761.45,Completed,Bank Transfer,0.9986509940385623
PAY_000409,CLM_009092,POL_011793,2026-07-26,352337.99,Completed,UPI,0.7624844722486226
PAY_000410,CLM_009833,POL_013033,2026-07-13,121161.67,Completed,Bank Transfer,0.9450249676273351
PAY_000411,CLM_008561,POL_016659,2026-06-20,46113.22,Completed,UPI,0.9444502929414286
PAY_000412,CLM_008207,POL_000429,2024-09-12,53329.18,Completed,Bank Transfer,0.8376065852313537
PAY_000413,CLM_002661,POL_021638,2025-03-06,473087.58,Completed,UPI,0.9324102301982432
PAY_000414,CLM_008800,POL_023714,2025-05-02,475226.01,Completed,Bank Transfer,0.9543341559128379
PAY_000415,CLM_005956,POL_002837,2025-05-11,573960.31,Completed,Bank Transfer,0.9545441104713414
PAY_000416,CLM_002750,POL_002983,2026-03-16,647319.36,Completed,Cheque,0.9453878356219952
PAY_000417,CLM_001062,POL_010325,2024-05-19,95746.23,Completed,Cheque,0.9854302897690811
PAY_000418,CLM_007150,POL_005458,2026-06-07,162337.42,Completed,Bank Transfer,0.9012251227185122
PAY_000419,CLM_003138,POL_001838,2025-10-02,170130.37,Completed,NEFT,0.7536049083922204
PAY_000420,CLM_006180,POL_013835,2026-04-21,91250.94,Completed,UPI,0.9231204853550593
PAY_000421,CLM_008975,POL_001184,2025-11-29,63933.56,Completed,Cheque,0.8624201482934731
PAY_000422,CLM_008911,POL_001984,2024-12-10,123115.11,Completed,Bank Transfer,0.7541262210705428
PAY_000423,CLM_009793,POL_015531,2025-11-11,283118.32,Completed,Bank Transfer,0.8888768607516153
PAY_000424,CLM_001033,POL_017810,2025-06-20,340980.22,Completed,UPI,0.9458172025392532
PAY_000425,CLM_008041,POL_009146,2024-11-17,73586.15,Completed,Bank Transfer,0.8079395661645884
PAY_000426,CLM_000782,POL_015699,2026-07-16,420490.6,Completed,UPI,0.9724399275970491
PAY_000427,CLM_003122,POL_019061,2025-06-07,105628.1,Completed,Bank Transfer,0.925928182340392
PAY_000428,CLM_009783,POL_020380,2025-01-11,30430.29,Completed,Cheque,0.8887665130689489
PAY_000429,CLM_009977,POL_021352,2024-12-15,118357.3,Completed,Bank Transfer,0.7899222153138418
PAY_000430,CLM_009482,POL_021801,2026-04-07,444314.21,Completed,Bank Transfer,0.9731633224875345
PAY_000431,CLM_006246,POL_003867,2026-06-20,601083.19,Completed,Cheque,0.8461718836994243
PAY_000432,CLM_001515,POL_008822,2024-05-24,103718.16,Completed,Bank Transfer,0.9541351111299186
PAY_000433,CLM_005886,POL_016541,2026-10-08,91808.23,Completed,UPI,0.9324675704561847
PAY_000434,CLM_001154,POL_001233,2026-02-22,225068.41,Completed,UPI,0.7991694359827275
PAY_000435,CLM_003671,POL_021281,2024-11-21,57868.58,Completed,Cheque,0.8486027406420446
PAY_000436,CLM_009951,POL_018258,2026-09-16,147418.82,Completed,Bank Transfer,0.8179944913938989
PAY_000437,CLM_003100,POL_006272,2025-12-15,16390.73,Completed,Cheque,0.7668428907613348
PAY_000438,CLM_001678,POL_023534,2025-04-02,274794.03,Completed,Bank Transfer,0.9048731143086697
PAY_000439,CLM_004896,POL_012696,2026-01-27,416281.07,Completed,Bank Transfer,0.7849164700970842
PAY_000440,CLM_004227,POL_001443,2024-12-05,190683.45,Completed,Cheque,0.8247667863583412
PAY_000441,CLM_003875,POL_005682,2025-11-01,320931.76,Completed,Bank Transfer,0.9132964482317026
PAY_000442,CLM_006729,POL_013571,2026-09-22,116735.28,Completed,Bank Transfer,0.9538798347173348
PAY_000443,CLM_002222,POL_020776,2024-06-26,556661.36,Completed,UPI,0.9648864924731809
PAY_000444,CLM_001393,POL_001948,2024-02-20,356882.4,Completed,UPI,0.8475717285525873
PAY_000445,CLM_000720,POL_011404,2026-06-01,199984.56,Completed,Cheque,0.8142839029458262
PAY_000446,CLM_000084,POL_005231,2026-10-08,230249.41,Completed,Bank Transfer,0.7925122288994585
PAY_000447,CLM_004322,POL_004388,2024-08-24,142022.08,Completed,NEFT,0.883931399413696
PAY_000448,CLM_002041,POL_007268,2026-10-08,140494.49,Completed,Bank Transfer,0.7741345070958408
PAY_000449,CLM_004788,POL_002451,2024-10-28,52495.1,Completed,Bank Transfer,0.8534033243568598
PAY_000450,CLM_001959,POL_013970,2024-06-22,77245.95,Completed,NEFT,0.7512239027179685
PAY_000451,CLM_008778,POL_008849,2025-10-09,287592.14,Completed,NEFT,0.9264185785631834
PAY_000452,CLM_006483,POL_002808,2023-12-11,192049.77,Completed,UPI,0.841082623755241
PAY_000453,CLM_009686,POL_007144,2025-01-26,67077.6,Completed,Cheque,0.8712244453441013
PAY_000454,CLM_009484,POL_016167,2024-12-25,141773.59,Completed,Bank Transfer,0.9639748264590076
PAY_000455,CLM_001732,POL_001609,2025-08-04,16728.07,Completed,Cheque,0.8638885460364218
PAY_000456,CLM_003803,POL_008421,2024-10-03,187606.83,Completed,UPI,0.8879270502665316
PAY_000457,CLM_008852,POL_000530,2026-08-14,125540.55,Completed,Bank Transfer,0.8784546403389866
PAY_000458,CLM_006476,POL_010467,2026-04-29,45916.79,Completed,Bank Transfer,0.9591345044142697
PAY_000459,CLM_005156,POL_003080,2026-08-29,233366.69,Completed,Bank Transfer,0.9645378817634286
PAY_000460,CLM_006336,POL_010496,2026-09-27,294975.91,Completed,Bank Transfer,0.8490254737366195
PAY_000461,CLM_000777,POL_005410,2026-10-07,154748.4,Completed,Bank Transfer,0.8466717195754878
PAY_000462,CLM_005776,POL_024268,2025-01-20,78361.59,Completed,Bank Transfer,0.9763619543040478
PAY_000463,CLM_000029,POL_012427,2025-08-30,173397.27,Completed,Bank Transfer,0.9961187523226619
PAY_000464,CLM_007567,POL_007553,2026-05-13,74779.28,Completed,NEFT,0.825140569312751
PAY_000465,CLM_004771,POL_023931,2025-03-23,51228.42,Completed,Cheque,0.8016505465725917
PAY_000466,CLM_009763,POL_011760,2025-01-20,424435.59,Completed,Bank Transfer,0.9983012661039612
PAY_000467,CLM_002062,POL_019676,2025-03-06,148906.27,Completed,Bank Transfer,0.962003247028026
PAY_000468,CLM_009316,POL_007332,2024-08-04,336316.42,Completed,Bank Transfer,0.7599572302581258
PAY_000469,CLM_007962,POL_002692,2025-11-23,79570.24,Completed,NEFT,0.8690667559649998
PAY_000470,CLM_001904,POL_001113,2026-09-28,43036.47,Completed,Bank Transfer,0.9502027736539089
PAY_000471,CLM_007130,POL_004642,2024-01-28,80842.8,Completed,Bank Transfer,0.9850730773645504
PAY_000472,CLM_000776,POL_010032,2024-05-27,26754.49,Completed,Bank Transfer,0.8525726963129472
PAY_000473,CLM_007483,POL_010194,2025-03-09,660396.14,Completed,NEFT,0.7712450284535489
PAY_000474,CLM_001933,POL_016022,2026-05-05,378994.26,Completed,Cheque,0.880311991011112
PAY_000475,CLM_000685,POL_004297,2026-05-09,130497.02,Completed,Bank Transfer,0.9020786786796335
PAY_000476,CLM_003850,POL_003738,2024-08-16,545256.35,Completed,NEFT,0.9164544013233229
PAY_000477,CLM_005115,POL_012356,2026-10-08,65883.43,Completed,Bank Transfer,0.9840093365496674
PAY_000478,CLM_004195,POL_007196,2026-05-27,259155.35,Completed,UPI,0.8079884856768875
PAY_000479,CLM_008809,POL_020860,2024-05-18,112994.44,Completed,Bank Transfer,0.8129615762503389
PAY_000480,CLM_001738,POL_022408,2025-04-24,206009.87,Completed,UPI,0.9148915807716412
PAY_000481,CLM_008698,POL_024707,2024-07-27,460743.37,Completed,UPI,0.9675866309629236
PAY_000482,CLM_006024,POL_024651,2026-05-01,216439.23,Completed,Cheque,0.8889679441389022
PAY_000483,CLM_005026,POL_004337,2026-09-03,136672.84,Completed,NEFT,0.7763646055533996
PAY_000484,CLM_000679,POL_003201,2026-05-28,126562.4,Completed,UPI,0.842776376099672
PAY_000485,CLM_003254,POL_024913,2025-05-01,438502.91,Completed,Bank Transfer,0.9793061587094791
PAY_000486,CLM_001770,POL_008526,2026-10-08,56313.87,Completed,UPI,0.9464271008783974
PAY_000487,CLM_001735,POL_005366,2026-10-04,374747.13,Completed,Bank Transfer,0.7884714471314958
PAY_000488,CLM_008940,POL_012912,2026-07-01,101648.01,Completed,Cheque,0.9264334548459888
PAY_000489,CLM_004274,POL_009104,2024-12-03,572920.82,Completed,UPI,0.8015726370367273
PAY_000490,CLM_000350,POL_007467,2025-09-21,48609.97,Completed,NEFT,0.8511306597553624
PAY_000491,CLM_007361,POL_000964,2026-09-23,260419.54,Completed,Bank Transfer,0.7549262051228741
PAY_000492,CLM_004302,POL_015949,2025-09-17,219031.63,Completed,NEFT,0.7569236939647197
PAY_000493,CLM_003655,POL_022328,2026-01-03,81226.62,Completed,UPI,0.9556936438492324
PAY_000494,CLM_002459,POL_012302,2026-10-08,1158898.79,Completed,NEFT,0.9896844946756559
PAY_000495,CLM_008415,POL_022257,2026-07-11,137511.42,Completed,Bank Transfer,0.9557188629544163
PAY_000496,CLM_005053,POL_012499,2026-08-11,172242.49,Completed,Bank Transfer,0.8666014544747237
PAY_000497,CLM_009243,POL_012770,2026-08-29,51523.82,Completed,Bank Transfer,0.9504153147187241
PAY_000498,CLM_008465,POL_019487,2024-09-20,80115.46,Completed,Cheque,0.8808535219865231
PAY_000499,CLM_009575,POL_011465,2024-11-18,183650.24,Completed,Bank Transfer,0.7876900736769118
PAY_000500,CLM_003304,POL_005416,2026-08-29,153987.24,Completed,Bank Transfer,0.8157056478259245
PAY_000501,CLM_006233,POL_022761,2026-02-10,204554.92,Completed,UPI,0.7780622087899783
PAY_000502,CLM_003412,POL_012312,2025-11-10,820412.05,Completed,Cheque,0.9233768100786878
PAY_000503,CLM_007470,POL_010520,2025-03-29,126288.65,Completed,UPI,0.8219511933194028
PAY_000504,CLM_009798,POL_013419,2024-08-02,28380.15,Completed,UPI,0.9352594919438927
PAY_000505,CLM_005715,POL_000418,2026-09-30,218434.38,Completed,Cheque,0.7894830090529039
PAY_000506,CLM_001478,POL_001472,2024-06-16,756232.12,Completed,UPI,0.8556580349162217
PAY_000507,CLM_000322,POL_002783,2026-06-13,52101.34,Completed,Bank Transfer,0.8410593653183803
PAY_000508,CLM_006914,POL_020988,2024-10-24,295811.13,Completed,Bank Transfer,0.8734524300064799
PAY_000509,CLM_009933,POL_016828,2026-02-24,315728.94,Completed,Bank Transfer,0.8783855990238211
PAY_000510,CLM_003392,POL_019150,2026-08-16,76634.55,Completed,UPI,0.8577548952253548
PAY_000511,CLM_000026,POL_018301,2026-02-10,284917.72,Completed,Bank Transfer,0.8182382315711988
PAY_000512,CLM_005031,POL_004461,2024-04-28,127289.67,Completed,Bank Transfer,0.959516500123398
PAY_000513,CLM_007265,POL_003923,2026-05-07,164505.2,Completed,NEFT,0.9109631699541615
PAY_000514,CLM_009624,POL_020899,2025-05-23,205738.73,Completed,Bank Transfer,0.963606465823374
PAY_000515,CLM_007212,POL_014033,2026-03-07,272620.62,Completed,Bank Transfer,0.872640404055083
PAY_000516,CLM_009668,POL_017675,2024-05-14,26963.4,Completed,Bank Transfer,0.980471228652622
PAY_000517,CLM_008532,POL_007562,2026-09-25,43737.47,Completed,UPI,0.809001522653353
PAY_000518,CLM_009452,POL_012176,2026-01-27,299533.31,Completed,UPI,0.9701265662239041
PAY_000519,CLM_001877,POL_018644,2025-03-20,388441.02,Completed,Cheque,0.9939323053634309
PAY_000520,CLM_007867,POL_003804,2025-03-23,129131.81,Completed,UPI,0.851611946326447
PAY_000521,CLM_007075,POL_005563,2025-03-11,257201.16,Completed,UPI,0.8861386863494224
PAY_000522,CLM_007979,POL_016652,2026-08-14,1018766.25,Completed,UPI,0.7865910186257999
PAY_000523,CLM_003348,POL_001880,2025-06-16,263607.74,Completed,UPI,0.8928986024853556
PAY_000524,CLM_006116,POL_011394,2025-12-20,23543.96,Completed,Bank Transfer,0.8933400822159607
PAY_000525,CLM_009634,POL_010610,2025-10-19,366496.61,Completed,Bank Transfer,0.8682036848847727
PAY_000526,CLM_009273,POL_022134,2025-10-21,281199.88,Completed,Bank Transfer,0.8889073638957223
PAY_000527,CLM_007582,POL_012047,2026-08-05,82361.75,Completed,Bank Transfer,0.8175364188556262
PAY_000528,CLM_008431,POL_012627,2025-11-16,450769.05,Completed,Bank Transfer,0.7515458933299757
PAY_000529,CLM_004338,POL_005802,2026-08-07,246664.47,Completed,UPI,0.9462152402338497
PAY_000530,CLM_007793,POL_004988,2025-05-11,400783.08,Completed,Bank Transfer,0.8618936844525622
PAY_000531,CLM_003021,POL_008813,2024-08-13,139951.05,Completed,UPI,0.8353936471281924
PAY_000532,CLM_000133,POL_007371,2024-01-21,494331.44,Completed,Bank Transfer,0.7978820395699142
PAY_000533,CLM_000943,POL_004408,2025-03-30,401379.9,Completed,Bank Transfer,0.9911743529905184
PAY_000534,CLM_005560,POL_023207,2025-11-07,66423.51,Completed,Bank Transfer,0.8447784462392175
PAY_000535,CLM_007220,POL_021442,2025-03-21,385340.92,Completed,Bank Transfer,0.8533908040860433
PAY_000536,CLM_004820,POL_001806,2024-03-14,263744.02,Completed,Bank Transfer,0.7956386489625739
PAY_000537,CLM_000216,POL_012091,2026-01-25,94672.84,Completed,UPI,0.9114341164191947
PAY_000538,CLM_001198,POL_005399,2026-10-08,221686.88,Completed,UPI,0.9399826078085419
PAY_000539,CLM_009611,POL_016161,2026-04-18,108833.64,Completed,Bank Transfer,0.9736803753021793
PAY_000540,CLM_008570,POL_016795,2026-04-29,129439.8,Completed,Bank Transfer,0.9305692469969253
PAY_000541,CLM_006758,POL_022550,2026-06-17,1027259.18,Completed,UPI,0.8981844202484501
PAY_000542,CLM_000614,POL_020435,2026-07-25,110637.11,Completed,UPI,0.9016744901033669
PAY_000543,CLM_002009,POL_003360,2026-10-08,132868.91,Completed,Cheque,0.7672476072759484
PAY_000544,CLM_004714,POL_022217,2026-08-02,26671.34,Completed,UPI,0.9949842925726121
PAY_000545,CLM_004965,POL_019374,2024-01-03,335252.56,Completed,Cheque,0.9672155802771695
PAY_000546,CLM_000650,POL_020392,2024-07-30,37327.11,Completed,Cheque,0.8412757369057452
PAY_000547,CLM_009608,POL_023685,2026-09-23,352449.98,Completed,Bank Transfer,0.914482244487497
PAY_000548,CLM_007199,POL_024142,2026-03-14,106726.88,Completed,Bank Transfer,0.9186867448297721
PAY_000549,CLM_004082,POL_021632,2025-04-11,156059.35,Completed,UPI,0.8423649816526033
PAY_000550,CLM_008628,POL_006692,2025-12-13,154019.32,Completed,Cheque,0.8892386122019758
PAY_000551,CLM_008745,POL_004862,2026-05-23,504543.35,Completed,NEFT,0.8723371861159158
PAY_000552,CLM_003472,POL_016141,2025-01-31,53673.29,Completed,UPI,0.9930740706066242
PAY_000553,CLM_003529,POL_017502,2025-10-18,721925.94,Completed,UPI,0.7567178676555237
PAY_000554,CLM_001602,POL_013761,2024-10-03,87106.15,Completed,Bank Transfer,0.8407969304101921
PAY_000555,CLM_009117,POL_012919,2025-05-15,599952.59,Completed,UPI,0.9805038370637317
PAY_000556,CLM_009621,POL_013627,2026-04-07,381809.61,Completed,UPI,0.9598645674737387
PAY_000557,CLM_008432,POL_019834,2025-10-23,63911.41,Completed,Bank Transfer,0.8533706328142411
PAY_000558,CLM_005208,POL_011731,2026-08-01,141109.46,Completed,UPI,0.7624394243044313
PAY_000559,CLM_003067,POL_001138,2025-06-04,108380.58,Completed,Bank Transfer,0.8739563764404621
PAY_000560,CLM_001558,POL_002714,2025-06-27,834466.38,Completed,NEFT,0.9841268392355725
PAY_000561,CLM_003714,POL_017267,2025-09-13,255505.52,Completed,Bank Transfer,0.9834446539121333
PAY_000562,CLM_004720,POL_001861,2026-08-31,874709.83,Completed,Bank Transfer,0.8067252535497818
PAY_000563,CLM_003218,POL_017377,2026-06-28,179366.72,Completed,UPI,0.7615825871107061
PAY_000564,CLM_000127,POL_022074,2024-07-21,259764.67,Completed,UPI,0.8569410249379343
PAY_000565,CLM_004413,POL_016295,2025-03-07,97979.7,Completed,Bank Transfer,0.9537563983057776
PAY_000566,CLM_006264,POL_005269,2025-07-09,281329.35,Completed,Cheque,0.8487495690322536
PAY_000567,CLM_008212,POL_022265,2024-06-01,361849.08,Completed,Bank Transfer,0.7941851234975822
PAY_000568,CLM_005319,POL_023373,2025-12-06,509449.62,Completed,NEFT,0.9385611464614476
PAY_000569,CLM_001251,POL_008794,2026-09-14,517839.66,Completed,UPI,0.7814098043062402
PAY_000570,CLM_007473,POL_014490,2025-08-28,92146.41,Completed,Bank Transfer,0.7583969916433165
PAY_000571,CLM_003180,POL_012410,2025-01-27,151740.94,Completed,Cheque,0.9185821837809199
PAY_000572,CLM_003463,POL_002958,2024-04-29,122640.23,Completed,UPI,0.8479429677837588
PAY_000573,CLM_000689,POL_009614,2025-07-01,83150.76,Completed,UPI,0.992927175099644
PAY_000574,CLM_002740,POL_023288,2026-10-01,575484.92,Completed,UPI,0.9162127805272666
PAY_000575,CLM_005866,POL_003335,2025-06-03,85376.96,Completed,Bank Transfer,0.9019982751758975
PAY_000576,CLM_006032,POL_001637,2025-09-07,153130.07,Completed,Bank Transfer,0.886760098118602
PAY_000577,CLM_008616,POL_020182,2026-08-22,33246.48,Completed,UPI,0.9695406602789775
PAY_000578,CLM_001501,POL_019225,2024-08-20,79602.9,Completed,UPI,0.8517142478684915
PAY_000579,CLM_005680,POL_016902,2025-09-24,65831.6,Completed,UPI,0.9167146736091878
PAY_000580,CLM_003618,POL_009585,2026-06-08,126042.37,Completed,Cheque,0.8634059752543349
PAY_000581,CLM_009071,POL_022268,2025-12-05,265845.82,Completed,Bank Transfer,0.945831988921513
PAY_000582,CLM_003429,POL_003176,2026-04-20,44562.14,Completed,Bank Transfer,0.8195085906342905
PAY_000583,CLM_009503,POL_009102,2024-11-09,56686.03,Completed,Cheque,0.7711380980734889
PAY_000584,CLM_004973,POL_000819,2026-01-31,71743.82,Completed,NEFT,0.935493991198949
PAY_000585,CLM_003690,POL_015755,2026-05-17,58474.62,Completed,UPI,0.9200072310914276
PAY_000586,CLM_005703,POL_003982,2024-11-18,54520.28,Completed,Bank Transfer,0.8009986868507896
PAY_000587,CLM_000705,POL_016991,2024-12-21,86195.4,Completed,Cheque,0.969919088452452
PAY_000588,CLM_002938,POL_005331,2025-03-08,266009.19,Completed,Bank Transfer,0.94259373699992
PAY_000589,CLM_006469,POL_013432,2025-04-22,147934.53,Completed,UPI,0.8697157698574316
PAY_000590,CLM_009877,POL_008940,2025-09-20,657663.4,Completed,NEFT,0.9580942638325001
PAY_000591,CLM_005423,POL_010096,2025-02-05,124384.39,Completed,Bank Transfer,0.9914350463984472
PAY_000592,CLM_004941,POL_008441,2026-10-08,224034.56,Completed,Cheque,0.9075036707721632
PAY_000593,CLM_000813,POL_019875,2026-08-19,743599.36,Completed,Bank Transfer,0.9928502569696553
PAY_000594,CLM_009784,POL_001450,2024-12-04,117694.53,Completed,Cheque,0.8421478300734305
PAY_000595,CLM_009617,POL_017123,2025-04-13,90298.32,Completed,NEFT,0.9073660502324378
PAY_000596,CLM_001032,POL_015665,2025-01-22,122220.52,Completed,Bank Transfer,0.9481988642764069
PAY_000597,CLM_001100,POL_013015,2026-06-29,358276.47,Completed,Bank Transfer,0.9662510282767405
PAY_000598,CLM_000467,POL_017775,2024-12-13,754004.13,Completed,Bank Transfer,0.9153318433657767
PAY_000599,CLM_001219,POL_018033,2026-04-05,434755.96,Completed,Bank Transfer,0.9772101532709794
PAY_000600,CLM_001626,POL_007335,2025-02-24,272408.16,Completed,Bank Transfer,0.9403953249667582
PAY_000601,CLM_003823,POL_008772,2024-04-11,36922.89,Completed,UPI,0.8599367674544534
PAY_000602,CLM_000036,POL_007163,2024-06-12,95684.08,Completed,Bank Transfer,0.8047792834691438
PAY_000603,CLM_007595,POL_006169,2026-03-04,93616.89,Completed,UPI,0.9573906117788115
PAY_000604,CLM_007609,POL_009524,2026-04-29,151857.83,Completed,UPI,0.9698375942676963
PAY_000605,CLM_003708,POL_005003,2026-04-28,471248.29,Completed,UPI,0.8837316591259937
PAY_000606,CLM_004746,POL_011471,2025-09-11,337754.18,Completed,Bank Transfer,0.8776354364405573
PAY_000607,CLM_008418,POL_013983,2026-07-20,119910.7,Completed,UPI,0.8012720043637697
PAY_000608,CLM_002320,POL_003910,2025-11-09,97578.77,Completed,Bank Transfer,0.8052158476860316
PAY_000609,CLM_009418,POL_006138,2024-12-20,232766.8,Completed,UPI,0.9174283071179298
PAY_000610,CLM_005640,POL_019936,2025-08-22,83242.92,Completed,UPI,0.8861823636307504
PAY_000611,CLM_003650,POL_013196,2024-11-19,166989.63,Completed,Bank Transfer,0.9760096540947258
PAY_000612,CLM_002671,POL_009560,2026-08-11,136052.48,Completed,Bank Transfer,0.7736949644493503
PAY_000613,CLM_009690,POL_000962,2026-04-25,622482.32,Completed,Bank Transfer,0.9771904093972688
PAY_000614,CLM_009169,POL_004700,2026-09-05,375274.05,Completed,Bank Transfer,0.9760453634210173
PAY_000615,CLM_009422,POL_014194,2025-03-10,265035.21,Completed,UPI,0.8255296416253871
PAY_000616,CLM_003863,POL_024087,2025-08-11,82281.26,Completed,Cheque,0.9495369462653176
PAY_000617,CLM_008758,POL_016024,2024-02-09,405685.65,Completed,UPI,0.8342565591912086
PAY_000618,CLM_005830,POL_024416,2024-11-24,274834.92,Completed,Bank Transfer,0.8999402735627997
PAY_000619,CLM_001694,POL_006834,2026-09-10,203958.79,Completed,NEFT,0.9284752521365164
PAY_000620,CLM_006414,POL_001955,2026-10-08,307442.87,Completed,NEFT,0.9939366357731474
PAY_000621,CLM_003038,POL_021887,2024-06-09,48040.46,Completed,Bank Transfer,0.8264357118650191
PAY_000622,CLM_004573,POL_006775,2026-01-23,369681.61,Completed,Cheque,0.7742772065369589
PAY_000623,CLM_002171,POL_002145,2026-03-04,142971.79,Completed,Bank Transfer,0.8142767693055275
PAY_000624,CLM_001075,POL_021127,2024-04-12,357959.15,Completed,Bank Transfer,0.9920490114835572
PAY_000625,CLM_001529,POL_004215,2025-06-08,459302.42,Completed,Cheque,0.8040119582713514
PAY_000626,CLM_005554,POL_012033,2026-08-16,522184.18,Completed,Bank Transfer,0.8746916794300924
PAY_000627,CLM_002695,POL_004657,2024-12-12,713230.44,Completed,Cheque,0.9428551202733422
PAY_000628,CLM_003427,POL_018890,2024-09-24,17058.45,Completed,Bank Transfer,0.795220875652236
PAY_000629,CLM_003322,POL_009782,2025-10-10,22802.31,Completed,UPI,0.775978084242945
PAY_000630,CLM_004071,POL_023737,2026-09-20,68498.23,Completed,Bank Transfer,0.916833920679904
PAY_000631,CLM_006984,POL_005160,2026-05-24,145956.59,Completed,UPI,0.977342153813518
PAY_000632,CLM_004680,POL_005042,2026-05-06,225292.37,Completed,Bank Transfer,0.8492401757055632
PAY_000633,CLM_003075,POL_019229,2024-12-30,646261.12,Completed,UPI,0.9033488442009419
PAY_000634,CLM_007071,POL_021390,2025-04-06,578854.52,Completed,UPI,0.8957569569217386
PAY_000635,CLM_008641,POL_022768,2026-01-08,29913.44,Completed,UPI,0.9371240461058373
PAY_000636,CLM_008824,POL_007478,2025-01-01,213296.54,Completed,NEFT,0.7747827058865878
PAY_000637,CLM_000546,POL_004829,2025-10-23,204410.31,Completed,UPI,0.935491974396272
PAY_000638,CLM_004329,POL_019088,2024-12-03,428743.07,Completed,Cheque,0.7585470705836317
PAY_000639,CLM_007430,POL_004805,2025-03-15,218152.29,Completed,NEFT,0.8360444547935983
PAY_000640,CLM_000276,POL_005709,2026-02-11,411666.82,Completed,UPI,0.9525470690353565
PAY_000641,CLM_008384,POL_008590,2026-04-02,421934.12,Completed,Bank Transfer,0.9791782140323945
PAY_000642,CLM_002293,POL_003709,2024-08-13,302080.08,Completed,NEFT,0.7572254752561202
PAY_000643,CLM_008716,POL_013618,2026-02-13,481707.53,Completed,Cheque,0.9452859130228104
PAY_000644,CLM_006072,POL_013901,2026-10-06,81075.18,Completed,Bank Transfer,0.8851679588143152
PAY_000645,CLM_002554,POL_010369,2025-11-19,273938.25,Completed,UPI,0.841224430647506
PAY_000646,CLM_002980,POL_017541,2025-04-26,417557.23,Completed,NEFT,0.7815025708752819
PAY_000647,CLM_002697,POL_024890,2026-10-08,228352.31,Completed,Bank Transfer,0.798437972521634
PAY_000648,CLM_004907,POL_001643,2025-09-30,56382.32,Completed,NEFT,0.8569985461415753
PAY_000649,CLM_008380,POL_009068,2026-10-06,53134.91,Completed,Bank Transfer,0.9647064099389168
PAY_000650,CLM_009468,POL_021849,2026-10-08,231708.95,Completed,Bank Transfer,0.9380515571600911
PAY_000651,CLM_003858,POL_003724,2024-12-11,956304.94,Completed,Bank Transfer,0.9295187111499902
PAY_000652,CLM_008556,POL_006814,2024-10-26,161699.31,Completed,NEFT,0.921579832806353
PAY_000653,CLM_004046,POL_013056,2025-08-28,179899.29,Completed,Bank Transfer,0.8708022109460125
PAY_000654,CLM_001092,POL_008006,2026-03-01,409584.23,Completed,Bank Transfer,0.8622875635114189
PAY_000655,CLM_009589,POL_024479,2026-09-03,1180879.05,Completed,Bank Transfer,0.8886192582553152
PAY_000656,CLM_002674,POL_002558,2025-11-12,210981.36,Completed,Cheque,0.8340667377965749
PAY_000657,CLM_005592,POL_002012,2025-11-18,160425.56,Completed,Bank Transfer,0.8488817447434072
PAY_000658,CLM_008286,POL_000443,2025-11-01,295241.33,Completed,NEFT,0.7593626310598082
PAY_000659,CLM_003578,POL_023379,2025-06-03,676042.69,Completed,UPI,0.9360800572623275
PAY_000660,CLM_001555,POL_012691,2024-03-24,517006.53,Completed,Bank Transfer,0.9007048196228105
PAY_000661,CLM_009595,POL_022635,2025-10-11,181969.6,Completed,Bank Transfer,0.8704562842661895
PAY_000662,CLM_004260,POL_015959,2025-05-17,716469.59,Completed,UPI,0.7781113958104856
PAY_000663,CLM_008498,POL_014737,2025-06-16,334339.42,Completed,UPI,0.9868565497588611
PAY_000664,CLM_002743,POL_000731,2026-02-21,46030.74,Completed,UPI,0.7737042930569266
PAY_000665,CLM_004148,POL_010185,2026-10-08,198393.51,Completed,Bank Transfer,0.8976563209447129
PAY_000666,CLM_004963,POL_012905,2026-04-25,428179.76,Completed,Bank Transfer,0.940708381622347
PAY_000667,CLM_003237,POL_014419,2025-01-13,35941.94,Completed,Cheque,0.7583711724789846
PAY_000668,CLM_004283,POL_014489,2025-08-23,183902.07,Completed,Bank Transfer,0.8438449271839772
PAY_000669,CLM_005509,POL_022028,2025-07-10,151687.14,Completed,Cheque,0.8920697567124827
PAY_000670,CLM_000792,POL_012418,2025-12-26,187993.96,Completed,NEFT,0.9464862156216225
PAY_000671,CLM_007417,POL_013616,2024-11-09,505430.57,Completed,NEFT,0.8879751161342875
PAY_000672,CLM_002438,POL_024077,2025-02-20,80254.06,Completed,UPI,0.7534345253457103
PAY_000673,CLM_001451,POL_014402,2026-08-11,193914.73,Completed,UPI,0.8549735509618781
PAY_000674,CLM_001716,POL_001782,2026-03-31,582302.97,Completed,Bank Transfer,0.7530842347385341
PAY_000675,CLM_006398,POL_015782,2025-10-16,440794.01,Completed,UPI,0.9220288122440398
PAY_000676,CLM_003093,POL_022441,2026-05-02,67432.37,Completed,Bank Transfer,0.8552543915065557
PAY_000677,CLM_002231,POL_013682,2025-06-22,104654.22,Completed,UPI,0.9859549712313427
PAY_000678,CLM_004003,POL_021525,2025-07-02,116956.1,Completed,Cheque,0.8037479157419237
PAY_000679,CLM_007063,POL_006690,2025-05-08,151719.43,Completed,UPI,0.9932014021919773
PAY_000680,CLM_002334,POL_023894,2025-11-12,58754.4,Completed,UPI,0.7528635824935103
PAY_000681,CLM_007893,POL_001023,2024-10-13,53898.02,Completed,NEFT,0.806320166643628
PAY_000682,CLM_005413,POL_019827,2026-09-18,769705.95,Completed,Bank Transfer,0.806643469287531
PAY_000683,CLM_003661,POL_015152,2025-04-17,105394.78,Completed,Bank Transfer,0.8284602288345636
PAY_000684,CLM_004040,POL_022000,2026-10-08,93575.38,Completed,Bank Transfer,0.759114159759966
PAY_000685,CLM_002058,POL_013480,2025-03-15,320389.87,Completed,NEFT,0.812972275956889
PAY_000686,CLM_003333,POL_009680,2025-03-08,149850.51,Completed,UPI,0.959336928545871
PAY_000687,CLM_009988,POL_000275,2024-06-10,245197.12,Completed,NEFT,0.9917048496392773
PAY_000688,CLM_000752,POL_023233,2026-04-11,187337.47,Completed,UPI,0.8549164704205129
PAY_000689,CLM_000895,POL_003121,2025-09-26,468884.98,Completed,Cheque,0.8184214718642767
PAY_000690,CLM_005078,POL_011152,2026-07-17,462665.9,Completed,Bank Transfer,0.9658518342976281
PAY_000691,CLM_003033,POL_023479,2025-09-17,324462.5,Completed,Bank Transfer,0.806046018995322
PAY_000692,CLM_009895,POL_024830,2026-10-08,203121.93,Completed,UPI,0.9719574377412674
PAY_000693,CLM_006983,POL_020355,2026-05-25,452550.74,Completed,Bank Transfer,0.8604826167299184
PAY_000694,CLM_000713,POL_001361,2026-01-08,633930.31,Completed,UPI,0.7660389608435775
PAY_000695,CLM_009767,POL_009367,2025-02-22,338538.79,Completed,UPI,0.9939649312980282
PAY_000696,CLM_002789,POL_002026,2026-07-05,88188.39,Completed,UPI,0.7738895482636748
PAY_000697,CLM_000453,POL_024841,2024-05-29,159750.88,Completed,UPI,0.8897948253048568
PAY_000698,CLM_003953,POL_021821,2026-02-21,56949.83,Completed,UPI,0.9473266511811427
PAY_000699,CLM_008954,POL_003950,2023-12-04,103083.98,Completed,Cheque,0.9487749421166547
PAY_000700,CLM_008421,POL_020620,2026-08-12,61920.06,Completed,Bank Transfer,0.7986536919962517
PAY_000701,CLM_002255,POL_020548,2025-08-29,250019.72,Completed,Cheque,0.9131634695926304
PAY_000702,CLM_005570,POL_018918,2025-05-11,572073.36,Completed,Bank Transfer,0.8181503340943252
PAY_000703,CLM_003190,POL_009185,2026-10-07,121532.73,Completed,Bank Transfer,0.8480721254730567
PAY_000704,CLM_009986,POL_007545,2025-09-17,26060.13,Completed,Bank Transfer,0.9533968342700185
PAY_000705,CLM_000454,POL_024538,2025-02-18,35519.48,Completed,Cheque,0.7988871195559275
PAY_000706,CLM_008450,POL_013189,2026-10-06,274004.49,Completed,Bank Transfer,0.7979453941715761
PAY_000707,CLM_000860,POL_020050,2026-08-26,643898.19,Completed,UPI,0.9837290092279509
PAY_000708,CLM_009342,POL_017755,2026-08-07,387467.9,Completed,Bank Transfer,0.8320811889898401
PAY_000709,CLM_002227,POL_000148,2026-01-11,652084.8,Completed,UPI,0.7742036501780717
PAY_000710,CLM_005461,POL_018113,2026-09-27,306995.67,Completed,Bank Transfer,0.8658816685216634
PAY_000711,CLM_001026,POL_002387,2025-03-30,173246.2,Completed,Bank Transfer,0.7561578899288428
PAY_000712,CLM_001921,POL_009044,2024-10-28,209282.14,Completed,Bank Transfer,0.8288736744563018
PAY_000713,CLM_002234,POL_024997,2025-04-09,374989.82,Completed,Cheque,0.807343737714586
PAY_000714,CLM_008623,POL_007789,2025-07-29,29231.71,Completed,Cheque,0.9010277526821961
PAY_000715,CLM_001990,POL_001800,2024-01-27,692279.31,Completed,UPI,0.7652195052378095
PAY_000716,CLM_009544,POL_010716,2024-08-01,345134.63,Completed,UPI,0.8014613835620624
PAY_000717,CLM_007779,POL_002671,2026-08-25,69144.87,Completed,UPI,0.9358356217779624
PAY_000718,CLM_008194,POL_019563,2025-05-06,87445.31,Completed,UPI,0.9345054480475269
PAY_000719,CLM_009245,POL_012723,2026-05-15,85388.83,Completed,UPI,0.8080414808511701
PAY_000720,CLM_003226,POL_020027,2025-09-22,515690.29,Completed,Bank Transfer,0.7504640646024203
PAY_000721,CLM_004813,POL_018952,2025-01-13,569321.75,Completed,NEFT,0.9844148682084323
PAY_000722,CLM_002705,POL_003704,2025-06-10,138676.1,Completed,Bank Transfer,0.9660025525809809
PAY_000723,CLM_000120,POL_023145,2026-10-03,146867.28,Completed,Bank Transfer,0.93345772887378
PAY_000724,CLM_009417,POL_023043,2025-02-11,81209.25,Completed,Bank Transfer,0.8611246809986594
PAY_000725,CLM_007626,POL_018921,2024-10-23,133003.06,Completed,UPI,0.9480305866121488
PAY_000726,CLM_008676,POL_016304,2025-08-29,43596.81,Completed,Bank Transfer,0.8315769435670813
PAY_000727,CLM_004765,POL_011091,2026-07-06,80727.72,Completed,Bank Transfer,0.9283264158240139
PAY_000728,CLM_005569,POL_010206,2025-03-19,296425.7,Completed,Bank Transfer,0.7518984487351307
PAY_000729,CLM_004117,POL_000539,2024-12-22,154833.49,Completed,Bank Transfer,0.9276634163330626
PAY_000730,CLM_006086,POL_003213,2026-05-12,509405.52,Completed,NEFT,0.9543061295463839
PAY_000731,CLM_006982,POL_023476,2024-10-02,100593.41,Completed,Bank Transfer,0.8000774519347434
PAY_000732,CLM_002043,POL_017696,2026-06-11,122311.6,Completed,Bank Transfer,0.7970028237810125
PAY_000733,CLM_000275,POL_018381,2026-09-24,131093.12,Completed,Bank Transfer,0.8971998026467483
PAY_000734,CLM_002802,POL_016829,2024-08-18,287802.39,Completed,NEFT,0.8031572076481811
PAY_000735,CLM_003819,POL_000376,2025-12-20,293659.02,Completed,Bank Transfer,0.8823258627230861
PAY_000736,CLM_005884,POL_022372,2025-10-22,135263.57,Completed,Cheque,0.7590081866462189
PAY_000737,CLM_000100,POL_011196,2026-03-02,129153.11,Completed,Bank Transfer,0.8204611280722639
PAY_000738,CLM_008055,POL_008999,2026-02-19,516805.11,Completed,UPI,0.950459498853115
PAY_000739,CLM_001672,POL_017224,2025-06-02,153146.62,Completed,Bank Transfer,0.9942439696782331
PAY_000740,CLM_006005,POL_017985,2025-01-25,344489.49,Completed,Bank Transfer,0.9893846841852357
PAY_000741,CLM_004334,POL_000491,2024-09-03,157395.07,Completed,Bank Transfer,0.8416390487405553
PAY_000742,CLM_007945,POL_011973,2025-01-25,110879.67,Completed,Bank Transfer,0.9674654737349095
PAY_000743,CLM_003104,POL_020469,2026-06-08,328834.73,Completed,Bank Transfer,0.7704566380645325
PAY_000744,CLM_004756,POL_023703,2025-06-18,104804.06,Completed,UPI,0.758191935653412
PAY_000745,CLM_003596,POL_011596,2025-03-12,109226.64,Completed,Bank Transfer,0.7985544717830654
PAY_000746,CLM_009739,POL_020055,2025-10-17,46277.77,Completed,Cheque,0.9826430294382442
PAY_000747,CLM_002001,POL_006253,2025-11-11,44876.77,Completed,Cheque,0.9250043285403338
PAY_000748,CLM_007349,POL_011064,2025-08-03,44683.09,Completed,UPI,0.8055740499057193
PAY_000749,CLM_008583,POL_022708,2026-10-03,126249.86,Completed,Cheque,0.8335696051860036
PAY_000750,CLM_008251,POL_005882,2026-02-06,405770.05,Completed,UPI,0.7906294531598821
PAY_000751,CLM_001527,POL_006698,2026-02-24,321509.91,Completed,Bank Transfer,0.7937310804968855
PAY_000752,CLM_006608,POL_013708,2025-06-15,187423.86,Completed,Bank Transfer,0.7668475498207425
PAY_000753,CLM_006719,POL_016607,2026-10-08,25697.79,Completed,Bank Transfer,0.7566588020383844
PAY_000754,CLM_007492,POL_024384,2025-04-19,64101.16,Completed,Cheque,0.8711316542857679
PAY_000755,CLM_009442,POL_022634,2025-08-04,907085.84,Completed,Bank Transfer,0.9093469220281537
PAY_000756,CLM_009204,POL_016584,2025-11-13,24040.48,Completed,Bank Transfer,0.8065897469190665
PAY_000757,CLM_003841,POL_016832,2024-12-26,256566.66,Completed,Bank Transfer,0.9473938998810545
PAY_000758,CLM_009116,POL_023114,2024-09-18,620813.76,Completed,UPI,0.8424796051648338
PAY_000759,CLM_008057,POL_023953,2026-02-26,101280.54,Completed,Cheque,0.7632794888044271
PAY_000760,CLM_005462,POL_024657,2026-09-06,235976.15,Completed,Bank Transfer,0.9392324071751553
PAY_000761,CLM_004879,POL_016634,2025-10-16,484003.49,Completed,Bank Transfer,0.7855017067903941
PAY_000762,CLM_004898,POL_010393,2025-12-27,483186.81,Completed,UPI,0.7525321091727135
PAY_000763,CLM_007428,POL_007182,2026-06-27,455430.61,Completed,UPI,0.8504433118660313
PAY_000764,CLM_003419,POL_003439,2024-10-18,73225.26,Completed,Bank Transfer,0.880327147521748
PAY_000765,CLM_008453,POL_009216,2026-10-05,164308.57,Completed,Bank Transfer,0.9939631532940326
PAY_000766,CLM_007833,POL_014385,2025-03-09,427054.65,Completed,Bank Transfer,0.9410082915798733
PAY_000767,CLM_003659,POL_002787,2024-10-29,68086.31,Completed,Bank Transfer,0.97374897081498
PAY_000768,CLM_005516,POL_001224,2024-08-14,635953.0,Completed,UPI,0.8567324458141681
PAY_000769,CLM_008634,POL_021698,2026-10-08,98854.45,Completed,Bank Transfer,0.8146539973688313
PAY_000770,CLM_009958,POL_008775,2026-01-05,50255.96,Completed,Bank Transfer,0.9949799562537914
PAY_000771,CLM_000292,POL_021699,2026-03-21,372789.01,Completed,Bank Transfer,0.9336938596573178
PAY_000772,CLM_002077,POL_014861,2025-10-13,46282.2,Completed,Bank Transfer,0.9946801754491159
PAY_000773,CLM_003917,POL_005861,2024-10-12,92020.97,Completed,UPI,0.9350273590673479
PAY_000774,CLM_009263,POL_001600,2026-05-19,251452.31,Completed,Cheque,0.7637915350926712
PAY_000775,CLM_000908,POL_017129,2026-07-07,395867.03,Completed,Bank Transfer,0.9548055938081768
PAY_000776,CLM_008005,POL_004855,2024-05-29,207746.04,Completed,Bank Transfer,0.9440227249572921
PAY_000777,CLM_007745,POL_007660,2025-07-14,114124.44,Completed,Cheque,0.9040686019731409
PAY_000778,CLM_009406,POL_013598,2025-02-22,186565.39,Completed,Bank Transfer,0.875575395183733
PAY_000779,CLM_004537,POL_000392,2024-02-26,323996.28,Completed,Cheque,0.9883510509495327
PAY_000780,CLM_003996,POL_019839,2026-06-11,326053.6,Completed,UPI,0.9301622866363073
PAY_000781,CLM_000691,POL_018176,2024-09-10,424096.85,Completed,Bank Transfer,0.8478469306053823
PAY_000782,CLM_004692,POL_023716,2026-09-13,16730.88,Completed,UPI,0.7818639534813081
PAY_000783,CLM_005808,POL_005309,2024-05-13,109726.46,Completed,Cheque,0.7625138515425959
PAY_000784,CLM_005812,POL_020972,2025-06-30,362673.18,Completed,Bank Transfer,0.8751751988039788
PAY_000785,CLM_006742,POL_013561,2026-06-15,213482.53,Completed,NEFT,0.784223849835182
PAY_000786,CLM_007232,POL_002915,2024-11-22,259952.83,Completed,Bank Transfer,0.7673108022400212
PAY_000787,CLM_004723,POL_012144,2025-11-30,120698.56,Completed,UPI,0.926849222562344
PAY_000788,CLM_004633,POL_007645,2025-11-22,215793.69,Completed,NEFT,0.8263857521415908
PAY_000789,CLM_004388,POL_003224,2026-05-14,24365.19,Completed,NEFT,0.9992343295934277
PAY_000790,CLM_000403,POL_001382,2024-12-18,226746.61,Completed,UPI,0.9140816883177928
PAY_000791,CLM_000797,POL_007082,2026-06-13,29526.92,Completed,Bank Transfer,0.8994941226717488
PAY_000792,CLM_002779,POL_006974,2025-02-25,187352.95,Completed,UPI,0.8282331229767791
PAY_000793,CLM_002470,POL_013929,2025-04-15,81153.67,Completed,Bank Transfer,0.9872090738840572
PAY_000794,CLM_003004,POL_009974,2025-08-11,1060477.86,Completed,Cheque,0.7907472866250846
PAY_000795,CLM_006282,POL_001595,2026-08-26,197011.19,Completed,Bank Transfer,0.9548869647689989
PAY_000796,CLM_006870,POL_023178,2024-10-28,43668.92,Completed,Bank Transfer,0.7852673229724154
PAY_000797,CLM_005605,POL_018909,2026-04-14,110040.18,Completed,UPI,0.7672294284854305
PAY_000798,CLM_002133,POL_002525,2026-09-18,35455.3,Completed,Bank Transfer,0.8454153623702619
PAY_000799,CLM_004690,POL_015183,2026-09-28,255285.19,Completed,UPI,0.9316615613298241
PAY_000800,CLM_006489,POL_006254,2026-07-18,314304.06,Completed,Bank Transfer,0.8257091779502717
PAY_000801,CLM_000580,POL_018937,2026-10-08,104098.41,Completed,Cheque,0.9896584342813031
PAY_000802,CLM_002072,POL_009027,2024-03-22,108267.13,Completed,Bank Transfer,0.7710092413180472
PAY_000803,CLM_001081,POL_001579,2024-10-06,180801.81,Completed,Bank Transfer,0.9529991130028469
PAY_000804,CLM_001441,POL_004214,2026-05-29,885447.98,Completed,UPI,0.9163940480006113
PAY_000805,CLM_000059,POL_019647,2026-08-16,124664.94,Completed,UPI,0.82668877448743
PAY_000806,CLM_006272,POL_017455,2025-03-10,114237.35,Completed,Bank Transfer,0.8511277853773094
PAY_000807,CLM_008910,POL_012848,2025-07-21,169426.07,Completed,Bank Transfer,0.8590604227620445
PAY_000808,CLM_001988,POL_023654,2026-10-05,176400.75,Completed,Bank Transfer,0.8198732622618404
PAY_000809,CLM_009337,POL_013308,2026-06-25,507162.8,Completed,Bank Transfer,0.9594272858357527
PAY_000810,CLM_007159,POL_017992,2026-06-29,68791.84,Completed,UPI,0.8118688534650731
PAY_000811,CLM_008137,POL_010101,2025-09-04,53242.36,Completed,Bank Transfer,0.8575183096363939
PAY_000812,CLM_008113,POL_015064,2025-11-29,185457.83,Completed,UPI,0.9462794165286936
PAY_000813,CLM_001066,POL_003587,2025-05-03,81108.37,Completed,Bank Transfer,0.917310348126895
PAY_000814,CLM_002624,POL_003431,2026-08-01,630347.54,Completed,Bank Transfer,0.8892850781726747
PAY_000815,CLM_005700,POL_023977,2026-06-05,310405.44,Completed,NEFT,0.8379757926426368
PAY_000816,CLM_004631,POL_007581,2026-10-02,124064.63,Completed,Bank Transfer,0.7771984888106639
PAY_000817,CLM_001337,POL_005679,2026-02-13,49131.56,Completed,NEFT,0.8614983317657472
PAY_000818,CLM_009106,POL_017551,2025-05-03,55162.0,Completed,NEFT,0.8593946690796148
PAY_000819,CLM_003574,POL_011742,2025-05-05,430476.29,Completed,UPI,0.8248988734211778
PAY_000820,CLM_009928,POL_021010,2026-04-23,69979.86,Completed,Bank Transfer,0.8053435421975312
PAY_000821,CLM_005694,POL_008177,2026-06-05,475122.66,Completed,UPI,0.8879594239651528
PAY_000822,CLM_006513,POL_008901,2025-05-26,238968.47,Completed,UPI,0.8270356239820755
PAY_000823,CLM_009524,POL_004186,2025-05-30,339463.99,Completed,Bank Transfer,0.9756999363327777
PAY_000824,CLM_004119,POL_011499,2026-02-06,253552.2,Completed,Bank Transfer,0.7773890917144992
PAY_000825,CLM_009553,POL_019731,2024-07-16,126524.76,Completed,Cheque,0.8808038487703042
PAY_000826,CLM_002201,POL_010423,2024-11-19,59103.09,Completed,Cheque,0.786896737385147
PAY_000827,CLM_005667,POL_013966,2024-06-18,58770.21,Completed,Bank Transfer,0.8212742099997778
PAY_000828,CLM_003744,POL_020712,2024-06-11,185574.95,Completed,Bank Transfer,0.9431720576022509
PAY_000829,CLM_006206,POL_003790,2026-02-01,141660.74,Completed,NEFT,0.853567639218137
PAY_000830,CLM_002890,POL_017142,2026-10-08,206941.79,Completed,Bank Transfer,0.7621746813093986
PAY_000831,CLM_004432,POL_009148,2025-05-06,124160.08,Completed,UPI,0.988849880563163
PAY_000832,CLM_004381,POL_012825,2025-04-13,52812.65,Completed,NEFT,0.9869062555243235
PAY_000833,CLM_002395,POL_022766,2026-07-05,1180689.64,Completed,Bank Transfer,0.8548475152093528
PAY_000834,CLM_004012,POL_018810,2025-01-11,436844.8,Completed,UPI,0.9404916699670922
PAY_000835,CLM_001206,POL_016458,2026-10-08,196952.46,Completed,Bank Transfer,0.8920258639430936
PAY_000836,CLM_007577,POL_000456,2026-03-18,198758.44,Completed,UPI,0.9894634951016295
PAY_000837,CLM_006164,POL_020901,2024-07-18,62549.62,Completed,Bank Transfer,0.819481157190411
PAY_000838,CLM_000794,POL_000488,2026-04-20,465657.52,Completed,NEFT,0.7811926801892938
PAY_000839,CLM_005589,POL_012099,2026-06-06,37949.48,Completed,Bank Transfer,0.8819274666884809
PAY_000840,CLM_003773,POL_018382,2025-05-18,313063.47,Completed,Bank Transfer,0.8264683358241594
PAY_000841,CLM_009891,POL_001033,2025-11-13,557106.72,Completed,UPI,0.8811926943980405
PAY_000842,CLM_000417,POL_017151,2025-06-03,348190.33,Completed,UPI,0.9341291859278035
PAY_000843,CLM_002944,POL_021953,2025-10-29,37438.41,Completed,UPI,0.8443922440722006
PAY_000844,CLM_008491,POL_004793,2026-10-08,34335.66,Completed,NEFT,0.8035567849921367
PAY_000845,CLM_008551,POL_014838,2026-05-21,232700.93,Completed,Bank Transfer,0.7788059663728524
PAY_000846,CLM_008019,POL_000223,2026-05-15,135416.83,Completed,UPI,0.9830763459920261
PAY_000847,CLM_007818,POL_015147,2025-09-11,125425.29,Completed,Bank Transfer,0.8888172765978796
PAY_000848,CLM_005068,POL_008923,2026-06-09,120355.53,Completed,Cheque,0.8651555163296262
PAY_000849,CLM_004559,POL_021671,2025-08-30,195976.02,Completed,UPI,0.7603730287827095
PAY_000850,CLM_002394,POL_016433,2024-08-08,700667.62,Completed,Bank Transfer,0.8922726067049509
PAY_000851,CLM_000141,POL_013838,2025-10-27,577422.53,Completed,UPI,0.8698075969984043
PAY_000852,CLM_004854,POL_011706,2025-06-16,63243.3,Completed,Cheque,0.867992431676612
PAY_000853,CLM_002167,POL_002620,2024-12-03,288961.29,Completed,Bank Transfer,0.9046003965310158
PAY_000854,CLM_006668,POL_010525,2026-09-04,97233.63,Completed,Bank Transfer,0.9778384011153961
PAY_000855,CLM_007007,POL_015760,2026-05-15,438101.24,Completed,NEFT,0.822770512318836
PAY_000856,CLM_009852,POL_014758,2024-08-28,764755.58,Completed,Bank Transfer,0.7878386781474863
PAY_000857,CLM_004238,POL_015978,2025-04-06,201178.61,Completed,UPI,0.8623122042666189
PAY_000858,CLM_005872,POL_014437,2025-12-06,262436.51,Completed,Bank Transfer,0.9041139038816713
PAY_000859,CLM_002155,POL_009569,2025-05-14,778852.97,Completed,Cheque,0.8263998261495251
PAY_000860,CLM_009399,POL_018844,2024-12-26,587938.65,Completed,UPI,0.8900681824010254
PAY_000861,CLM_001150,POL_018142,2026-04-08,146982.48,Completed,UPI,0.9934727817180841
PAY_000862,CLM_008881,POL_003612,2026-10-08,77493.68,Completed,Bank Transfer,0.7565409027176969
PAY_000863,CLM_004398,POL_014073,2026-09-05,613846.62,Completed,Cheque,0.7592098124014814
PAY_000864,CLM_006104,POL_021752,2026-08-31,368132.25,Completed,Cheque,0.7817752988547326
PAY_000865,CLM_008594,POL_000975,2025-10-01,391995.02,Completed,Bank Transfer,0.9145692783597421
PAY_000866,CLM_006200,POL_016152,2024-02-24,238109.1,Completed,Bank Transfer,0.796904354080826
PAY_000867,CLM_005889,POL_010724,2026-08-22,259016.53,Completed,Bank Transfer,0.8219035632925628
PAY_000868,CLM_000489,POL_011512,2024-02-28,162834.78,Completed,UPI,0.827648135798012
PAY_000869,CLM_007834,POL_004244,2026-10-08,386795.55,Completed,NEFT,0.8002482825756366
PAY_000870,CLM_005493,POL_005597,2026-02-25,152350.31,Completed,Bank Transfer,0.7736602704448768
PAY_000871,CLM_003174,POL_000971,2025-08-10,21744.66,Completed,Bank Transfer,0.7805297060000682
PAY_000872,CLM_006280,POL_010925,2026-03-28,51090.03,Completed,Bank Transfer,0.966793711624661
PAY_000873,CLM_000999,POL_003280,2026-07-22,52445.05,Completed,Bank Transfer,0.9922572037198873
PAY_000874,CLM_001757,POL_011789,2025-02-05,118452.02,Completed,Cheque,0.9916994206548085
PAY_000875,CLM_007460,POL_007410,2024-12-20,152823.26,Completed,Bank Transfer,0.9160605083362006
PAY_000876,CLM_007805,POL_003131,2024-04-08,313440.22,Completed,Cheque,0.8044748832640877
PAY_000877,CLM_000119,POL_013710,2026-06-16,353078.16,Completed,UPI,0.7589719809807182
PAY_000878,CLM_000673,POL_016309,2025-06-27,347819.05,Completed,Cheque,0.8327861739399658
PAY_000879,CLM_001407,POL_023251,2026-10-08,90150.12,Completed,Bank Transfer,0.7559136010770433
PAY_000880,CLM_005933,POL_012677,2024-12-11,385205.67,Completed,UPI,0.8802979467604004
PAY_000881,CLM_002567,POL_016948,2026-07-30,466213.46,Completed,Bank Transfer,0.8019750033913515
PAY_000882,CLM_001707,POL_005902,2025-02-03,132363.55,Completed,Bank Transfer,0.8342377599564765
PAY_000883,CLM_004469,POL_023994,2025-02-27,26994.74,Completed,UPI,0.9492148463624978
PAY_000884,CLM_002408,POL_019846,2024-11-08,86467.46,Completed,Bank Transfer,0.8285355369493436
PAY_000885,CLM_001855,POL_016952,2026-03-28,23143.83,Completed,Cheque,0.7853182014370914
PAY_000886,CLM_009364,POL_015054,2025-01-10,244808.61,Completed,UPI,0.8936213014304227
PAY_000887,CLM_002300,POL_003889,2024-12-13,141383.37,Completed,UPI,0.9969881633571791
PAY_000888,CLM_001768,POL_024112,2026-04-26,63785.06,Completed,Bank Transfer,0.919892223373879
PAY_000889,CLM_000218,POL_012774,2026-03-24,631865.9,Completed,UPI,0.9183018379061392
PAY_000890,CLM_000499,POL_003742,2024-12-05,320067.86,Completed,Bank Transfer,0.9475984921930589
PAY_000891,CLM_003088,POL_014865,2025-11-15,255846.11,Completed,Cheque,0.78067930170905
PAY_000892,CLM_001345,POL_000754,2025-12-19,156426.48,Completed,Bank Transfer,0.8037447755157072
PAY_000893,CLM_004029,POL_020484,2026-09-07,285513.27,Completed,UPI,0.8871274315638631
PAY_000894,CLM_007913,POL_015794,2024-08-18,67429.59,Completed,Bank Transfer,0.8033614620767121
PAY_000895,CLM_003176,POL_011864,2026-04-25,341721.1,Completed,UPI,0.7724069338194818
PAY_000896,CLM_005533,POL_024291,2025-04-18,334865.51,Completed,Bank Transfer,0.9867270511133941
PAY_000897,CLM_004058,POL_010591,2026-02-24,159196.81,Completed,Bank Transfer,0.928782213184176
PAY_000898,CLM_004550,POL_002675,2026-09-11,914026.49,Completed,Cheque,0.9643667832581155
PAY_000899,CLM_001743,POL_021871,2025-11-01,216780.66,Completed,Bank Transfer,0.7659582181275449
PAY_000900,CLM_001077,POL_009496,2025-09-20,837052.84,Completed,UPI,0.7650449082716506
PAY_000901,CLM_008305,POL_004410,2026-08-30,101460.37,Completed,Bank Transfer,0.878342478732996
PAY_000902,CLM_000116,POL_015467,2024-09-15,27211.72,Completed,Cheque,0.7813976514181715
PAY_000903,CLM_009726,POL_022297,2026-03-03,189924.66,Completed,Bank Transfer,0.7516343847513779
PAY_000904,CLM_001354,POL_008453,2025-12-07,226537.59,Completed,Bank Transfer,0.8752304970731585
PAY_000905,CLM_006324,POL_020049,2026-05-18,45649.93,Completed,Bank Transfer,0.8956579456459381
PAY_000906,CLM_008919,POL_008874,2026-09-02,349810.88,Completed,UPI,0.8427969280838788
PAY_000907,CLM_004955,POL_010368,2025-12-24,324289.24,Completed,Bank Transfer,0.8327177146324731
PAY_000908,CLM_009114,POL_016505,2025-03-14,329784.09,Completed,Bank Transfer,0.9310525698544739
PAY_000909,CLM_002140,POL_020127,2026-01-12,311391.82,Completed,Cheque,0.8320990785075641
PAY_000910,CLM_007557,POL_018282,2024-10-06,408885.72,Completed,Cheque,0.8285653765878073
PAY_000911,CLM_003285,POL_003018,2026-05-28,128490.67,Completed,Cheque,0.8212839985130165
PAY_000912,CLM_007547,POL_024072,2026-10-05,252645.5,Completed,Bank Transfer,0.8728645402388738
PAY_000913,CLM_006195,POL_014942,2026-08-16,501268.92,Completed,Bank Transfer,0.9123675679067977
PAY_000914,CLM_007209,POL_020610,2025-03-04,223543.46,Completed,Cheque,0.9076387700706505
PAY_000915,CLM_005692,POL_006703,2026-01-22,62126.27,Completed,Cheque,0.8134326706900374
PAY_000916,CLM_003940,POL_022639,2026-07-13,998118.67,Completed,UPI,0.9070790053216397
PAY_000917,CLM_006326,POL_010566,2026-04-17,77691.31,Completed,Cheque,0.9475490615775761
PAY_000918,CLM_001887,POL_024380,2024-07-17,122604.62,Completed,UPI,0.9856780586443481
PAY_000919,CLM_007302,POL_015530,2024-07-25,25809.16,Completed,Bank Transfer,0.9316720321074523
PAY_000920,CLM_000232,POL_020745,2025-08-09,127534.16,Completed,Bank Transfer,0.8243680229070265
PAY_000921,CLM_002744,POL_009256,2026-02-24,122027.61,Completed,Bank Transfer,0.8646796289663075
PAY_000922,CLM_008260,POL_017060,2024-09-25,36633.87,Completed,Bank Transfer,0.8471422433508788
PAY_000923,CLM_002141,POL_020829,2026-09-12,119739.07,Completed,UPI,0.9131064972294698
PAY_000924,CLM_007083,POL_001295,2023-12-21,229844.55,Completed,Cheque,0.9542987788713365
PAY_000925,CLM_006534,POL_010225,2026-03-16,111945.53,Completed,NEFT,0.9471950062596056
PAY_000926,CLM_007596,POL_006172,2025-08-15,125545.31,Completed,Bank Transfer,0.7575012470124948
PAY_000927,CLM_003146,POL_024660,2026-10-08,428705.04,Completed,UPI,0.819194164333462
PAY_000928,CLM_005011,POL_007886,2025-11-18,220669.82,Completed,Bank Transfer,0.9585188228977898
PAY_000929,CLM_002263,POL_012027,2026-03-07,244965.28,Completed,UPI,0.9727909918064696
PAY_000930,CLM_002093,POL_016794,2026-09-30,654161.63,Completed,Bank Transfer,0.9373232144059468
PAY_000931,CLM_001563,POL_014034,2024-07-07,266749.53,Completed,UPI,0.9143490462594249
PAY_000932,CLM_006510,POL_015021,2024-01-26,691596.96,Completed,UPI,0.7530516692842114
PAY_000933,CLM_008048,POL_003994,2025-11-17,213284.75,Completed,UPI,0.9795293128457302
PAY_000934,CLM_003591,POL_020451,2024-11-26,643830.71,Completed,Bank Transfer,0.7622307215141636
PAY_000935,CLM_001879,POL_011009,2025-02-12,175662.15,Completed,Bank Transfer,0.9841666852953481
PAY_000936,CLM_008308,POL_007458,2026-03-23,43815.89,Completed,Bank Transfer,0.8566297080929579
PAY_000937,CLM_008231,POL_023948,2024-01-24,62428.65,Completed,Cheque,0.9412653122888215
PAY_000938,CLM_009272,POL_023811,2025-09-12,177093.93,Completed,Bank Transfer,0.778740842390775
PAY_000939,CLM_003394,POL_007855,2026-06-11,182926.44,Completed,UPI,0.7771921425632571
PAY_000940,CLM_008348,POL_007650,2026-02-02,135794.0,Completed,Bank Transfer,0.7986210885980453
PAY_000941,CLM_006766,POL_019691,2024-11-15,43804.44,Completed,Bank Transfer,0.9330394769885305
PAY_000942,CLM_002559,POL_023012,2025-04-11,195527.86,Completed,Cheque,0.8554296291726876
PAY_000943,CLM_007331,POL_024151,2024-08-19,19053.64,Completed,NEFT,0.7873320369285289
PAY_000944,CLM_007472,POL_024481,2024-03-30,234521.17,Completed,Bank Transfer,0.7769202500907457
PAY_000945,CLM_007387,POL_001193,2025-12-30,137065.01,Completed,NEFT,0.8993720439375675
PAY_000946,CLM_005281,POL_012798,2026-02-25,55368.78,Completed,UPI,0.7923379220397864
PAY_000947,CLM_007683,POL_012055,2026-08-07,62481.21,Completed,Bank Transfer,0.784477711559108
PAY_000948,CLM_005441,POL_010780,2026-01-13,603078.84,Completed,Bank Transfer,0.8908949410548395
PAY_000949,CLM_007696,POL_015429,2024-06-17,302861.64,Completed,UPI,0.8798559003364502
PAY_000950,CLM_004520,POL_021027,2025-07-20,175594.03,Completed,UPI,0.8285595403735261
PAY_000951,CLM_007151,POL_019859,2025-02-26,475806.57,Completed,Bank Transfer,0.8524652585788121
PAY_000952,CLM_004782,POL_016435,2026-08-19,180590.52,Completed,Bank Transfer,0.7681101686026526
PAY_000953,CLM_001508,POL_024036,2026-09-13,692996.54,Completed,Bank Transfer,0.8063129101010255
PAY_000954,CLM_000537,POL_020819,2026-01-26,41712.01,Completed,UPI,0.8642794419978542
PAY_000955,CLM_007108,POL_002112,2025-01-07,526696.57,Completed,Bank Transfer,0.9624203910342986
PAY_000956,CLM_008116,POL_012773,2026-08-07,335510.2,Completed,Bank Transfer,0.9393517773857165
PAY_000957,CLM_008430,POL_021619,2026-07-07,50154.84,Completed,Bank Transfer,0.8716327851758521
PAY_000958,CLM_000435,POL_007779,2026-10-01,183402.6,Completed,Bank Transfer,0.983096237539271
PAY_000959,CLM_002824,POL_024803,2025-05-03,328777.76,Completed,UPI,0.8198360685742511
PAY_000960,CLM_009593,POL_008284,2025-07-26,447325.06,Completed,Cheque,0.7717196682553863
PAY_000961,CLM_007669,POL_017917,2024-12-08,363471.72,Completed,UPI,0.9934765468540039
PAY_000962,CLM_007014,POL_010901,2025-02-08,278694.63,Completed,UPI,0.9395201969719965
PAY_000963,CLM_005984,POL_000137,2024-01-11,70093.49,Completed,UPI,0.9833432004130145
PAY_000964,CLM_008724,POL_001290,2025-08-18,53869.98,Completed,NEFT,0.9053085856459716
PAY_000965,CLM_003287,POL_015302,2024-11-07,32120.4,Completed,Cheque,0.932814928570267
PAY_000966,CLM_002241,POL_015651,2025-01-07,218189.39,Completed,Bank Transfer,0.9383216196545536
PAY_000967,CLM_008444,POL_008600,2024-09-14,278530.59,Completed,Bank Transfer,0.8275337511271125
PAY_000968,CLM_002496,POL_000502,2025-04-15,514219.55,Completed,Bank Transfer,0.8610402665526605
PAY_000969,CLM_002128,POL_020150,2025-12-06,23729.92,Completed,Bank Transfer,0.9245778798769406
PAY_000970,CLM_005046,POL_002214,2026-10-07,91193.09,Completed,Cheque,0.7508754083914874
PAY_000971,CLM_001168,POL_024968,2025-07-15,270033.07,Completed,Bank Transfer,0.8115176861090807
PAY_000972,CLM_007270,POL_004735,2025-10-31,122113.06,Completed,UPI,0.813353638578972
PAY_000973,CLM_000089,POL_008947,2025-09-20,162023.61,Completed,UPI,0.8727848769498782
PAY_000974,CLM_004919,POL_020799,2025-11-23,172863.4,Completed,Bank Transfer,0.938305178218026
PAY_000975,CLM_001709,POL_004573,2026-08-31,187254.35,Completed,UPI,0.8363668140573537
PAY_000976,CLM_004826,POL_013465,2026-05-24,80400.37,Completed,Bank Transfer,0.9137850085166871
PAY_000977,CLM_006902,POL_002781,2026-09-15,174114.35,Completed,NEFT,0.9183989358632708
PAY_000978,CLM_006210,POL_011690,2025-09-02,52154.5,Completed,Bank Transfer,0.843895681811305
PAY_000979,CLM_005985,POL_020179,2026-04-12,601448.89,Completed,Bank Transfer,0.8973328880950644
PAY_000980,CLM_008412,POL_002870,2025-06-02,94713.35,Completed,UPI,0.8439629909788885
PAY_000981,CLM_002488,POL_012807,2025-07-07,106181.03,Completed,Bank Transfer,0.9320298092157525
PAY_000982,CLM_008516,POL_002238,2025-05-16,163796.24,Completed,Cheque,0.8714981583459116
PAY_000983,CLM_002236,POL_009021,2025-01-23,137388.26,Completed,Bank Transfer,0.8625626855390247
PAY_000984,CLM_000704,POL_000131,2026-10-08,453049.87,Completed,Cheque,0.9691625667188559
PAY_000985,CLM_006079,POL_001779,2026-02-17,148022.37,Completed,UPI,0.7708513996025091
PAY_000986,CLM_006437,POL_013482,2026-09-16,174808.04,Completed,NEFT,0.798110191211193
PAY_000987,CLM_006866,POL_009647,2024-12-31,53826.69,Completed,NEFT,0.8761673046928538
PAY_000988,CLM_003954,POL_003392,2025-12-15,122904.62,Completed,Bank Transfer,0.7871354495828274
PAY_000989,CLM_004495,POL_001551,2025-03-02,304749.41,Completed,Bank Transfer,0.8628667010077424
PAY_000990,CLM_001331,POL_013464,2026-08-25,109479.46,Completed,Bank Transfer,0.9574624984717082
PAY_000991,CLM_000451,POL_016175,2024-04-28,17108.4,Completed,Bank Transfer,0.8103929470746389
PAY_000992,CLM_000351,POL_021961,2025-07-02,36740.29,Completed,Cheque,0.9631562859476764
PAY_000993,CLM_009391,POL_020237,2025-11-22,100822.25,Completed,Bank Transfer,0.8033324085363278
PAY_000994,CLM_003277,POL_015561,2026-01-17,112080.35,Completed,Bank Transfer,0.7549147436652155
PAY_000995,CLM_007491,POL_019157,2025-03-19,212415.1,Completed,UPI,0.8529806784697844
PAY_000996,CLM_004933,POL_011956,2024-07-12,504419.5,Completed,Cheque,0.8251290502492181
PAY_000997,CLM_007968,POL_015934,2026-08-27,80605.85,Completed,Bank Transfer,0.9932178984098086
PAY_000998,CLM_005863,POL_000327,2026-07-22,136439.01,Completed,Bank Transfer,0.9896466426661349
PAY_000999,CLM_000327,POL_018193,2025-05-19,191752.96,Completed,Bank Transfer,0.9697608209729299
PAY_001000,CLM_001763,POL_003005,2026-10-08,229820.94,Completed,Bank Transfer,0.8600493731136912
PAY_001001,CLM_002578,POL_011567,2024-02-27,362596.29,Completed,NEFT,0.7757967301052798
PAY_001002,CLM_006087,POL_024045,2026-09-09,207146.19,Completed,NEFT,0.8414626388591223
PAY_001003,CLM_003345,POL_014549,2026-08-11,256077.29,Completed,Bank Transfer,0.8545512543962736
PAY_001004,CLM_002990,POL_009721,2024-11-22,124760.01,Completed,Bank Transfer,0.9315417657120381
PAY_001005,CLM_006128,POL_015975,2025-07-26,272965.4,Completed,UPI,0.8683104817850859
PAY_001006,CLM_000124,POL_016509,2024-10-18,186077.92,Completed,Bank Transfer,0.7547552893187264
PAY_001007,CLM_002054,POL_016556,2026-09-18,19604.2,Completed,UPI,0.7517158264015825
PAY_001008,CLM_000445,POL_014742,2026-10-08,515528.17,Completed,UPI,0.8071120581682604
PAY_001009,CLM_004511,POL_024734,2024-05-31,216823.67,Completed,Cheque,0.9222429085114536
PAY_001010,CLM_008593,POL_006546,2025-01-11,215285.41,Completed,Bank Transfer,0.7676388385682327
PAY_001011,CLM_002357,POL_005653,2026-05-02,488791.71,Completed,Bank Transfer,0.8920365770399249
PAY_001012,CLM_005496,POL_013318,2024-09-23,533794.04,Completed,Cheque,0.9916189798437726
PAY_001013,CLM_009629,POL_001605,2024-10-20,389531.58,Completed,Cheque,0.796052317507693
PAY_001014,CLM_008815,POL_012782,2025-11-30,275432.96,Completed,Bank Transfer,0.7999021645625862
PAY_001015,CLM_002165,POL_006223,2025-10-11,28478.48,Completed,UPI,0.9853480474500855
PAY_001016,CLM_005073,POL_018871,2026-07-01,135163.53,Completed,Bank Transfer,0.7539809724627858
PAY_001017,CLM_004558,POL_019142,2025-11-13,50213.1,Completed,Bank Transfer,0.977862642247251
PAY_001018,CLM_006488,POL_011836,2026-10-08,176105.12,Completed,Bank Transfer,0.9963718070847161
PAY_001019,CLM_004546,POL_005122,2025-04-04,43027.49,Completed,UPI,0.8547189076122691
PAY_001020,CLM_004960,POL_006409,2025-05-09,224600.68,Completed,Bank Transfer,0.9192868205898505
PAY_001021,CLM_009298,POL_001864,2024-09-21,43755.32,Completed,Bank Transfer,0.9817726616625909
PAY_001022,CLM_003898,POL_019246,2025-08-04,94699.03,Completed,Bank Transfer,0.963250351228884
PAY_001023,CLM_003157,POL_010362,2024-12-17,208101.3,Completed,UPI,0.8724052603570541
PAY_001024,CLM_008377,POL_023254,2025-03-29,317496.2,Completed,UPI,0.8621018348597697
PAY_001025,CLM_006480,POL_020942,2026-08-14,71354.06,Completed,Bank Transfer,0.8490866739056062
PAY_001026,CLM_004173,POL_002661,2026-09-29,271215.98,Completed,UPI,0.8482814742363446
PAY_001027,CLM_007661,POL_007222,2026-05-14,461336.68,Completed,UPI,0.8345184826805778
PAY_001028,CLM_009829,POL_018994,2026-06-14,144708.95,Completed,Bank Transfer,0.9987805553939338
PAY_001029,CLM_005923,POL_016124,2026-01-08,315840.06,Completed,NEFT,0.8134040326485441
PAY_001030,CLM_003177,POL_019287,2026-08-29,246128.52,Completed,Bank Transfer,0.822295421755095
PAY_001031,CLM_000373,POL_000884,2025-12-05,1010085.67,Completed,Bank Transfer,0.9360767812187842
PAY_001032,CLM_005531,POL_001554,2025-09-28,104208.57,Completed,Cheque,0.9145631323580844
PAY_001033,CLM_007658,POL_007698,2024-10-22,596681.96,Completed,Bank Transfer,0.8590450962209266
PAY_001034,CLM_003078,POL_008276,2025-03-08,137117.56,Completed,UPI,0.988867114001416
PAY_001035,CLM_001214,POL_015420,2026-09-07,194284.55,Completed,UPI,0.9683168736278387
PAY_001036,CLM_000021,POL_001825,2026-08-29,107725.66,Completed,Cheque,0.9893038291632218
PAY_001037,CLM_005404,POL_008081,2026-01-25,248309.17,Completed,Cheque,0.7994963069496523
PAY_001038,CLM_002240,POL_023957,2026-09-19,1274530.57,Completed,UPI,0.8050635189987623
PAY_001039,CLM_001701,POL_022782,2025-03-27,95284.09,Completed,UPI,0.9482920379232858
PAY_001040,CLM_000011,POL_011079,2026-08-21,1147359.19,Completed,NEFT,0.8864363012794967
PAY_001041,CLM_001503,POL_001930,2024-04-11,442296.72,Completed,UPI,0.8207527013133142
PAY_001042,CLM_008156,POL_019220,2023-12-22,962993.28,Completed,UPI,0.8427007998283993
PAY_001043,CLM_006859,POL_021579,2025-04-02,124108.39,Completed,Cheque,0.9555480752551414
PAY_001044,CLM_003598,POL_001118,2025-08-22,971079.51,Completed,UPI,0.890273326279022
PAY_001045,CLM_007910,POL_016479,2026-08-13,128344.21,Completed,UPI,0.8685350769332799
PAY_001046,CLM_000477,POL_004010,2026-03-28,48357.15,Completed,Cheque,0.9395470012967134
PAY_001047,CLM_005426,POL_018652,2026-08-19,1193962.96,Completed,Bank Transfer,0.8425528945042006
PAY_001048,CLM_007799,POL_018905,2025-06-20,55691.87,Completed,Bank Transfer,0.9154557572244854
PAY_001049,CLM_003048,POL_022076,2024-11-17,136519.43,Completed,Bank Transfer,0.7700891326048029
PAY_001050,CLM_005395,POL_006477,2026-08-17,40156.67,Completed,Bank Transfer,0.876923533831943
PAY_001051,CLM_000912,POL_007709,2024-01-10,217565.53,Completed,UPI,0.9779615871702756
PAY_001052,CLM_009906,POL_020051,2026-10-05,378411.55,Completed,Bank Transfer,0.8066190150706535
PAY_001053,CLM_002659,POL_007874,2024-05-27,242737.18,Completed,Bank Transfer,0.7876969995515326
PAY_001054,CLM_001803,POL_023698,2025-07-24,411192.61,Completed,Bank Transfer,0.9044372506566636
PAY_001055,CLM_002664,POL_000500,2024-07-02,21450.47,Completed,Bank Transfer,0.8320927858166396
PAY_001056,CLM_007207,POL_015828,2026-10-08,216679.31,Completed,Cheque,0.8595327836558455
PAY_001057,CLM_007598,POL_002948,2026-10-08,31499.77,Completed,Bank Transfer,0.9774250402608968
PAY_001058,CLM_003151,POL_017829,2025-04-11,194881.46,Completed,UPI,0.9209992010316173
PAY_001059,CLM_006023,POL_024178,2025-08-30,85069.21,Completed,NEFT,0.7851478042699811
PAY_001060,CLM_005821,POL_015284,2026-03-22,56067.05,Completed,Cheque,0.9256500611023922
PAY_001061,CLM_000273,POL_004034,2025-06-15,113180.58,Completed,Cheque,0.9451267309246003
PAY_001062,CLM_005497,POL_019673,2026-07-29,50489.93,Completed,Bank Transfer,0.8100332276122725
PAY_001063,CLM_002302,POL_008097,2026-03-11,425424.74,Completed,Bank Transfer,0.92383932766823
PAY_001064,CLM_007736,POL_013285,2026-03-25,528070.94,Completed,UPI,0.8875410050206222
PAY_001065,CLM_009905,POL_004746,2026-01-05,354274.57,Completed,UPI,0.9361672548630748
PAY_001066,CLM_007640,POL_018366,2026-10-08,117153.7,Completed,NEFT,0.754855584868958
PAY_001067,CLM_000624,POL_007363,2026-05-05,81898.87,Completed,NEFT,0.9677102878830128
PAY_001068,CLM_005827,POL_016835,2025-10-01,39732.51,Completed,Cheque,0.9792676043841209
PAY_001069,CLM_008302,POL_008988,2024-11-25,148373.72,Completed,NEFT,0.8073256339784974
PAY_001070,CLM_002111,POL_000070,2025-12-29,138060.7,Completed,UPI,0.9676002730797183
PAY_001071,CLM_008906,POL_002947,2024-12-02,155476.18,Completed,NEFT,0.7629047068961744
PAY_001072,CLM_007522,POL_003757,2026-09-13,59210.47,Completed,Bank Transfer,0.8407389526983374
PAY_001073,CLM_002232,POL_009629,2024-10-27,259720.93,Completed,Cheque,0.9141522846527398
PAY_001074,CLM_006609,POL_000925,2026-09-06,336464.54,Completed,NEFT,0.8141209534740967
PAY_001075,CLM_004110,POL_015600,2025-06-25,493627.38,Completed,UPI,0.7979520087586217
PAY_001076,CLM_007254,POL_022531,2025-07-31,326277.15,Completed,Cheque,0.9381158973131923
PAY_001077,CLM_000886,POL_017725,2026-05-09,90061.41,Completed,Bank Transfer,0.9660977513423894
PAY_001078,CLM_005282,POL_020235,2026-01-19,295395.1,Completed,Bank Transfer,0.7547083571003982
PAY_001079,CLM_009461,POL_017009,2026-08-24,73937.17,Completed,Cheque,0.7765984923497289
PAY_001080,CLM_002575,POL_003840,2026-04-30,70634.75,Completed,UPI,0.8345810443861392
PAY_001081,CLM_004298,POL_011817,2026-10-08,368416.65,Completed,Bank Transfer,0.8012220519835211
PAY_001082,CLM_009660,POL_011885,2026-06-25,74578.95,Completed,Bank Transfer,0.8987059320005755
PAY_001083,CLM_006665,POL_024766,2025-03-28,102838.24,Completed,UPI,0.9008880083481615
PAY_001084,CLM_002986,POL_010123,2026-06-12,522457.75,Completed,Bank Transfer,0.9309664369883258
PAY_001085,CLM_005980,POL_005462,2026-01-08,87450.49,Completed,Bank Transfer,0.9105851046604724
PAY_001086,CLM_004315,POL_010497,2025-01-11,110096.14,Completed,Bank Transfer,0.7642338512628002
PAY_001087,CLM_007865,POL_008425,2024-07-01,19824.3,Completed,Bank Transfer,0.8753605884397102
PAY_001088,CLM_009774,POL_001747,2024-08-27,113786.44,Completed,Bank Transfer,0.7704524835191205
PAY_001089,CLM_008097,POL_000199,2026-03-09,323519.47,Completed,UPI,0.803951810325907
PAY_001090,CLM_001711,POL_007160,2024-06-15,612588.03,Completed,Cheque,0.9169753597948713
PAY_001091,CLM_002215,POL_016409,2026-03-26,284773.42,Completed,UPI,0.98400078920912
PAY_001092,CLM_004457,POL_002132,2025-09-18,270978.15,Completed,Cheque,0.767016095672905
PAY_001093,CLM_001301,POL_006410,2026-07-01,62005.72,Completed,Cheque,0.8426629716133034
PAY_001094,CLM_009375,POL_005110,2026-02-02,859693.88,Completed,Bank Transfer,0.9325526823609338
PAY_001095,CLM_003279,POL_024809,2025-11-20,241397.76,Completed,Bank Transfer,0.8163101774804647
PAY_001096,CLM_009047,POL_021144,2024-09-01,381718.61,Completed,Bank Transfer,0.8065480010744716
PAY_001097,CLM_002019,POL_007769,2026-05-11,256049.77,Completed,UPI,0.8527292188487129
PAY_001098,CLM_006157,POL_007674,2025-06-24,388697.52,Completed,Bank Transfer,0.9531885082448267
PAY_001099,CLM_008727,POL_006979,2026-09-04,468496.05,Completed,Bank Transfer,0.9454656086053796
PAY_001100,CLM_003294,POL_023124,2024-10-21,91914.01,Completed,Cheque,0.8511657480138866
PAY_001101,CLM_002087,POL_012560,2025-08-07,431793.42,Completed,UPI,0.8858444979889095
PAY_001102,CLM_002469,POL_012524,2025-04-01,95220.65,Completed,Cheque,0.8165986915643237
PAY_001103,CLM_008739,POL_018976,2026-10-08,180968.2,Completed,Bank Transfer,0.8294151476535894
PAY_001104,CLM_005870,POL_007200,2025-08-25,33244.56,Completed,UPI,0.9925965558877027
PAY_001105,CLM_009438,POL_000727,2026-08-26,178721.56,Completed,UPI,0.957600148096671
PAY_001106,CLM_008904,POL_010386,2026-10-08,87770.99,Completed,Bank Transfer,0.7788544251689689
PAY_001107,CLM_006699,POL_015714,2026-05-30,647005.79,Completed,UPI,0.7920873435099772
PAY_001108,CLM_000358,POL_013143,2025-12-29,99751.83,Completed,Bank Transfer,0.9723674329268863
PAY_001109,CLM_006883,POL_015121,2026-09-15,117182.89,Completed,Cheque,0.8857673963245718
PAY_001110,CLM_000311,POL_001045,2024-12-22,60509.79,Completed,UPI,0.8763113579382992
PAY_001111,CLM_005414,POL_019949,2026-10-08,65689.01,Completed,UPI,0.9471972473909146
PAY_001112,CLM_002585,POL_009635,2025-04-05,836766.78,Completed,UPI,0.8483603280214859
PAY_001113,CLM_008088,POL_023161,2026-06-28,145160.89,Completed,UPI,0.9523836048521929
PAY_001114,CLM_008669,POL_007148,2025-08-13,439612.9,Completed,Bank Transfer,0.9714199017635152
PAY_001115,CLM_005435,POL_024827,2025-05-31,318240.04,Completed,Cheque,0.7794119285816397
PAY_001116,CLM_004637,POL_017760,2025-02-22,496665.52,Completed,NEFT,0.7725193353999777
PAY_001117,CLM_006894,POL_024871,2025-10-01,375935.98,Completed,UPI,0.8503943459232809
PAY_001118,CLM_004415,POL_017645,2025-01-20,96194.96,Completed,Cheque,0.8633423492417133
PAY_001119,CLM_003774,POL_023193,2025-12-01,197319.88,Completed,Bank Transfer,0.8259378462556701
PAY_001120,CLM_006728,POL_011045,2024-11-07,472924.48,Completed,Bank Transfer,0.7707059170397664
PAY_001121,CLM_006938,POL_008740,2024-05-24,560764.22,Completed,Bank Transfer,0.9071642415487964
PAY_001122,CLM_002361,POL_021851,2025-06-14,213227.35,Completed,NEFT,0.7850482295401603
PAY_001123,CLM_001824,POL_023556,2026-07-22,200387.14,Completed,UPI,0.7829562002056838
PAY_001124,CLM_000541,POL_018891,2025-12-16,138084.89,Completed,NEFT,0.7728760235011365
PAY_001125,CLM_001091,POL_004476,2026-10-03,319727.95,Completed,Bank Transfer,0.9002572590376576
PAY_001126,CLM_000409,POL_011318,2025-10-21,102893.19,Completed,Cheque,0.8130928947809495
PAY_001127,CLM_002739,POL_017538,2026-05-21,331029.09,Completed,Bank Transfer,0.9207374263978926
PAY_001128,CLM_004527,POL_017343,2026-02-23,280616.32,Completed,UPI,0.9354255245245241
PAY_001129,CLM_000259,POL_013935,2026-07-13,391375.02,Completed,NEFT,0.9500770609255046
PAY_001130,CLM_004344,POL_003317,2025-05-30,209608.41,Completed,Bank Transfer,0.8630734194840395
PAY_001131,CLM_002313,POL_008267,2026-04-03,140786.38,Completed,UPI,0.9918949831044498
PAY_001132,CLM_008697,POL_009586,2024-09-15,149781.82,Completed,Bank Transfer,0.8955761241517229
PAY_001133,CLM_007048,POL_005134,2026-03-18,309150.89,Completed,Bank Transfer,0.8411711768213453
PAY_001134,CLM_000730,POL_023709,2026-08-13,136809.96,Completed,Bank Transfer,0.9794413195206843
PAY_001135,CLM_008358,POL_024208,2024-04-03,614520.17,Completed,Bank Transfer,0.9721899057251959
PAY_001136,CLM_006382,POL_005010,2025-11-19,62214.71,Completed,Bank Transfer,0.8568834721193073
PAY_001137,CLM_006602,POL_004544,2026-04-27,137387.8,Completed,UPI,0.8582200734136917
PAY_001138,CLM_004386,POL_009888,2024-05-12,1380632.74,Completed,UPI,0.9865902652590045
PAY_001139,CLM_008620,POL_016912,2026-01-07,412704.86,Completed,Bank Transfer,0.8922106367118021
PAY_001140,CLM_009258,POL_014317,2025-09-28,185480.38,Completed,Bank Transfer,0.7527260289838699
PAY_001141,CLM_000987,POL_012971,2026-06-09,60598.5,Completed,UPI,0.9739142034277486
PAY_001142,CLM_005677,POL_016867,2026-05-01,37050.14,Completed,Bank Transfer,0.8318974082395927
PAY_001143,CLM_001741,POL_004662,2026-07-17,441584.8,Completed,Bank Transfer,0.9761492834749104
PAY_001144,CLM_002114,POL_024915,2026-01-14,164552.54,Completed,Cheque,0.987527815237508
PAY_001145,CLM_007811,POL_006991,2026-06-19,302743.48,Completed,NEFT,0.8320577267836259
PAY_001146,CLM_003114,POL_004379,2026-09-06,48395.38,Completed,Bank Transfer,0.9609583337139144
PAY_001147,CLM_007851,POL_015992,2025-06-15,43665.32,Completed,UPI,0.9633469735705329
PAY_001148,CLM_007753,POL_015604,2025-04-14,256788.83,Completed,Bank Transfer,0.9749368076408909
PAY_001149,CLM_000302,POL_000326,2025-12-18,30440.47,Completed,Bank Transfer,0.9512917398588523
PAY_001150,CLM_008763,POL_001363,2024-07-30,679991.65,Completed,UPI,0.9561110263255187
PAY_001151,CLM_000609,POL_007292,2024-07-29,174485.31,Completed,UPI,0.9049990964807145
PAY_001152,CLM_004952,POL_009045,2024-11-15,146826.54,Completed,Bank Transfer,0.7768791136924798
PAY_001153,CLM_006630,POL_004334,2025-03-26,42685.72,Completed,Bank Transfer,0.8381881382031796
PAY_001154,CLM_005305,POL_022137,2025-06-29,309747.65,Completed,Bank Transfer,0.8136444333978844
PAY_001155,CLM_000736,POL_005113,2026-09-07,43688.32,Completed,Cheque,0.8793739920726488
PAY_001156,CLM_009156,POL_007315,2025-01-17,175495.32,Completed,UPI,0.9738536895361541
PAY_001157,CLM_004937,POL_004094,2025-11-08,41183.62,Completed,UPI,0.8295223575700557
PAY_001158,CLM_001800,POL_009839,2025-06-08,125932.99,Completed,Bank Transfer,0.887589679282057
PAY_001159,CLM_001910,POL_015309,2024-04-13,433439.67,Completed,Bank Transfer,0.8562300472852928
PAY_001160,CLM_006452,POL_020635,2026-01-12,340759.63,Completed,Cheque,0.9133560889940445
PAY_001161,CLM_006658,POL_006562,2025-02-22,465813.2,Completed,Bank Transfer,0.7727019085611004
PAY_001162,CLM_002349,POL_023394,2025-11-13,64026.5,Completed,Cheque,0.7933832949672364
PAY_001163,CLM_004001,POL_010273,2025-10-26,227835.75,Completed,UPI,0.8950159050561486
PAY_001164,CLM_003835,POL_018500,2026-09-02,110964.91,Completed,Cheque,0.9964275307497346
PAY_001165,CLM_006402,POL_016305,2026-03-07,367183.17,Completed,Bank Transfer,0.9358710585839315
PAY_001166,CLM_004892,POL_012873,2024-12-27,323765.56,Completed,UPI,0.9935099835513339
PAY_001167,CLM_000490,POL_016042,2026-08-11,55617.4,Completed,UPI,0.764145108074844
PAY_001168,CLM_002365,POL_013858,2025-08-23,40673.95,Completed,UPI,0.8322424043515482
PAY_001169,CLM_000465,POL_002087,2026-08-27,140767.78,Completed,Cheque,0.8940915160955842
PAY_001170,CLM_006009,POL_001419,2026-08-21,51529.12,Completed,Bank Transfer,0.9308358879220491
PAY_001171,CLM_009536,POL_003500,2025-01-30,388466.11,Completed,NEFT,0.7964708935124544
PAY_001172,CLM_008760,POL_008786,2025-10-19,605115.88,Completed,Cheque,0.8510516914190897
PAY_001173,CLM_007717,POL_010018,2026-02-17,144316.24,Completed,Bank Transfer,0.9143064365948521
PAY_001174,CLM_009359,POL_012724,2025-07-25,418774.06,Completed,Bank Transfer,0.8053778029936562
PAY_001175,CLM_004009,POL_008303,2024-12-31,379048.15,Completed,Cheque,0.842959118740595
PAY_001176,CLM_003050,POL_004846,2024-08-21,114474.56,Completed,Bank Transfer,0.919523049452979
PAY_001177,CLM_001080,POL_016008,2026-10-08,60199.15,Completed,Bank Transfer,0.849661076420048
PAY_001178,CLM_006882,POL_007334,2026-10-08,579600.12,Completed,UPI,0.8639859129183173
PAY_001179,CLM_005785,POL_018040,2026-08-24,123343.4,Completed,UPI,0.8463481912499313
PAY_001180,CLM_005633,POL_012115,2025-03-17,277027.08,Completed,Bank Transfer,0.7940877034869397
PAY_001181,CLM_007397,POL_006724,2024-08-11,323194.55,Completed,Cheque,0.9236489527224654
PAY_001182,CLM_005334,POL_011762,2024-03-31,26400.3,Completed,Bank Transfer,0.8801584533924722
PAY_001183,CLM_007589,POL_008086,2025-10-03,79226.56,Completed,UPI,0.7793276696254795
PAY_001184,CLM_004649,POL_012580,2026-10-08,97180.46,Completed,UPI,0.8780142407850954
PAY_001185,CLM_000364,POL_013014,2026-01-08,305346.78,Completed,Bank Transfer,0.8117749362357157
PAY_001186,CLM_008484,POL_003917,2024-12-06,393954.11,Completed,Cheque,0.9210596843020499
PAY_001187,CLM_004644,POL_002961,2024-09-27,596364.4,Completed,Cheque,0.8036632413349919
PAY_001188,CLM_008315,POL_015379,2026-02-02,233594.8,Completed,Cheque,0.8344208252927156
PAY_001189,CLM_004325,POL_012341,2024-10-04,328967.69,Completed,NEFT,0.8638839256640217
PAY_001190,CLM_002154,POL_023723,2024-10-06,115985.83,Completed,Cheque,0.7909320697968264
PAY_001191,CLM_000881,POL_015508,2024-12-07,220557.93,Completed,Bank Transfer,0.8516710049290883
PAY_001192,CLM_000065,POL_005193,2024-03-01,84607.02,Completed,Bank Transfer,0.9002297310568704
PAY_001193,CLM_006387,POL_020276,2025-04-08,166055.71,Completed,UPI,0.9399480722727005
PAY_001194,CLM_006852,POL_003316,2024-12-13,68039.36,Completed,Bank Transfer,0.9315688854708527
PAY_001195,CLM_005128,POL_015915,2024-09-27,891708.18,Completed,NEFT,0.876356258695793
PAY_001196,CLM_009552,POL_017244,2024-07-13,528362.66,Completed,Bank Transfer,0.7857202882274469
PAY_001197,CLM_006888,POL_020727,2025-09-30,33708.04,Completed,NEFT,0.8214955304973883
PAY_001198,CLM_007842,POL_022905,2024-12-06,105350.55,Completed,Bank Transfer,0.9567481268131918
PAY_001199,CLM_002962,POL_003440,2025-09-29,178749.42,Completed,Bank Transfer,0.8251734531767596
PAY_001200,CLM_004112,POL_024428,2024-08-28,151916.66,Completed,UPI,0.9571637138768604
PAY_001201,CLM_003184,POL_010818,2025-01-23,36103.66,Completed,NEFT,0.9045956316218584
PAY_001202,CLM_004127,POL_010532,2026-07-15,793803.6,Completed,Bank Transfer,0.8687214421980018
PAY_001203,CLM_000615,POL_010094,2024-12-31,102495.34,Completed,Bank Transfer,0.9136837991505117
PAY_001204,CLM_006289,POL_000550,2024-04-12,251012.63,Completed,UPI,0.8908700423713385
PAY_001205,CLM_001160,POL_021243,2026-08-14,614161.88,Completed,NEFT,0.7768161709419378
PAY_001206,CLM_000590,POL_014988,2026-04-12,162320.75,Completed,Bank Transfer,0.7950144225489969
PAY_001207,CLM_002893,POL_013965,2026-08-24,67387.12,Completed,UPI,0.9403046387926078
PAY_001208,CLM_009653,POL_024227,2025-09-26,174691.58,Completed,Cheque,0.8400812210628082
PAY_001209,CLM_000634,POL_014258,2026-06-17,59635.56,Completed,Bank Transfer,0.9778470972061235
PAY_001210,CLM_003569,POL_012515,2025-09-12,583855.71,Completed,UPI,0.937834824720008
PAY_001211,CLM_000627,POL_021877,2025-11-15,494328.15,Completed,Bank Transfer,0.751853876645372
PAY_001212,CLM_004845,POL_013569,2026-07-18,122574.53,Completed,UPI,0.9004396101505774
PAY_001213,CLM_004614,POL_017727,2026-09-02,280269.82,Completed,Bank Transfer,0.8835752440134563
PAY_001214,CLM_008736,POL_023986,2025-07-16,207425.16,Completed,UPI,0.803469887149415
PAY_001215,CLM_007132,POL_001336,2025-05-28,296449.74,Completed,UPI,0.8288371847246109
PAY_001216,CLM_007630,POL_009530,2026-05-27,95116.27,Completed,Cheque,0.9545933174643033
PAY_001217,CLM_007175,POL_001198,2024-08-28,60618.66,Completed,UPI,0.9957758262271994
PAY_001218,CLM_006764,POL_015260,2024-09-21,124680.81,Completed,Bank Transfer,0.915030959153615
PAY_001219,CLM_003652,POL_022311,2026-02-12,49007.21,Completed,UPI,0.8229468649329783
PAY_001220,CLM_001519,POL_007917,2026-09-26,258892.07,Completed,UPI,0.8157643329913993
PAY_001221,CLM_000917,POL_002453,2025-12-10,419970.26,Completed,Bank Transfer,0.9982185053961214
PAY_001222,CLM_002515,POL_020444,2025-08-08,942784.03,Completed,NEFT,0.7613023662240369
PAY_001223,CLM_000295,POL_007896,2024-10-08,200833.12,Completed,Bank Transfer,0.9157377086704372
PAY_001224,CLM_007390,POL_008836,2026-08-15,139481.48,Completed,Cheque,0.7806401069020099
PAY_001225,CLM_008550,POL_024207,2025-11-15,49657.96,Completed,UPI,0.9671311852634782
PAY_001226,CLM_007622,POL_023402,2025-04-23,155575.97,Completed,UPI,0.9832229680464483
PAY_001227,CLM_000072,POL_010642,2026-01-16,194365.85,Completed,Bank Transfer,0.8828454876125553
PAY_001228,CLM_001615,POL_017115,2026-10-01,373818.38,Completed,NEFT,0.7932774042964661
PAY_001229,CLM_006167,POL_014986,2026-01-22,223240.57,Completed,Bank Transfer,0.9232818591087227
PAY_001230,CLM_005597,POL_009439,2026-10-08,405706.38,Completed,Bank Transfer,0.9422555315011021
PAY_001231,CLM_009107,POL_001994,2024-09-14,99884.76,Completed,UPI,0.8995234770022764
PAY_001232,CLM_005837,POL_007931,2024-04-12,253914.77,Completed,Bank Transfer,0.9050347623270664
PAY_001233,CLM_006976,POL_021592,2026-10-08,235182.83,Completed,Bank Transfer,0.9809012262535859
PAY_001234,CLM_006444,POL_024144,2024-11-24,319385.47,Completed,Bank Transfer,0.8735590952688796
PAY_001235,CLM_008632,POL_004466,2026-08-28,246516.99,Completed,Bank Transfer,0.9704930603505478
PAY_001236,CLM_006760,POL_000902,2025-02-09,111857.76,Completed,Bank Transfer,0.9237934430494218
PAY_001237,CLM_002975,POL_020356,2026-04-16,29088.35,Completed,Bank Transfer,0.9012143072246229
PAY_001238,CLM_004184,POL_011476,2025-04-17,111358.86,Completed,Cheque,0.8033649620644959
PAY_001239,CLM_005708,POL_012334,2024-04-23,97941.29,Completed,UPI,0.9516796234220097
PAY_001240,CLM_003876,POL_007464,2025-03-10,154224.52,Completed,Bank Transfer,0.8209815483124058
PAY_001241,CLM_004944,POL_020910,2025-01-27,36694.65,Completed,Bank Transfer,0.8745965126874312
PAY_001242,CLM_008878,POL_010833,2024-10-19,109215.02,Completed,Bank Transfer,0.9114708774613319
PAY_001243,CLM_004276,POL_004758,2024-03-05,55856.73,Completed,Bank Transfer,0.863043135987313
PAY_001244,CLM_009836,POL_023545,2025-06-23,24231.69,Completed,Bank Transfer,0.8527234926356996
PAY_001245,CLM_007459,POL_021152,2026-09-20,160393.54,Completed,Bank Transfer,0.7811618448435155
PAY_001246,CLM_002522,POL_001733,2024-12-09,208852.15,Completed,Bank Transfer,0.7565024309612158
PAY_001247,CLM_006600,POL_015343,2025-03-16,347907.9,Completed,Bank Transfer,0.7848342072564949
PAY_001248,CLM_001025,POL_004199,2026-06-08,254511.04,Completed,Bank Transfer,0.9263176314929092
PAY_001249,CLM_004416,POL_005704,2026-05-08,312145.86,Completed,UPI,0.995058718009466
PAY_001250,CLM_008129,POL_014938,2025-02-20,131706.01,Completed,NEFT,0.7585025872569318
PAY_001251,CLM_002807,POL_017358,2026-01-31,772918.74,Completed,UPI,0.862673393399051
PAY_001252,CLM_003513,POL_005177,2025-02-14,33182.54,Completed,Cheque,0.8944117024731907
PAY_001253,CLM_004975,POL_001567,2024-08-27,208106.2,Completed,Bank Transfer,0.833698791797722
PAY_001254,CLM_000765,POL_024495,2024-11-07,109471.89,Completed,Bank Transfer,0.8666098541821694
PAY_001255,CLM_002208,POL_007609,2026-10-08,611827.01,Completed,Bank Transfer,0.8476391548554515
PAY_001256,CLM_000821,POL_016000,2025-09-23,56049.38,Completed,Bank Transfer,0.8275117251809806
PAY_001257,CLM_006470,POL_008937,2026-01-21,44773.28,Completed,Bank Transfer,0.8157856905601907
PAY_001258,CLM_003238,POL_024056,2024-12-24,204953.73,Completed,UPI,0.9368309088694263
PAY_001259,CLM_000939,POL_015006,2026-03-23,46815.57,Completed,UPI,0.8113067208097337
PAY_001260,CLM_007284,POL_016173,2026-10-05,326505.38,Completed,Cheque,0.8808185537203059
PAY_001261,CLM_001059,POL_008142,2026-08-22,66938.57,Completed,NEFT,0.8554319749003179
PAY_001262,CLM_003293,POL_002356,2026-07-22,140990.06,Completed,Cheque,0.9493065533702758
PAY_001263,CLM_006162,POL_015145,2025-11-18,117571.41,Completed,Bank Transfer,0.8619650970272789
PAY_001264,CLM_000455,POL_003493,2025-07-19,388145.93,Completed,UPI,0.9805300536054821
PAY_001265,CLM_009100,POL_019169,2024-09-05,282110.81,Completed,Bank Transfer,0.992513372558567
PAY_001266,CLM_000408,POL_004358,2024-05-30,262198.27,Completed,UPI,0.8224744605408687
PAY_001267,CLM_002269,POL_021963,2024-11-03,68922.64,Completed,Bank Transfer,0.999911792936239
PAY_001268,CLM_004603,POL_019398,2024-08-22,79832.41,Completed,Bank Transfer,0.8405479326861777
PAY_001269,CLM_003613,POL_014284,2025-03-27,75356.91,Completed,UPI,0.9926505805715985
PAY_001270,CLM_006716,POL_023111,2025-06-07,44646.7,Completed,Bank Transfer,0.9471514092596885
PAY_001271,CLM_006595,POL_013795,2026-10-08,762236.96,Completed,UPI,0.7853623631720292
PAY_001272,CLM_005352,POL_013468,2026-05-30,546305.81,Completed,Bank Transfer,0.9871722816680661
PAY_001273,CLM_005118,POL_002926,2024-12-02,58526.25,Completed,UPI,0.9722695218081085
PAY_001274,CLM_002462,POL_009253,2026-05-02,1106540.12,Completed,NEFT,0.8921482936482563
PAY_001275,CLM_003895,POL_005095,2025-11-03,759847.16,Completed,Bank Transfer,0.8370369497261513
PAY_001276,CLM_001249,POL_014748,2024-05-11,30406.63,Completed,UPI,0.9458871435615152
PAY_001277,CLM_003814,POL_020166,2025-08-16,176946.96,Completed,Bank Transfer,0.8006073046683695
PAY_001278,CLM_008488,POL_000171,2025-09-11,129375.43,Completed,Bank Transfer,0.926547961973667
PAY_001279,CLM_005736,POL_003017,2024-03-26,127602.01,Completed,UPI,0.7902461014262416
PAY_001280,CLM_006518,POL_017049,2025-04-23,81126.18,Completed,Bank Transfer,0.971076292389482
PAY_001281,CLM_003223,POL_011142,2026-01-14,79182.55,Completed,UPI,0.9953222116760181
PAY_001282,CLM_007183,POL_018540,2024-12-08,125041.53,Completed,Bank Transfer,0.8198388745213403
PAY_001283,CLM_000533,POL_004114,2024-11-08,990520.35,Completed,UPI,0.9889501641558648
PAY_001284,CLM_004696,POL_018823,2025-05-31,311892.69,Completed,Bank Transfer,0.7923576671000558
PAY_001285,CLM_003857,POL_000067,2026-09-26,69046.26,Completed,Cheque,0.9712777404141087
PAY_001286,CLM_009604,POL_000982,2026-07-26,231571.12,Completed,Cheque,0.8897819923627511
PAY_001287,CLM_002244,POL_020295,2025-02-13,66525.29,Completed,Bank Transfer,0.961386048900484
PAY_001288,CLM_006154,POL_000584,2025-10-21,116576.21,Completed,Bank Transfer,0.8128620318822691
PAY_001289,CLM_007273,POL_009033,2024-05-27,38300.28,Completed,UPI,0.9537969682427777
PAY_001290,CLM_007703,POL_021523,2025-11-23,605986.45,Completed,NEFT,0.9149382653493837
PAY_001291,CLM_006874,POL_011028,2026-10-08,49313.88,Completed,Bank Transfer,0.8836486963757844
PAY_001292,CLM_006063,POL_003030,2026-10-08,69022.87,Completed,Bank Transfer,0.961629753944754
PAY_001293,CLM_009070,POL_001849,2026-08-07,144337.27,Completed,NEFT,0.969121801523673
PAY_001294,CLM_006255,POL_007341,2026-09-27,483088.71,Completed,NEFT,0.900342083939749
PAY_001295,CLM_004535,POL_024530,2025-04-11,38214.44,Completed,Cheque,0.8387630768514899
PAY_001296,CLM_002637,POL_022987,2024-08-03,228098.03,Completed,Bank Transfer,0.7609536148894921
PAY_001297,CLM_002551,POL_011388,2024-09-15,723517.61,Completed,UPI,0.7832085240370805
PAY_001298,CLM_003831,POL_001725,2025-01-20,943485.22,Completed,Bank Transfer,0.9878377003825092
PAY_001299,CLM_000171,POL_003924,2025-05-08,820719.89,Completed,Bank Transfer,0.8316391372275793
PAY_001300,CLM_000692,POL_023322,2026-07-19,35223.88,Completed,Bank Transfer,0.9373228410154116
PAY_001301,CLM_007879,POL_009726,2025-01-22,73129.96,Completed,UPI,0.9032685667307466
PAY_001302,CLM_001994,POL_019939,2025-12-17,152108.85,Completed,UPI,0.8781681565886521
PAY_001303,CLM_005713,POL_022109,2026-10-08,22285.46,Completed,Cheque,0.8599006340406353
PAY_001304,CLM_007464,POL_010058,2025-09-11,67377.02,Completed,Cheque,0.9048758554261914
PAY_001305,CLM_006497,POL_011153,2026-01-13,54237.29,Completed,Cheque,0.9243506299839288
PAY_001306,CLM_001360,POL_011627,2025-07-07,76497.76,Completed,Bank Transfer,0.986178655942229
PAY_001307,CLM_003675,POL_017945,2025-05-03,234422.72,Completed,Bank Transfer,0.8220197754441396
PAY_001308,CLM_007327,POL_001954,2025-10-04,127210.56,Completed,Bank Transfer,0.8021059839579509
PAY_001309,CLM_000635,POL_022170,2026-10-08,540330.52,Completed,Bank Transfer,0.7654767851286647
PAY_001310,CLM_001228,POL_001784,2024-10-10,21921.55,Completed,Bank Transfer,0.825491032645636
PAY_001311,CLM_008042,POL_019931,2026-10-08,390675.54,Completed,UPI,0.874244976631224
PAY_001312,CLM_006802,POL_013458,2026-03-20,799737.67,Completed,Cheque,0.9416336610983302
PAY_001313,CLM_009432,POL_001306,2026-07-25,246607.56,Completed,UPI,0.7597264883643876
PAY_001314,CLM_009037,POL_001651,2024-11-21,490640.16,Completed,Bank Transfer,0.8935104815989694
PAY_001315,CLM_001706,POL_006302,2026-07-05,72912.32,Completed,Bank Transfer,0.9572844918019615
PAY_001316,CLM_005471,POL_012447,2025-07-26,334043.9,Completed,Bank Transfer,0.8435048160320405
PAY_001317,CLM_008841,POL_010546,2025-03-26,230479.04,Completed,Cheque,0.9837448378577048
PAY_001318,CLM_002633,POL_011972,2025-11-19,176321.14,Completed,NEFT,0.992622987596853
PAY_001319,CLM_009328,POL_017553,2024-04-15,238468.68,Completed,Bank Transfer,0.956473113118021
PAY_001320,CLM_006577,POL_011629,2024-03-20,138621.62,Completed,Bank Transfer,0.8918149495955452
PAY_001321,CLM_005311,POL_007462,2025-02-20,209092.25,Completed,Bank Transfer,0.9163085254603196
PAY_001322,CLM_006918,POL_023125,2025-12-04,556849.64,Completed,Bank Transfer,0.9127740071562119
PAY_001323,CLM_000391,POL_019470,2025-03-02,144772.13,Completed,Bank Transfer,0.8917562880767156
PAY_001324,CLM_008761,POL_020581,2026-07-30,40359.65,Completed,Bank Transfer,0.9133506500324972
PAY_001325,CLM_004236,POL_022205,2026-09-06,77313.64,Completed,UPI,0.8566357726488666
PAY_001326,CLM_005362,POL_007266,2025-04-07,66383.48,Completed,Cheque,0.9007346885165468
PAY_001327,CLM_005964,POL_009998,2026-05-01,491465.12,Completed,NEFT,0.9269807414806734
PAY_001328,CLM_008660,POL_007162,2024-11-25,357844.12,Completed,Bank Transfer,0.9686286385954548
PAY_001329,CLM_005681,POL_005740,2024-12-22,29979.12,Completed,Bank Transfer,0.8361847102010557
PAY_001330,CLM_003609,POL_022322,2024-12-31,164515.93,Completed,Bank Transfer,0.83388432797484
PAY_001331,CLM_003581,POL_018930,2024-10-19,58928.31,Completed,Bank Transfer,0.8925315999780685
PAY_001332,CLM_001600,POL_016856,2024-04-06,74305.82,Completed,Cheque,0.950943965120623
PAY_001333,CLM_007760,POL_003156,2026-09-25,141275.58,Completed,Bank Transfer,0.8126802097664115
PAY_001334,CLM_002761,POL_015016,2025-01-06,239332.67,Completed,Bank Transfer,0.9568363783269563
PAY_001335,CLM_004547,POL_021160,2026-04-19,64383.96,Completed,Bank Transfer,0.8989513995720261
PAY_001336,CLM_000841,POL_000787,2024-07-20,545930.46,Completed,Bank Transfer,0.8831403579532623
PAY_001337,CLM_000082,POL_024119,2024-03-23,63823.27,Completed,UPI,0.9351305811739522
PAY_001338,CLM_008339,POL_006103,2025-12-22,185433.94,Completed,UPI,0.8350954570430359
PAY_001339,CLM_001132,POL_008036,2025-11-13,36783.13,Completed,Cheque,0.7585666084625979
PAY_001340,CLM_006296,POL_024446,2025-09-11,188385.37,Completed,Cheque,0.8580405968527505
PAY_001341,CLM_006373,POL_016691,2025-06-25,550751.39,Completed,UPI,0.8199943554157888
PAY_001342,CLM_002383,POL_022811,2024-12-29,216287.81,Completed,Cheque,0.9002403773114652
PAY_001343,CLM_005915,POL_001323,2024-06-24,210291.5,Completed,UPI,0.8963549316858718
PAY_001344,CLM_004104,POL_018743,2026-10-08,94260.18,Completed,Bank Transfer,0.7937402593115676
PAY_001345,CLM_001997,POL_015752,2025-04-09,111713.68,Completed,UPI,0.76952349252827
PAY_001346,CLM_001718,POL_022545,2026-05-21,47969.17,Completed,UPI,0.8407111379065282
PAY_001347,CLM_002707,POL_000302,2026-06-19,146153.99,Completed,Bank Transfer,0.9435722405074479
PAY_001348,CLM_009182,POL_002284,2026-08-14,107442.94,Completed,Bank Transfer,0.7841508646296623
PAY_001349,CLM_007860,POL_021781,2026-09-17,43450.09,Completed,UPI,0.8805416505470796
PAY_001350,CLM_002427,POL_005369,2026-03-24,38532.23,Completed,Bank Transfer,0.8790051961644468
PAY_001351,CLM_002950,POL_014412,2024-06-23,321430.3,Completed,UPI,0.9959151189738369
PAY_001352,CLM_008509,POL_021990,2024-07-06,44638.02,Completed,Bank Transfer,0.9244921125768191
PAY_001353,CLM_000254,POL_006826,2025-02-07,95917.25,Completed,Cheque,0.8769724674682527
PAY_001354,CLM_003699,POL_001635,2026-10-08,769539.61,Completed,Bank Transfer,0.7620535842357955
PAY_001355,CLM_006166,POL_010778,2026-08-23,62405.96,Completed,Bank Transfer,0.9204926643446114
PAY_001356,CLM_000608,POL_007526,2025-12-30,95069.28,Completed,UPI,0.8040959045775284
PAY_001357,CLM_006979,POL_000569,2024-08-29,94965.5,Completed,NEFT,0.9283283276629338
PAY_001358,CLM_000800,POL_020857,2025-10-08,131433.49,Completed,UPI,0.8191609006055696
PAY_001359,CLM_002484,POL_007327,2025-09-17,198236.12,Completed,UPI,0.8123356467431275
PAY_001360,CLM_004640,POL_009652,2026-01-22,75632.31,Completed,UPI,0.9032067338018289
PAY_001361,CLM_008072,POL_021864,2026-09-27,39375.55,Completed,UPI,0.7577182751397791
PAY_001362,CLM_005221,POL_002242,2026-07-23,95346.99,Completed,UPI,0.7606787590883438
PAY_001363,CLM_000641,POL_016988,2026-02-10,137247.04,Completed,UPI,0.8822112360717697
PAY_001364,CLM_004841,POL_019844,2026-02-26,365660.25,Completed,Bank Transfer,0.7532474736995974
PAY_001365,CLM_002312,POL_008712,2026-07-23,89240.27,Completed,Bank Transfer,0.9826571016085731
PAY_001366,CLM_004177,POL_003397,2025-07-10,109399.14,Completed,Bank Transfer,0.9854775144512316
PAY_001367,CLM_007790,POL_001962,2025-01-05,261646.27,Completed,NEFT,0.7705589395874063
PAY_001368,CLM_003566,POL_023634,2024-11-10,80266.44,Completed,NEFT,0.8379287137093284
PAY_001369,CLM_006314,POL_014977,2026-02-03,573112.41,Completed,UPI,0.799293883564942
PAY_001370,CLM_002380,POL_010628,2025-11-09,252168.37,Completed,Bank Transfer,0.9288655729038395
PAY_001371,CLM_000251,POL_005033,2024-07-13,72541.13,Completed,Bank Transfer,0.8664639136062696
PAY_001372,CLM_005047,POL_009692,2025-04-12,451254.8,Completed,UPI,0.9127345637140808
PAY_001373,CLM_001143,POL_010688,2024-03-15,228470.37,Completed,Cheque,0.8201532510603964
PAY_001374,CLM_002061,POL_017454,2024-01-11,1047359.64,Completed,Bank Transfer,0.9542033351921609
PAY_001375,CLM_002136,POL_021263,2026-07-09,672580.56,Completed,UPI,0.9955360625230112
PAY_001376,CLM_006519,POL_004467,2026-10-08,48789.21,Completed,Cheque,0.7681243843215702
PAY_001377,CLM_002724,POL_005911,2025-09-24,198857.78,Completed,NEFT,0.8661373787792667
PAY_001378,CLM_002864,POL_000765,2026-01-18,101282.99,Completed,Bank Transfer,0.9796485189105368
PAY_001379,CLM_003651,POL_020227,2026-04-13,579322.99,Completed,UPI,0.8556897067596996
PAY_001380,CLM_008449,POL_001943,2025-10-08,45520.24,Completed,Bank Transfer,0.8326982335439154
PAY_001381,CLM_008127,POL_010756,2024-09-30,222639.31,Completed,Bank Transfer,0.7556018784353495
PAY_001382,CLM_003903,POL_005257,2024-04-28,147328.53,Completed,Bank Transfer,0.9491393945547343
PAY_001383,CLM_007238,POL_023696,2026-02-27,155086.2,Completed,UPI,0.9051158654316699
PAY_001384,CLM_000771,POL_015765,2025-08-26,63937.13,Completed,UPI,0.8797388183947142
PAY_001385,CLM_007755,POL_010165,2024-08-22,273715.13,Completed,Bank Transfer,0.9672573395207525
PAY_001386,CLM_001030,POL_024434,2026-07-15,624429.99,Completed,Bank Transfer,0.8506484888745589
PAY_001387,CLM_005652,POL_005777,2026-06-10,133588.48,Completed,Bank Transfer,0.9627663411788983
PAY_001388,CLM_009394,POL_013162,2026-04-20,84923.43,Completed,Bank Transfer,0.9789242389119579
PAY_001389,CLM_000806,POL_023230,2025-02-16,306660.16,Completed,Bank Transfer,0.7955419580714377
PAY_001390,CLM_008651,POL_016050,2026-09-13,307779.75,Completed,UPI,0.9757123882350637
PAY_001391,CLM_008220,POL_021256,2025-09-17,109858.02,Completed,Bank Transfer,0.8003574207423511
PAY_001392,CLM_001989,POL_003641,2026-10-08,109132.34,Completed,UPI,0.9111018886946727
PAY_001393,CLM_009196,POL_011478,2025-04-14,25218.88,Completed,Cheque,0.8026380657664117
PAY_001394,CLM_009412,POL_012594,2026-05-24,133140.16,Completed,Bank Transfer,0.7623394896248034
PAY_001395,CLM_001308,POL_005100,2026-05-25,179507.13,Completed,Bank Transfer,0.76397478889704
PAY_001396,CLM_007350,POL_006876,2025-02-26,159715.26,Completed,Bank Transfer,0.9351198876605009
PAY_001397,CLM_003023,POL_002763,2026-02-02,107182.6,Completed,Cheque,0.9422394337768908
PAY_001398,CLM_008506,POL_023035,2026-09-11,491705.22,Completed,Bank Transfer,0.9840602740425667
PAY_001399,CLM_008662,POL_005459,2026-07-23,91293.35,Completed,Bank Transfer,0.9295188111962943
PAY_001400,CLM_007262,POL_000175,2024-03-05,224854.18,Completed,UPI,0.9050651956836538
PAY_001401,CLM_005537,POL_017077,2024-11-23,129696.31,Completed,Bank Transfer,0.9219269176198965
PAY_001402,CLM_002689,POL_010009,2026-10-08,166974.72,Completed,Bank Transfer,0.9005019575400279
PAY_001403,CLM_008643,POL_013893,2024-09-07,135261.5,Completed,UPI,0.9504262571629872
PAY_001404,CLM_005382,POL_018655,2026-09-04,183168.96,Completed,Bank Transfer,0.9213046818709376
PAY_001405,CLM_001336,POL_002906,2025-02-22,40467.22,Completed,NEFT,0.9334546654025988
PAY_001406,CLM_009682,POL_008359,2025-12-13,117896.79,Completed,Bank Transfer,0.7874244162180987
PAY_001407,CLM_003262,POL_014894,2025-09-23,1199549.65,Completed,Bank Transfer,0.7636243161810845
PAY_001408,CLM_002657,POL_011960,2026-04-01,57218.01,Completed,NEFT,0.985124651354981
PAY_001409,CLM_000022,POL_012761,2026-01-19,296935.17,Completed,UPI,0.8978453176094054
PAY_001410,CLM_009057,POL_011561,2025-07-05,121660.84,Completed,NEFT,0.8402697353589915
PAY_001411,CLM_000442,POL_000843,2024-12-05,138760.67,Completed,Cheque,0.7928943274558907
PAY_001412,CLM_006481,POL_016725,2026-10-08,192057.23,Completed,Bank Transfer,0.7692486668026604
PAY_001413,CLM_007103,POL_008272,2025-08-05,110368.09,Completed,UPI,0.792129255453797
PAY_001414,CLM_001691,POL_017866,2024-02-28,135425.34,Completed,Bank Transfer,0.8037183236813191
PAY_001415,CLM_003240,POL_014729,2025-07-19,69395.96,Completed,Bank Transfer,0.9184306679470743
PAY_001416,CLM_006346,POL_013209,2024-08-09,66678.13,Completed,Bank Transfer,0.7849102077798461
PAY_001417,CLM_004772,POL_014752,2026-07-15,164057.37,Completed,Cheque,0.9852370023620602
PAY_001418,CLM_001974,POL_023797,2025-03-03,446145.03,Completed,Cheque,0.9357837738382901
PAY_001419,CLM_004140,POL_004858,2026-10-08,328263.32,Completed,UPI,0.8222711231377003
PAY_001420,CLM_001759,POL_022932,2026-03-31,343398.53,Completed,Bank Transfer,0.8983814048798906
PAY_001421,CLM_005317,POL_019973,2025-08-01,417214.99,Completed,Cheque,0.8554333319473023
PAY_001422,CLM_006924,POL_004864,2026-10-08,150949.72,Completed,UPI,0.8122968245189144
PAY_001423,CLM_004474,POL_017748,2024-10-02,669251.38,Completed,NEFT,0.7854894800024591
PAY_001424,CLM_007781,POL_014473,2025-02-27,262298.66,Completed,Bank Transfer,0.8520714261049056
PAY_001425,CLM_008347,POL_022366,2026-09-25,321951.85,Completed,UPI,0.9932406038497963
PAY_001426,CLM_009974,POL_005559,2026-03-07,73143.79,Completed,UPI,0.7826874944490277
PAY_001427,CLM_007401,POL_017254,2026-02-08,768849.19,Completed,Cheque,0.9815691040505838
PAY_001428,CLM_008395,POL_017702,2024-07-11,79251.7,Completed,UPI,0.970306800143737
PAY_001429,CLM_005850,POL_018611,2024-08-12,48850.97,Completed,Bank Transfer,0.8537222687764926
PAY_001430,CLM_004707,POL_018621,2026-03-27,32280.3,Completed,UPI,0.7552397782123771
PAY_001431,CLM_003718,POL_001112,2026-06-08,425990.38,Completed,Bank Transfer,0.9534016224531601
PAY_001432,CLM_007772,POL_000260,2026-07-13,92444.9,Completed,Cheque,0.856314535706025
PAY_001433,CLM_001913,POL_013070,2026-07-26,28345.71,Completed,Cheque,0.7911263772147914
PAY_001434,CLM_007421,POL_000094,2026-05-04,622984.16,Completed,Bank Transfer,0.779258625014355
PAY_001435,CLM_002550,POL_008898,2024-11-20,61119.05,Completed,UPI,0.7602912089962558
PAY_001436,CLM_005548,POL_020238,2025-01-19,156337.69,Completed,Bank Transfer,0.823300095054281
PAY_001437,CLM_002731,POL_018676,2026-10-08,103760.09,Completed,Cheque,0.7524700555105729
PAY_001438,CLM_007072,POL_001629,2026-02-20,459463.62,Completed,Bank Transfer,0.8338641872327408
PAY_001439,CLM_000560,POL_004504,2026-10-08,153101.63,Completed,NEFT,0.9968541804728307
PAY_001440,CLM_007027,POL_013980,2024-09-22,437195.14,Completed,Bank Transfer,0.848196973548338
PAY_001441,CLM_001494,POL_011271,2025-09-16,117797.39,Completed,Cheque,0.8917368830395305
PAY_001442,CLM_006436,POL_011693,2024-10-10,763186.15,Completed,Bank Transfer,0.9367877837906603
PAY_001443,CLM_005614,POL_006177,2025-11-18,118471.69,Completed,Bank Transfer,0.8291946980450126
PAY_001444,CLM_005099,POL_018239,2025-08-29,678075.31,Completed,UPI,0.8797422848975471
PAY_001445,CLM_004722,POL_022095,2024-02-26,150135.22,Completed,Bank Transfer,0.8834290235385961
PAY_001446,CLM_009407,POL_015050,2026-01-02,239054.49,Completed,Bank Transfer,0.7918747196566048
PAY_001447,CLM_006892,POL_002027,2026-03-12,788716.77,Completed,Cheque,0.8180026471940196
PAY_001448,CLM_001462,POL_019065,2024-12-14,93403.0,Completed,UPI,0.8356066501775339
PAY_001449,CLM_007213,POL_017939,2024-04-08,283799.77,Completed,Cheque,0.847916670339083
PAY_001450,CLM_001342,POL_002680,2025-05-31,1041583.23,Completed,Bank Transfer,0.7818717342339154
PAY_001451,CLM_007320,POL_014806,2026-08-22,140341.09,Completed,UPI,0.9884624632991964
PAY_001452,CLM_001011,POL_017452,2026-03-23,95543.44,Completed,UPI,0.914633951379871
PAY_001453,CLM_000775,POL_023734,2025-03-11,76901.71,Completed,UPI,0.9347740364687479
PAY_001454,CLM_003455,POL_007112,2025-01-03,773527.03,Completed,UPI,0.9645875678048007
PAY_001455,CLM_008280,POL_002938,2025-10-25,319076.39,Completed,Bank Transfer,0.9499383268457758
PAY_001456,CLM_005315,POL_010952,2026-07-24,88595.24,Completed,Cheque,0.835373066917355
PAY_001457,CLM_000958,POL_003368,2026-05-31,65023.97,Completed,Bank Transfer,0.7651996175883021
PAY_001458,CLM_000050,POL_011710,2024-06-03,46021.77,Completed,UPI,0.9842214117880039
PAY_001459,CLM_003611,POL_017621,2025-10-17,459060.28,Completed,Cheque,0.9408693314968227
PAY_001460,CLM_000064,POL_016804,2026-03-15,335677.71,Completed,NEFT,0.8525015037860361
PAY_001461,CLM_005527,POL_020382,2025-03-01,377969.63,Completed,Cheque,0.8231930093188581
PAY_001462,CLM_007572,POL_000661,2026-09-11,407623.5,Completed,Cheque,0.8575167624238463
PAY_001463,CLM_001398,POL_015482,2024-07-01,222712.52,Completed,UPI,0.7554080461460193
PAY_001464,CLM_009371,POL_004797,2026-06-17,322902.07,Completed,Bank Transfer,0.8387001399989091
PAY_001465,CLM_002203,POL_012933,2025-03-25,77024.68,Completed,Cheque,0.8460662670632311
PAY_001466,CLM_008823,POL_010834,2026-10-08,445368.89,Completed,UPI,0.8844664704909837
PAY_001467,CLM_003230,POL_006505,2026-07-19,374312.56,Completed,Bank Transfer,0.9028124715920883
PAY_001468,CLM_006788,POL_008454,2024-10-23,58267.91,Completed,Bank Transfer,0.9860863255027453
PAY_001469,CLM_006191,POL_009207,2026-04-22,398201.7,Completed,Bank Transfer,0.8820807500498633
PAY_001470,CLM_004406,POL_018993,2026-08-23,182583.2,Completed,Cheque,0.8649790758605759
PAY_001471,CLM_004088,POL_006921,2026-09-06,67106.63,Completed,Cheque,0.9520435916275544
PAY_001472,CLM_009627,POL_008620,2025-12-08,203484.91,Completed,NEFT,0.8086987866432795
PAY_001473,CLM_004409,POL_022129,2025-03-09,201403.64,Completed,Bank Transfer,0.835365085066543
PAY_001474,CLM_007161,POL_012193,2026-08-31,331192.48,Completed,Bank Transfer,0.8569155091619336
PAY_001475,CLM_000040,POL_024331,2024-12-17,324972.66,Completed,NEFT,0.8033292468038524
PAY_001476,CLM_005150,POL_015583,2025-04-14,79658.49,Completed,NEFT,0.8342807056937858
PAY_001477,CLM_000087,POL_024680,2025-06-02,154888.13,Completed,UPI,0.9410633506294063
PAY_001478,CLM_001512,POL_004045,2026-05-22,228762.01,Completed,UPI,0.9112484619630604
PAY_001479,CLM_003840,POL_004416,2024-07-08,651901.75,Completed,UPI,0.9313198525515625
PAY_001480,CLM_004506,POL_023397,2026-08-28,272150.36,Completed,NEFT,0.9913904149303089
PAY_001481,CLM_003796,POL_011203,2025-03-04,60431.95,Completed,Bank Transfer,0.8427777269527323
PAY_001482,CLM_002097,POL_010284,2025-10-07,1291797.11,Completed,Cheque,0.9177451747723776
PAY_001483,CLM_000321,POL_012394,2024-08-02,50180.64,Completed,UPI,0.7684907496671013
PAY_001484,CLM_005368,POL_016508,2024-06-24,67585.42,Completed,UPI,0.941605365522007
PAY_001485,CLM_008601,POL_013570,2025-07-01,123302.65,Completed,Cheque,0.9426077366785174
PAY_001486,CLM_004729,POL_004703,2025-03-04,54667.08,Completed,NEFT,0.7819537127906683
PAY_001487,CLM_006250,POL_004141,2026-08-03,205377.17,Completed,UPI,0.7837323422151196
PAY_001488,CLM_006229,POL_000151,2024-09-10,575604.87,Completed,Bank Transfer,0.9649719325635843
PAY_001489,CLM_004391,POL_014337,2024-07-01,398224.19,Completed,UPI,0.9795303385680417
PAY_001490,CLM_009424,POL_014221,2025-03-03,751854.49,Completed,Bank Transfer,0.8293286838111198
PAY_001491,CLM_001405,POL_024238,2025-10-28,422807.28,Completed,Bank Transfer,0.9426223315112218
PAY_001492,CLM_006541,POL_012712,2026-08-05,95173.72,Completed,Bank Transfer,0.8750172615393045
PAY_001493,CLM_009702,POL_009650,2025-02-10,541443.48,Completed,Bank Transfer,0.8892942822476821
PAY_001494,CLM_008475,POL_012013,2026-10-08,99286.15,Completed,Cheque,0.8720984517785692
PAY_001495,CLM_009712,POL_016491,2024-09-11,228355.55,Completed,NEFT,0.857526625113342
PAY_001496,CLM_002736,POL_007991,2025-06-09,226919.05,Completed,Bank Transfer,0.8676058581457718
PAY_001497,CLM_008087,POL_019213,2024-10-23,96821.67,Completed,NEFT,0.9146166002222361
PAY_001498,CLM_003398,POL_019342,2026-09-10,965874.0,Completed,Bank Transfer,0.7679975863600912
PAY_001499,CLM_003009,POL_004882,2025-11-20,422235.32,Completed,Bank Transfer,0.8280852346533899
PAY_001500,CLM_005853,POL_005910,2025-11-01,194827.73,Completed,NEFT,0.7877309764068124
PAY_001501,CLM_004382,POL_014649,2026-07-21,256047.72,Completed,Bank Transfer,0.788848743491863
PAY_001502,CLM_005901,POL_013211,2024-08-20,373488.39,Completed,UPI,0.9308200278422284
PAY_001503,CLM_007066,POL_012028,2024-12-26,55277.51,Completed,Bank Transfer,0.9361084010876823
PAY_001504,CLM_003587,POL_000897,2026-09-20,53157.36,Completed,Bank Transfer,0.8305144539502486
PAY_001505,CLM_000356,POL_015478,2026-05-22,111201.18,Completed,UPI,0.9961138535303575
PAY_001506,CLM_008585,POL_020461,2024-12-17,161119.28,Completed,Cheque,0.7722744192014583
PAY_001507,CLM_006477,POL_012172,2024-08-05,125727.59,Completed,Cheque,0.9453225000240603
PAY_001508,CLM_007457,POL_003220,2025-07-28,187151.42,Completed,UPI,0.7626074268964933
PAY_001509,CLM_006887,POL_011143,2026-06-10,223762.62,Completed,Bank Transfer,0.8264682900063071
PAY_001510,CLM_004708,POL_017404,2026-06-19,144592.6,Completed,Bank Transfer,0.94127368920117
PAY_001511,CLM_008438,POL_004917,2026-01-08,142387.95,Completed,Bank Transfer,0.8474976822786094
PAY_001512,CLM_008018,POL_016960,2025-05-03,1233813.52,Completed,UPI,0.9593057743930055
PAY_001513,CLM_008638,POL_007381,2025-04-08,716959.43,Completed,Cheque,0.9469187409256741
PAY_001514,CLM_006831,POL_002756,2025-11-21,149030.4,Completed,UPI,0.8383364497336996
PAY_001515,CLM_004217,POL_018530,2026-05-07,225630.6,Completed,Cheque,0.80507479436447
PAY_001516,CLM_007380,POL_013156,2026-09-11,488368.62,Completed,Bank Transfer,0.9703665892681369
PAY_001517,CLM_006978,POL_003557,2025-04-25,79282.41,Completed,Cheque,0.951027187299039
PAY_001518,CLM_009420,POL_020975,2026-09-28,201001.65,Completed,Bank Transfer,0.8953372687760373
PAY_001519,CLM_006461,POL_004621,2026-05-07,59089.87,Completed,UPI,0.9629329480072101
PAY_001520,CLM_000941,POL_019386,2025-07-16,132156.47,Completed,Bank Transfer,0.8328196550688476
PAY_001521,CLM_005149,POL_021163,2025-12-31,74778.74,Completed,Bank Transfer,0.7750601386529046
PAY_001522,CLM_009475,POL_016803,2026-05-21,96909.03,Completed,Cheque,0.78835232957964
PAY_001523,CLM_005432,POL_023128,2026-02-06,78190.78,Completed,Cheque,0.8429462093780307
PAY_001524,CLM_000419,POL_013727,2026-08-31,201260.97,Completed,UPI,0.9810864639334982
PAY_001525,CLM_000428,POL_020613,2026-02-26,160809.99,Completed,UPI,0.762934675546839
PAY_001526,CLM_008487,POL_019014,2024-12-10,51151.83,Completed,Bank Transfer,0.8589130831206697
PAY_001527,CLM_004954,POL_008360,2026-07-07,311697.07,Completed,Bank Transfer,0.7954982440940273
PAY_001528,CLM_007634,POL_006890,2026-06-04,43212.96,Completed,UPI,0.8391788301393901
PAY_001529,CLM_004167,POL_004419,2026-01-12,273671.81,Completed,Cheque,0.8804972925217103
PAY_001530,CLM_002966,POL_003974,2026-07-04,171361.09,Completed,Cheque,0.7790558336162636
PAY_001531,CLM_004085,POL_012190,2026-05-19,508403.46,Completed,NEFT,0.9106925667732926
PAY_001532,CLM_000963,POL_006995,2026-10-08,152249.64,Completed,Bank Transfer,0.9362776819837548
PAY_001533,CLM_006709,POL_010633,2025-05-22,134417.21,Completed,UPI,0.757089610979548
PAY_001534,CLM_006655,POL_015034,2026-05-25,75850.0,Completed,Bank Transfer,0.9302522952151059
PAY_001535,CLM_009680,POL_006338,2026-07-16,222036.93,Completed,Bank Transfer,0.8242610587134496
PAY_001536,CLM_000341,POL_017366,2026-04-29,497474.95,Completed,Cheque,0.799015008216938
PAY_001537,CLM_001128,POL_024453,2025-04-06,626764.97,Completed,UPI,0.9368464437657659
PAY_001538,CLM_001962,POL_021683,2025-06-07,294652.87,Completed,Cheque,0.8736313008209267
PAY_001539,CLM_001472,POL_009547,2024-08-25,119029.89,Completed,Cheque,0.951462650360294
PAY_001540,CLM_004033,POL_021722,2026-01-26,158525.38,Completed,NEFT,0.7890479756444706
PAY_001541,CLM_001418,POL_008220,2025-06-03,496607.42,Completed,Bank Transfer,0.9111638266980553
PAY_001542,CLM_001164,POL_012328,2026-01-31,268179.27,Completed,UPI,0.8340933230364712
PAY_001543,CLM_008517,POL_004256,2025-06-13,71099.72,Completed,UPI,0.7678648068785406
PAY_001544,CLM_008455,POL_022283,2025-11-02,192986.54,Completed,Bank Transfer,0.9298339778865241
PAY_001545,CLM_000362,POL_016052,2024-07-10,35523.63,Completed,Bank Transfer,0.7673478054626469
PAY_001546,CLM_001289,POL_001780,2026-10-08,47736.9,Completed,Cheque,0.7610754915066974
PAY_001547,CLM_008782,POL_012965,2024-09-09,18516.52,Completed,Bank Transfer,0.7752886001526584
PAY_001548,CLM_006269,POL_018579,2025-09-15,129311.56,Completed,Bank Transfer,0.9640098628850243
PAY_001549,CLM_004549,POL_017354,2025-02-04,194884.43,Completed,NEFT,0.7657789692593178
PAY_001550,CLM_003966,POL_010039,2026-08-05,477429.98,Completed,Bank Transfer,0.7674055586249136
PAY_001551,CLM_005157,POL_021577,2024-09-10,184600.62,Completed,Cheque,0.7989190306937515
PAY_001552,CLM_008177,POL_016279,2024-09-13,114754.33,Completed,NEFT,0.8900912574773571
PAY_001553,CLM_004567,POL_014421,2026-08-26,111111.41,Completed,UPI,0.9678075461028885
PAY_001554,CLM_007797,POL_001680,2026-09-04,35188.58,Completed,UPI,0.8305328369918534
PAY_001555,CLM_009500,POL_012483,2026-06-19,147987.97,Completed,UPI,0.904310600212848
PAY_001556,CLM_006837,POL_013803,2026-03-18,35357.95,Completed,Bank Transfer,0.7842872165971538
PAY_001557,CLM_004311,POL_023191,2024-12-24,253549.8,Completed,Bank Transfer,0.7594857539021588
PAY_001558,CLM_006986,POL_014107,2025-04-24,328163.58,Completed,Bank Transfer,0.9957013212620631
PAY_001559,CLM_001967,POL_019533,2025-01-29,125503.05,Completed,Bank Transfer,0.8379761984487735
PAY_001560,CLM_009168,POL_015697,2024-11-16,154735.98,Completed,UPI,0.8489127555719508
PAY_001561,CLM_008626,POL_022291,2026-10-08,154699.03,Completed,Bank Transfer,0.8016760679796548
PAY_001562,CLM_004804,POL_000194,2025-02-18,335206.43,Completed,Cheque,0.9673621950158426
PAY_001563,CLM_007154,POL_005536,2025-02-07,218969.67,Completed,UPI,0.789609086478931
PAY_001564,CLM_003518,POL_018875,2026-04-23,166035.3,Completed,Bank Transfer,0.9211526184604233
PAY_001565,CLM_004308,POL_023276,2025-12-05,309510.26,Completed,UPI,0.8700129356375085
PAY_001566,CLM_002906,POL_020526,2026-04-30,131517.74,Completed,Bank Transfer,0.7685046740986334
PAY_001567,CLM_002537,POL_017717,2026-10-08,130603.65,Completed,Bank Transfer,0.8346848117557149
PAY_001568,CLM_004846,POL_005258,2026-02-22,63674.34,Completed,Bank Transfer,0.9881805092003002
PAY_001569,CLM_009734,POL_010167,2025-04-19,58201.01,Completed,UPI,0.9243380496519737
PAY_001570,CLM_008069,POL_014718,2026-01-28,441776.87,Completed,UPI,0.8795530052005448
PAY_001571,CLM_002690,POL_008808,2024-12-15,189608.55,Completed,Bank Transfer,0.8187005838678179
PAY_001572,CLM_004209,POL_005635,2025-12-29,453549.02,Completed,UPI,0.902012511500411
PAY_001573,CLM_002604,POL_004695,2026-02-21,250658.48,Completed,Bank Transfer,0.790759397044354
PAY_001574,CLM_006311,POL_009797,2025-01-22,507307.31,Completed,UPI,0.9904333676078603
PAY_001575,CLM_005840,POL_015499,2026-08-24,425671.45,Completed,Cheque,0.934659863531825
PAY_001576,CLM_004808,POL_000002,2025-04-23,209184.55,Completed,Bank Transfer,0.7620445723355568
PAY_001577,CLM_003433,POL_011599,2025-04-14,77848.65,Completed,Bank Transfer,0.8985716099542914
PAY_001578,CLM_002667,POL_021008,2026-03-28,110620.11,Completed,UPI,0.9384591317234078
PAY_001579,CLM_004850,POL_000674,2024-09-15,1063457.2,Completed,UPI,0.8943019906483446
PAY_001580,CLM_001582,POL_020793,2026-07-03,83545.54,Completed,Bank Transfer,0.9457817917946361
PAY_001581,CLM_006988,POL_008797,2025-05-25,81907.55,Completed,UPI,0.8159630091017813
PAY_001582,CLM_000173,POL_024798,2026-07-28,99216.51,Completed,Bank Transfer,0.9313450984949452
PAY_001583,CLM_009448,POL_010621,2025-12-18,190570.23,Completed,UPI,0.9497931011522203
PAY_001584,CLM_007651,POL_007902,2026-07-31,102231.18,Completed,Bank Transfer,0.8084374175597887
PAY_001585,CLM_008117,POL_021372,2025-06-04,714157.64,Completed,NEFT,0.9253385405177397
PAY_001586,CLM_008080,POL_002240,2026-09-06,431858.58,Completed,Bank Transfer,0.9832004803960754
PAY_001587,CLM_005215,POL_022813,2024-07-28,61303.5,Completed,Cheque,0.9150741727522592
PAY_001588,CLM_007546,POL_014155,2026-08-17,345874.65,Completed,Bank Transfer,0.8692492054231152
PAY_001589,CLM_002225,POL_015545,2026-01-08,542145.65,Completed,Bank Transfer,0.9201655174052533
PAY_001590,CLM_004590,POL_021957,2024-11-05,389608.14,Completed,Cheque,0.8370709402800176
PAY_001591,CLM_004254,POL_014883,2026-05-25,258605.53,Completed,NEFT,0.810426823814657
PAY_001592,CLM_000880,POL_011859,2026-04-11,197005.41,Completed,UPI,0.9239843908145904
PAY_001593,CLM_000102,POL_020705,2024-09-26,61443.94,Completed,UPI,0.7529957357487783
PAY_001594,CLM_001939,POL_003620,2026-07-20,211081.69,Completed,Cheque,0.9292078122208778
PAY_001595,CLM_002047,POL_014789,2025-04-26,37202.89,Completed,Bank Transfer,0.7713580112783686
PAY_001596,CLM_004076,POL_021692,2026-04-12,237452.42,Completed,NEFT,0.7979227538669793
PAY_001597,CLM_002371,POL_022011,2026-10-08,155516.84,Completed,NEFT,0.9321044711835894
PAY_001598,CLM_007231,POL_020557,2025-08-15,324568.95,Completed,UPI,0.8331277694650973
PAY_001599,CLM_007742,POL_024669,2026-06-21,141285.63,Completed,UPI,0.9261468000864492
PAY_001600,CLM_005737,POL_002542,2026-08-30,677149.26,Completed,Bank Transfer,0.952830135845879
PAY_001601,CLM_004039,POL_014595,2026-09-07,92737.62,Completed,Bank Transfer,0.9090807677332154
PAY_001602,CLM_000205,POL_013817,2024-10-20,155313.85,Completed,Bank Transfer,0.9855525674337364
PAY_001603,CLM_004290,POL_014193,2026-09-30,137717.36,Completed,Bank Transfer,0.9871501013726252
PAY_001604,CLM_002230,POL_003576,2024-05-17,159666.82,Completed,Bank Transfer,0.9446057865075046
PAY_001605,CLM_005599,POL_014871,2025-10-29,76620.23,Completed,Cheque,0.7599776272462766
PAY_001606,CLM_000658,POL_001214,2024-06-07,204375.71,Completed,UPI,0.8711611763420599
PAY_001607,CLM_007727,POL_000097,2025-02-24,211298.14,Completed,UPI,0.9060670751108345
PAY_001608,CLM_005573,POL_016756,2024-08-05,405174.79,Completed,UPI,0.8711148590396002
PAY_001609,CLM_007114,POL_021249,2024-10-12,155215.27,Completed,UPI,0.8500871007099117
PAY_001610,CLM_008717,POL_007434,2025-04-30,43738.5,Completed,Bank Transfer,0.7965829898019675
PAY_001611,CLM_001163,POL_007613,2024-06-15,508724.2,Completed,Cheque,0.9657271444690975
PAY_001612,CLM_003017,POL_001053,2025-01-01,250340.79,Completed,UPI,0.787010197807916
PAY_001613,CLM_007005,POL_010388,2026-10-08,204936.75,Completed,Bank Transfer,0.9756462104298586
PAY_001614,CLM_005459,POL_004112,2025-04-07,763985.46,Completed,Bank Transfer,0.8111792782475705
PAY_001615,CLM_003224,POL_021950,2026-10-08,165465.7,Completed,Cheque,0.8146655825839894
PAY_001616,CLM_001631,POL_020607,2026-10-08,34302.36,Completed,Bank Transfer,0.818924594409541
PAY_001617,CLM_003599,POL_003040,2026-10-08,464560.13,Completed,UPI,0.7930781823170758
PAY_001618,CLM_001166,POL_016502,2025-02-03,363567.13,Completed,UPI,0.8475021613142432
PAY_001619,CLM_001641,POL_009025,2026-05-23,69289.67,Completed,Cheque,0.8513982830400998
PAY_001620,CLM_001209,POL_007115,2026-08-04,525353.02,Completed,UPI,0.8653640899439786
PAY_001621,CLM_009180,POL_018048,2024-07-11,391764.55,Completed,UPI,0.9971603302991598
PAY_001622,CLM_007702,POL_011850,2026-10-08,16862.49,Completed,Bank Transfer,0.796572786364839
PAY_001623,CLM_009548,POL_000114,2026-09-18,355663.23,Completed,Cheque,0.8521257752672488
PAY_001624,CLM_009720,POL_002136,2025-10-16,24008.58,Completed,NEFT,0.8299982783690555
PAY_001625,CLM_001787,POL_016069,2026-09-29,20954.71,Completed,Bank Transfer,0.9617237375336757
PAY_001626,CLM_001774,POL_019789,2026-04-03,279690.56,Completed,Bank Transfer,0.8093299300396458
PAY_001627,CLM_007656,POL_006796,2024-01-12,90448.26,Completed,UPI,0.9765747124798607
PAY_001628,CLM_004453,POL_024125,2025-07-09,159276.45,Completed,UPI,0.9556682566825669
PAY_001629,CLM_003092,POL_013801,2026-07-15,55350.5,Completed,Bank Transfer,0.9654447171464398
PAY_001630,CLM_007089,POL_001407,2024-12-23,123957.1,Completed,Cheque,0.9966867190638967
PAY_001631,CLM_007106,POL_010766,2025-11-30,115166.45,Completed,Bank Transfer,0.9339392569630167
PAY_001632,CLM_005672,POL_020948,2026-10-08,238860.64,Completed,Bank Transfer,0.8105926659919551
PAY_001633,CLM_007012,POL_024269,2024-07-08,35344.72,Completed,Bank Transfer,0.8377280928042746
PAY_001634,CLM_005167,POL_007915,2025-09-10,79691.24,Completed,NEFT,0.969211444617038
PAY_001635,CLM_001488,POL_018495,2024-09-13,692247.42,Completed,Bank Transfer,0.8144608836539969
PAY_001636,CLM_006438,POL_008211,2024-09-28,362977.26,Completed,Bank Transfer,0.9556609264794269
PAY_001637,CLM_003148,POL_006854,2025-05-23,327562.22,Completed,UPI,0.7846497806655708
PAY_001638,CLM_000494,POL_015522,2024-01-24,211919.83,Completed,UPI,0.8970528581370636
PAY_001639,CLM_000657,POL_008265,2024-10-15,941342.13,Completed,UPI,0.8834283236705354
PAY_001640,CLM_000974,POL_014762,2025-05-14,121863.07,Completed,UPI,0.9525178008320291
PAY_001641,CLM_000239,POL_016280,2025-10-03,357589.28,Completed,Bank Transfer,0.9102820869545031
PAY_001642,CLM_002036,POL_001259,2025-12-09,92696.74,Completed,Cheque,0.9740464753146193
PAY_001643,CLM_007134,POL_005942,2026-07-26,178673.76,Completed,UPI,0.8138368019851971
PAY_001644,CLM_006046,POL_017981,2026-07-19,161262.79,Completed,NEFT,0.8750043746748837
PAY_001645,CLM_006471,POL_018727,2026-09-12,136390.45,Completed,Bank Transfer,0.8735329670984213
PAY_001646,CLM_000610,POL_000741,2026-02-17,135691.49,Completed,Cheque,0.771354223127946
PAY_001647,CLM_007335,POL_016784,2025-07-21,604270.36,Completed,Bank Transfer,0.9843964611663102
PAY_001648,CLM_005222,POL_016963,2026-06-26,243538.35,Completed,Bank Transfer,0.9253677177999186
PAY_001649,CLM_001274,POL_011384,2025-04-17,88740.09,Completed,UPI,0.9624022551033621
PAY_001650,CLM_008749,POL_005803,2024-10-08,371643.92,Completed,Cheque,0.8441639074445957
PAY_001651,CLM_001814,POL_017419,2024-07-25,83231.69,Completed,Bank Transfer,0.9989053429489373
PAY_001652,CLM_006643,POL_018517,2026-02-03,849157.15,Completed,UPI,0.9436443639646616
PAY_001653,CLM_008834,POL_022574,2025-04-27,90086.89,Completed,Cheque,0.9222064517780137
PAY_001654,CLM_006776,POL_008484,2025-12-07,270491.42,Completed,Cheque,0.7516648236631481
PAY_001655,CLM_005869,POL_017892,2025-09-04,163747.44,Completed,Bank Transfer,0.8012655643070075
PAY_001656,CLM_009318,POL_014069,2025-03-28,159607.59,Completed,UPI,0.8470118355253411
PAY_001657,CLM_002735,POL_001171,2026-10-06,162397.93,Completed,NEFT,0.9813496473108895
PAY_001658,CLM_000145,POL_012941,2025-05-10,103979.52,Completed,Cheque,0.7966582796760027
PAY_001659,CLM_006407,POL_001116,2026-05-02,47494.4,Completed,Bank Transfer,0.9451565463290766
PAY_001660,CLM_006120,POL_013993,2025-02-11,621842.5,Completed,Cheque,0.7688576751424444
PAY_001661,CLM_009473,POL_008926,2026-04-10,240123.13,Completed,Bank Transfer,0.8597734942433666
PAY_001662,CLM_003408,POL_007277,2026-10-08,66605.66,Completed,UPI,0.8531034572858195
PAY_001663,CLM_006239,POL_000243,2025-06-06,687412.16,Completed,NEFT,0.9796155779435859
PAY_001664,CLM_002258,POL_011782,2024-08-20,183670.06,Completed,Bank Transfer,0.7907012665982314
PAY_001665,CLM_005119,POL_010995,2026-08-24,78305.43,Completed,UPI,0.8776657950394584
PAY_001666,CLM_009557,POL_024794,2025-02-10,78132.39,Completed,UPI,0.8915838451729223
PAY_001667,CLM_004484,POL_020083,2025-09-06,463173.38,Completed,Bank Transfer,0.8510906521153162
PAY_001668,CLM_004616,POL_018428,2026-08-05,282089.69,Completed,Bank Transfer,0.9557398681179852
PAY_001669,CLM_008655,POL_013237,2025-05-15,77489.93,Completed,UPI,0.8286888289351151
PAY_001670,CLM_000185,POL_024990,2024-11-20,541541.73,Completed,Cheque,0.9407459945635847
PAY_001671,CLM_005024,POL_007491,2026-01-13,146154.24,Completed,Bank Transfer,0.8216673263051847
PAY_001672,CLM_005434,POL_007417,2023-11-29,563803.16,Completed,Bank Transfer,0.8056523727808371
PAY_001673,CLM_009383,POL_008623,2024-07-04,53777.31,Completed,Cheque,0.8608205416333518
PAY_001674,CLM_009010,POL_019166,2026-07-23,91089.16,Completed,UPI,0.8524654906920467
PAY_001675,CLM_006669,POL_019840,2026-08-06,49168.87,Completed,Bank Transfer,0.7909187189685553
PAY_001676,CLM_006724,POL_014463,2024-10-04,38543.3,Completed,UPI,0.9173774106466648
PAY_001677,CLM_003378,POL_001856,2025-03-08,82764.29,Completed,Cheque,0.9370619354964348
PAY_001678,CLM_004143,POL_014020,2026-07-10,38790.07,Completed,UPI,0.835136872636582
PAY_001679,CLM_004805,POL_011840,2026-06-07,173128.44,Completed,UPI,0.7702275303679388
PAY_001680,CLM_002901,POL_019745,2024-11-08,20815.77,Completed,Bank Transfer,0.988746331228931
PAY_001681,CLM_008839,POL_006090,2025-10-20,269320.11,Completed,UPI,0.9952060369797304
PAY_001682,CLM_007224,POL_009174,2026-09-11,202385.57,Completed,UPI,0.7742439116428306
PAY_001683,CLM_001162,POL_011285,2026-08-03,35933.55,Completed,Bank Transfer,0.8768893781435746
PAY_001684,CLM_000670,POL_018739,2026-05-24,346689.11,Completed,Bank Transfer,0.8017415613240672
PAY_001685,CLM_001270,POL_021893,2025-04-10,227022.48,Completed,UPI,0.9250624854505544
PAY_001686,CLM_004628,POL_019119,2026-05-18,451278.91,Completed,UPI,0.8848562703124003
PAY_001687,CLM_004055,POL_008347,2026-02-17,198348.16,Completed,Bank Transfer,0.983071485795365
PAY_001688,CLM_007539,POL_018857,2024-10-02,330019.22,Completed,UPI,0.9932170835427494
PAY_001689,CLM_006033,POL_011236,2026-06-04,324471.37,Completed,Cheque,0.7716654683194338
PAY_001690,CLM_006838,POL_017517,2026-01-06,158945.26,Completed,Bank Transfer,0.8989088465108799
PAY_001691,CLM_001152,POL_012426,2025-04-22,122051.05,Completed,Bank Transfer,0.8480178820801849
PAY_001692,CLM_000504,POL_007284,2024-04-05,109442.89,Completed,Cheque,0.7905952423951282
PAY_001693,CLM_005430,POL_008449,2026-09-17,234179.17,Completed,Bank Transfer,0.7943771346120211
PAY_001694,CLM_001554,POL_000033,2024-03-21,153755.88,Completed,UPI,0.9235211942861722
PAY_001695,CLM_004197,POL_015100,2025-06-27,272753.05,Completed,UPI,0.812854254462885
PAY_001696,CLM_003696,POL_021537,2026-09-11,240424.68,Completed,Cheque,0.8189779543478922
PAY_001697,CLM_000199,POL_002394,2026-08-14,808830.23,Completed,UPI,0.7502458428862119
PAY_001698,CLM_000548,POL_007573,2025-05-08,196107.11,Completed,UPI,0.8729771680009245
PAY_001699,CLM_001944,POL_024001,2026-09-28,34843.12,Completed,Bank Transfer,0.855048407504513
PAY_001700,CLM_005935,POL_011186,2024-08-22,249218.65,Completed,UPI,0.8182898994662272
PAY_001701,CLM_009068,POL_024040,2024-12-29,452109.43,Completed,NEFT,0.8652604063718583
PAY_001702,CLM_000170,POL_022342,2026-07-15,63922.19,Completed,UPI,0.9147693699570094
PAY_001703,CLM_006308,POL_006980,2025-09-27,554755.93,Completed,UPI,0.8295269530874364
PAY_001704,CLM_005346,POL_006581,2026-08-25,102842.19,Completed,UPI,0.9731331457004024
PAY_001705,CLM_006969,POL_016307,2026-03-22,207187.92,Completed,Cheque,0.9261913853635885
PAY_001706,CLM_001972,POL_017807,2026-08-28,103280.09,Completed,Bank Transfer,0.7530307675650216
PAY_001707,CLM_000606,POL_009937,2025-01-03,177714.69,Completed,UPI,0.7608199171241484
PAY_001708,CLM_005188,POL_024938,2026-05-30,270597.43,Completed,UPI,0.8036459082303685
PAY_001709,CLM_007897,POL_013628,2024-10-09,58130.09,Completed,UPI,0.9556927833058336
PAY_001710,CLM_002174,POL_006032,2026-06-30,93742.29,Completed,Bank Transfer,0.8808778531161255
PAY_001711,CLM_008673,POL_002580,2025-12-27,765122.09,Completed,Bank Transfer,0.9128100343260827
PAY_001712,CLM_003273,POL_017075,2025-11-09,143461.92,Completed,UPI,0.8399466881625193
PAY_001713,CLM_005510,POL_016764,2025-03-12,482577.08,Completed,Bank Transfer,0.9211204571081724
PAY_001714,CLM_009409,POL_008782,2025-11-07,932504.52,Completed,UPI,0.7880600014905882
PAY_001715,CLM_000802,POL_017386,2025-06-25,1105819.53,Completed,Bank Transfer,0.8665275759576995
PAY_001716,CLM_007593,POL_018184,2026-09-22,396648.01,Completed,UPI,0.8593004516154008
PAY_001717,CLM_005062,POL_023853,2025-06-28,340188.48,Completed,NEFT,0.9995710396305141
PAY_001718,CLM_004125,POL_010658,2026-08-19,146499.89,Completed,UPI,0.828760054663131
PAY_001719,CLM_002138,POL_022643,2024-09-10,870383.6,Completed,Bank Transfer,0.9343142286125147
PAY_001720,CLM_007125,POL_006203,2024-08-19,971030.43,Completed,Bank Transfer,0.9131499973678407
PAY_001721,CLM_001840,POL_003348,2026-10-01,257519.84,Completed,Bank Transfer,0.826687805130636
PAY_001722,CLM_009370,POL_015801,2026-02-08,38164.39,Completed,Bank Transfer,0.9460604313350931
PAY_001723,CLM_002042,POL_023045,2024-07-16,333511.42,Completed,UPI,0.8916910050762084
PAY_001724,CLM_008814,POL_006305,2025-09-06,176083.87,Completed,Bank Transfer,0.7654770399973395
PAY_001725,CLM_009144,POL_000702,2025-11-01,84582.06,Completed,Bank Transfer,0.9305387047586356
PAY_001726,CLM_002120,POL_015671,2025-09-19,22630.78,Completed,Bank Transfer,0.9696260020480125
PAY_001727,CLM_003235,POL_007893,2025-05-01,383104.47,Completed,Cheque,0.8806116471863591
PAY_001728,CLM_007835,POL_012542,2026-09-15,455789.5,Completed,Bank Transfer,0.8683178917594143
PAY_001729,CLM_003352,POL_021713,2025-05-24,259224.64,Completed,Bank Transfer,0.9248327637102433
PAY_001730,CLM_008026,POL_000049,2025-05-06,100434.22,Completed,Bank Transfer,0.7540413997357399
PAY_001731,CLM_008356,POL_012020,2025-03-10,30942.02,Completed,UPI,0.8162648218632839
PAY_001732,CLM_008602,POL_006647,2024-05-12,1017322.75,Completed,Bank Transfer,0.772561576082715
PAY_001733,CLM_004681,POL_004872,2026-06-12,154579.94,Completed,Bank Transfer,0.8288572184306645
PAY_001734,CLM_003332,POL_005871,2025-04-20,131428.76,Completed,Bank Transfer,0.9245091712484573
PAY_001735,CLM_004102,POL_010504,2025-12-26,458664.95,Completed,Bank Transfer,0.8861441137702016
PAY_001736,CLM_009392,POL_006349,2025-02-14,303620.4,Completed,UPI,0.912328644130939
PAY_001737,CLM_001423,POL_010187,2026-10-04,60467.52,Completed,Bank Transfer,0.8639413084468407
PAY_001738,CLM_002474,POL_018679,2024-04-16,171456.8,Completed,Cheque,0.8112227326774383
PAY_001739,CLM_008510,POL_010966,2025-01-31,226901.63,Completed,Cheque,0.8804939624896745
PAY_001740,CLM_003115,POL_019335,2024-12-01,63806.15,Completed,Bank Transfer,0.935219842690078
PAY_001741,CLM_004624,POL_004221,2024-11-14,130397.9,Completed,Bank Transfer,0.8036426552780944
PAY_001742,CLM_008830,POL_017420,2025-05-20,92686.34,Completed,Bank Transfer,0.8042145665677172
PAY_001743,CLM_001834,POL_009404,2026-10-08,427997.37,Completed,Bank Transfer,0.8573054571673541
PAY_001744,CLM_000597,POL_018703,2026-07-25,241808.8,Completed,Cheque,0.8678051415547545
PAY_001745,CLM_000376,POL_017856,2025-10-03,144916.38,Completed,Cheque,0.7734098137974165
PAY_001746,CLM_004864,POL_018262,2026-08-26,432489.43,Completed,UPI,0.8166894656059679
PAY_001747,CLM_000961,POL_013121,2026-06-24,516994.7,Completed,Bank Transfer,0.7545205768700236
PAY_001748,CLM_002573,POL_022197,2026-03-28,110912.56,Completed,UPI,0.9397884944276599
PAY_001749,CLM_002903,POL_006535,2026-10-08,247822.77,Completed,Cheque,0.941035457790862
PAY_001750,CLM_003179,POL_024049,2025-04-24,59897.94,Completed,UPI,0.8020267471059764
PAY_001751,CLM_007735,POL_021929,2026-08-17,517763.98,Completed,Bank Transfer,0.901941982386903
PAY_001752,CLM_008688,POL_009441,2025-09-02,24779.65,Completed,UPI,0.796942181639132
PAY_001753,CLM_005060,POL_005737,2023-12-24,1133754.12,Completed,NEFT,0.934555232829608
PAY_001754,CLM_001112,POL_011571,2024-01-26,103480.94,Completed,UPI,0.9817299142094628
PAY_001755,CLM_006713,POL_023005,2026-01-02,738092.62,Completed,Cheque,0.9461979978014298
PAY_001756,CLM_000863,POL_000111,2024-10-23,228087.38,Completed,Bank Transfer,0.9913825788404651
PAY_001757,CLM_005168,POL_005524,2024-07-28,149526.29,Completed,Bank Transfer,0.9643248977801855
PAY_001758,CLM_003049,POL_024136,2024-08-16,19353.47,Completed,Bank Transfer,0.8274550379128784
PAY_001759,CLM_007974,POL_016927,2026-07-11,52986.57,Completed,UPI,0.8659645564026364
PAY_001760,CLM_005142,POL_008106,2026-07-18,762592.14,Completed,Cheque,0.9178137350399694
PAY_001761,CLM_004335,POL_006850,2026-09-21,266402.49,Completed,UPI,0.7920426207708025
PAY_001762,CLM_005577,POL_011542,2024-11-28,185489.3,Completed,UPI,0.7586734775888628
PAY_001763,CLM_003511,POL_003718,2026-09-19,89195.31,Completed,Bank Transfer,0.8517208721927542
PAY_001764,CLM_002708,POL_023196,2024-06-08,308851.93,Completed,Bank Transfer,0.9116905479785332
PAY_001765,CLM_001021,POL_006595,2025-06-26,92890.82,Completed,UPI,0.9811164476399072
PAY_001766,CLM_007998,POL_009668,2026-03-17,391512.92,Completed,UPI,0.8826939570849488
PAY_001767,CLM_003281,POL_014530,2026-09-08,25341.32,Completed,Bank Transfer,0.8019963415174475
PAY_001768,CLM_008052,POL_005600,2026-02-08,606255.73,Completed,Cheque,0.8297485750768302
PAY_001769,CLM_000992,POL_013294,2026-02-18,143291.85,Completed,Bank Transfer,0.8581998865410793
PAY_001770,CLM_003918,POL_008577,2025-08-24,113884.85,Completed,Bank Transfer,0.912743351795803
PAY_001771,CLM_006710,POL_004645,2024-09-19,310195.92,Completed,UPI,0.8815304661447778
PAY_001772,CLM_008599,POL_009637,2026-10-08,593403.52,Completed,Bank Transfer,0.9752463916467339
PAY_001773,CLM_006352,POL_014842,2025-08-24,63378.03,Completed,Cheque,0.8651459300020858
PAY_001774,CLM_005833,POL_009871,2025-03-04,46522.98,Completed,Bank Transfer,0.7787379328041759
PAY_001775,CLM_001013,POL_013347,2024-03-08,160700.72,Completed,Bank Transfer,0.8197832659876151
PAY_001776,CLM_002173,POL_007798,2024-09-03,112165.96,Completed,Bank Transfer,0.9396831067007256
PAY_001777,CLM_005035,POL_003876,2026-09-06,846158.44,Completed,Bank Transfer,0.8799618579883537
PAY_001778,CLM_008691,POL_005004,2025-03-28,101204.78,Completed,UPI,0.8485970594482083
PAY_001779,CLM_008807,POL_001514,2026-02-09,82351.84,Completed,Cheque,0.9444753783006726
PAY_001780,CLM_000154,POL_024902,2025-01-03,49805.32,Completed,Bank Transfer,0.7726160747167145
PAY_001781,CLM_004359,POL_012261,2025-06-15,113730.56,Completed,Cheque,0.9731912085832081
PAY_001782,CLM_004259,POL_009031,2026-03-24,303882.96,Completed,Cheque,0.8860899434348994
PAY_001783,CLM_008259,POL_023206,2026-07-08,134093.68,Completed,UPI,0.7735227917032222
PAY_001784,CLM_008092,POL_008515,2026-01-30,1337444.0,Completed,Bank Transfer,0.8566431641551197
PAY_001785,CLM_003988,POL_016045,2024-10-11,557124.98,Completed,UPI,0.9705504031819385
PAY_001786,CLM_006247,POL_011428,2025-06-13,85273.0,Completed,Bank Transfer,0.813172414713831
PAY_001787,CLM_001240,POL_007474,2024-06-28,74844.97,Completed,Bank Transfer,0.9676037173476438
PAY_001788,CLM_004855,POL_010934,2024-12-24,484680.86,Completed,Bank Transfer,0.8079223793135165
PAY_001789,CLM_006578,POL_010419,2025-06-08,50706.72,Completed,UPI,0.7743325817041672
PAY_001790,CLM_007605,POL_006283,2026-09-07,1130030.15,Completed,Bank Transfer,0.90482205723726
PAY_001791,CLM_003577,POL_016376,2024-08-21,39906.68,Completed,Cheque,0.9114628905986806
PAY_001792,CLM_007645,POL_017196,2024-09-18,32583.7,Completed,NEFT,0.7661977275810913
PAY_001793,CLM_007289,POL_001459,2026-10-08,48146.06,Completed,Bank Transfer,0.9181904503811422
PAY_001794,CLM_007085,POL_009086,2025-05-05,157102.54,Completed,Bank Transfer,0.8608343262083047
PAY_001795,CLM_002513,POL_006515,2024-08-21,387741.81,Completed,NEFT,0.7693478554355023
PAY_001796,CLM_002888,POL_009804,2026-01-15,67532.38,Completed,UPI,0.8495179693198083
PAY_001797,CLM_006108,POL_001513,2024-11-16,269896.7,Completed,Cheque,0.834444754784327
PAY_001798,CLM_000887,POL_022440,2026-10-08,189012.97,Completed,UPI,0.8535853793477312
PAY_001799,CLM_003464,POL_012350,2025-04-08,211974.57,Completed,NEFT,0.9711477255328232
PAY_001800,CLM_006955,POL_014338,2024-10-14,25029.17,Completed,Bank Transfer,0.9958319291889489
PAY_001801,CLM_006832,POL_006910,2026-08-20,92466.31,Completed,NEFT,0.9497023832144009
PAY_001802,CLM_002115,POL_005455,2026-09-20,89990.91,Completed,UPI,0.8170063244492776
PAY_001803,CLM_007371,POL_003071,2026-04-17,331728.13,Completed,UPI,0.9819221759610433
PAY_001804,CLM_004015,POL_024839,2026-09-19,182756.9,Completed,Cheque,0.954819041847185
PAY_001805,CLM_008784,POL_008012,2024-09-24,438170.75,Completed,Cheque,0.872596872684437
PAY_001806,CLM_007999,POL_019496,2024-09-02,602913.22,Completed,Bank Transfer,0.9603625079512098
PAY_001807,CLM_004175,POL_006323,2026-05-08,135073.36,Completed,UPI,0.9050584048667035
PAY_001808,CLM_000151,POL_016781,2024-08-13,43129.6,Completed,Bank Transfer,0.8344254676830771
PAY_001809,CLM_009562,POL_000892,2025-08-28,422499.95,Completed,NEFT,0.9006919340096519
PAY_001810,CLM_000045,POL_022838,2026-10-08,154944.08,Completed,Bank Transfer,0.9863677432756209
PAY_001811,CLM_007442,POL_024286,2026-10-08,978680.1,Completed,Bank Transfer,0.9869363555598905
PAY_001812,CLM_008053,POL_018235,2025-07-06,340938.42,Completed,UPI,0.8052839665409975
PAY_001813,CLM_003124,POL_020320,2025-11-03,316895.01,Completed,NEFT,0.9672215688007073
PAY_001814,CLM_003852,POL_024928,2024-11-12,335911.98,Completed,UPI,0.7702511149210824
PAY_001815,CLM_003924,POL_011249,2026-10-04,93989.41,Completed,Bank Transfer,0.7532627163470016
PAY_001816,CLM_001086,POL_004599,2024-11-08,123557.84,Completed,Cheque,0.7930088208691017
PAY_001817,CLM_008893,POL_009403,2025-05-18,300267.87,Completed,Bank Transfer,0.9417801241614187
PAY_001818,CLM_000856,POL_006288,2025-12-02,616304.15,Completed,Bank Transfer,0.9706562801841674
PAY_001819,CLM_001769,POL_012069,2026-06-16,107217.29,Completed,Cheque,0.9324015285788465
PAY_001820,CLM_006800,POL_005540,2025-04-30,93354.16,Completed,Bank Transfer,0.9712129092007893
PAY_001821,CLM_003926,POL_012688,2026-10-08,493857.02,Completed,Bank Transfer,0.768045368728931
PAY_001822,CLM_009497,POL_014449,2025-12-05,277486.3,Completed,UPI,0.8602035438167779
PAY_001823,CLM_008625,POL_021589,2026-01-20,81480.41,Completed,Bank Transfer,0.8962439997712104
PAY_001824,CLM_000793,POL_021050,2024-12-05,112540.43,Completed,Bank Transfer,0.8880324317610758
PAY_001825,CLM_007751,POL_014189,2025-10-23,61538.47,Completed,UPI,0.8322973763992789
PAY_001826,CLM_002714,POL_018394,2025-03-10,123868.09,Completed,Cheque,0.9363712789402111
PAY_001827,CLM_005521,POL_024472,2026-08-29,292165.78,Completed,UPI,0.7836682539550981
PAY_001828,CLM_009301,POL_019204,2024-11-23,62494.27,Completed,Bank Transfer,0.766602953053592
PAY_001829,CLM_002631,POL_003674,2025-07-14,250062.05,Completed,Bank Transfer,0.9474054125404138
PAY_001830,CLM_008650,POL_000681,2024-12-06,74310.67,Completed,Bank Transfer,0.8764787127638495
PAY_001831,CLM_009613,POL_012454,2025-08-08,62734.5,Completed,UPI,0.8171183723304726
PAY_001832,CLM_009779,POL_006376,2026-01-04,157247.0,Completed,Cheque,0.9052954779613773
PAY_001833,CLM_003105,POL_005118,2024-11-03,374028.64,Completed,Bank Transfer,0.9612540207346147
PAY_001834,CLM_007032,POL_015202,2025-11-29,211438.5,Completed,Bank Transfer,0.9030667328510281
PAY_001835,CLM_001748,POL_015323,2026-10-08,319783.53,Completed,Bank Transfer,0.8917161079188219
PAY_001836,CLM_000486,POL_005943,2024-12-16,368427.19,Completed,Bank Transfer,0.9343328147627891
PAY_001837,CLM_006160,POL_024224,2026-02-28,902472.53,Completed,Cheque,0.9344774965015568
PAY_001838,CLM_007486,POL_005432,2026-06-02,355942.61,Completed,UPI,0.9123872670797663
PAY_001839,CLM_002251,POL_011124,2024-08-13,450318.17,Completed,NEFT,0.9372061619266233
PAY_001840,CLM_009989,POL_022727,2026-04-20,134914.5,Completed,Cheque,0.8651781729195631
PAY_001841,CLM_009378,POL_004953,2025-05-11,44377.44,Completed,Cheque,0.8077400448669236
PAY_001842,CLM_004351,POL_022115,2025-03-22,135312.1,Completed,NEFT,0.9575713519705489
PAY_001843,CLM_003978,POL_003402,2026-10-08,307657.16,Completed,Cheque,0.9410218889780286
PAY_001844,CLM_002923,POL_004892,2024-11-10,54299.6,Completed,UPI,0.7712092266276789
PAY_001845,CLM_004275,POL_011395,2026-02-03,97397.26,Completed,NEFT,0.7528520484296911
PAY_001846,CLM_004622,POL_009466,2024-12-10,131024.73,Completed,NEFT,0.9047357082191119
PAY_001847,CLM_000123,POL_002561,2026-03-24,190730.69,Completed,Bank Transfer,0.955705109944774
PAY_001848,CLM_004762,POL_008998,2026-08-31,552164.04,Completed,Bank Transfer,0.9645903122342161
PAY_001849,CLM_006559,POL_019627,2026-10-08,501522.64,Completed,Bank Transfer,0.7880020066983274
PAY_001850,CLM_003489,POL_024308,2024-09-27,28283.62,Completed,Bank Transfer,0.7529977615294015
PAY_001851,CLM_004834,POL_011965,2025-11-18,412498.48,Completed,Cheque,0.9764559852735217
PAY_001852,CLM_003721,POL_014898,2024-04-14,267759.36,Completed,Cheque,0.7748483889576895
PAY_001853,CLM_000915,POL_016297,2026-08-17,878246.96,Completed,Bank Transfer,0.9711645243434771
PAY_001854,CLM_000093,POL_001234,2025-08-19,501324.63,Completed,UPI,0.9711863947752158
PAY_001855,CLM_001283,POL_019260,2026-10-01,46726.13,Completed,UPI,0.974776990603982
PAY_001856,CLM_004793,POL_001349,2025-11-15,739382.92,Completed,UPI,0.9246335585932275
PAY_001857,CLM_007607,POL_017618,2024-09-28,971501.72,Completed,Cheque,0.8626296387316132
PAY_001858,CLM_008067,POL_003050,2026-08-07,652030.51,Completed,UPI,0.9923839314807397
PAY_001859,CLM_006590,POL_018253,2026-07-26,45501.63,Completed,Bank Transfer,0.9109767362894904
PAY_001860,CLM_005587,POL_005801,2025-01-01,47263.37,Completed,UPI,0.886789818967806
PAY_001861,CLM_003417,POL_011507,2025-03-16,269840.32,Completed,NEFT,0.8077320435339037
PAY_001862,CLM_001370,POL_004027,2024-06-15,266290.36,Completed,Cheque,0.8686118186891322
PAY_001863,CLM_001268,POL_020638,2024-11-30,39316.34,Completed,UPI,0.7842879650061698
PAY_001864,CLM_003418,POL_011425,2024-08-21,38359.49,Completed,NEFT,0.7873140187065506
PAY_001865,CLM_009332,POL_009949,2026-04-30,66032.01,Completed,Cheque,0.9998393461676717
PAY_001866,CLM_009277,POL_014012,2024-10-08,495040.75,Completed,Cheque,0.8252252871289222
PAY_001867,CLM_000412,POL_018088,2025-03-16,53796.81,Completed,UPI,0.8242079321082038
PAY_001868,CLM_006794,POL_010136,2025-12-25,397618.11,Completed,Bank Transfer,0.8350611549428244
PAY_001869,CLM_006113,POL_020777,2025-12-28,382073.15,Completed,Bank Transfer,0.9531647868550311
PAY_001870,CLM_000648,POL_024377,2026-08-16,341711.64,Completed,Bank Transfer,0.8677935747623648
PAY_001871,CLM_005725,POL_007167,2026-05-06,320815.86,Completed,UPI,0.7844908255790444
PAY_001872,CLM_002812,POL_021565,2025-12-11,186061.63,Completed,UPI,0.8313057086334313
PAY_001873,CLM_008434,POL_022363,2024-10-23,264447.85,Completed,Cheque,0.8383152924217774
PAY_001874,CLM_003533,POL_018147,2026-01-13,31637.1,Completed,UPI,0.8320722233356109
PAY_001875,CLM_004427,POL_011951,2026-02-09,75674.01,Completed,UPI,0.7846686544853667
PAY_001876,CLM_009994,POL_024939,2024-04-26,875300.69,Completed,NEFT,0.9752648059688075
PAY_001877,CLM_006661,POL_014325,2026-06-01,123110.45,Completed,Cheque,0.9861145075729328
PAY_001878,CLM_004101,POL_007712,2026-05-20,158320.21,Completed,NEFT,0.7637199634792607
PAY_001879,CLM_009419,POL_018767,2025-12-21,80572.84,Completed,UPI,0.7707496239654985
PAY_001880,CLM_009515,POL_023375,2024-12-21,587547.36,Completed,Bank Transfer,0.9793698820380307
PAY_001881,CLM_009811,POL_017394,2026-07-19,94563.72,Completed,Bank Transfer,0.7866046236158433
PAY_001882,CLM_007145,POL_020267,2024-12-31,21917.84,Completed,Bank Transfer,0.7666676577428997
PAY_001883,CLM_007000,POL_021614,2026-02-17,63847.17,Completed,Bank Transfer,0.7997546141373071
PAY_001884,CLM_000523,POL_017181,2026-04-24,469586.17,Completed,UPI,0.9806397919178116
PAY_001885,CLM_004868,POL_019916,2026-01-17,676804.3,Completed,UPI,0.8148170505356004
PAY_001886,CLM_008816,POL_001130,2025-12-26,81647.62,Completed,NEFT,0.8332731535751369
PAY_001887,CLM_007786,POL_014278,2025-06-09,178290.25,Completed,Bank Transfer,0.776503766750076
PAY_001888,CLM_008983,POL_020122,2026-10-08,284829.53,Completed,Bank Transfer,0.8711893774853317
PAY_001889,CLM_004995,POL_011942,2026-03-04,538256.57,Completed,Bank Transfer,0.7607151802793826
PAY_001890,CLM_005050,POL_004625,2025-04-07,144779.58,Completed,Bank Transfer,0.9634821375629952
PAY_001891,CLM_009173,POL_020243,2025-05-29,714315.75,Completed,Bank Transfer,0.8418071082378502
PAY_001892,CLM_006876,POL_012752,2026-05-13,136217.89,Completed,Bank Transfer,0.8797282087262744
PAY_001893,CLM_004460,POL_018720,2025-12-02,647922.76,Completed,NEFT,0.7914097184508893
PAY_001894,CLM_004671,POL_021280,2026-06-12,95499.93,Completed,NEFT,0.8843070842401731
PAY_001895,CLM_006941,POL_016216,2024-11-06,169443.81,Completed,UPI,0.9482283654592752
PAY_001896,CLM_005820,POL_017976,2026-07-30,69021.17,Completed,Cheque,0.9652567984280929
PAY_001897,CLM_007057,POL_012537,2026-05-21,79308.43,Completed,Bank Transfer,0.8783112302248702
PAY_001898,CLM_006570,POL_009355,2026-06-14,380242.92,Completed,Bank Transfer,0.8422501542160505
PAY_001899,CLM_004293,POL_014035,2026-10-08,171530.53,Completed,Bank Transfer,0.9537333181282108
PAY_001900,CLM_002771,POL_005728,2026-10-08,767360.04,Completed,Bank Transfer,0.8167641949226554
PAY_001901,CLM_001722,POL_011646,2025-11-10,301168.68,Completed,UPI,0.9563729195614352
PAY_001902,CLM_004230,POL_024776,2025-08-19,260965.47,Completed,Cheque,0.7730746206367494
PAY_001903,CLM_003249,POL_002105,2025-09-02,124245.15,Completed,Bank Transfer,0.8318532351415839
PAY_001904,CLM_004000,POL_007398,2025-12-04,75165.74,Completed,Cheque,0.8111104144947614
PAY_001905,CLM_006620,POL_019002,2026-10-08,370159.03,Completed,Bank Transfer,0.8381791276093931
PAY_001906,CLM_007620,POL_008650,2025-09-13,185317.98,Completed,UPI,0.9588267582635941
PAY_001907,CLM_009781,POL_008547,2024-11-10,1082102.61,Completed,Bank Transfer,0.8640148779793322
PAY_001908,CLM_000208,POL_023871,2025-12-18,388438.89,Completed,Bank Transfer,0.9648891283482077
PAY_001909,CLM_002655,POL_022596,2026-05-05,78116.19,Completed,Cheque,0.8552830372744002
PAY_001910,CLM_004365,POL_005969,2025-09-02,27492.58,Completed,Bank Transfer,0.7843530963776502
PAY_001911,CLM_001495,POL_002014,2025-04-18,55649.18,Completed,Cheque,0.8221829256166869
PAY_001912,CLM_002007,POL_017602,2025-08-19,114132.5,Completed,NEFT,0.8602307520519255
PAY_001913,CLM_001320,POL_002819,2024-09-28,232124.52,Completed,NEFT,0.8113675937103108
PAY_001914,CLM_001891,POL_012461,2024-10-04,50834.68,Completed,NEFT,0.8498413569327747
PAY_001915,CLM_007528,POL_020730,2026-03-03,98522.94,Completed,UPI,0.9005572100012614
PAY_001916,CLM_003551,POL_011880,2025-01-02,209075.62,Completed,Bank Transfer,0.8367029929886839
PAY_001917,CLM_007080,POL_001520,2026-01-10,445572.77,Completed,Bank Transfer,0.9362679239759459
PAY_001918,CLM_000741,POL_024806,2026-02-11,841367.53,Completed,Bank Transfer,0.8459539794737342
PAY_001919,CLM_006557,POL_008307,2026-10-08,215320.31,Completed,UPI,0.9446723007054496
PAY_001920,CLM_007624,POL_010551,2024-05-16,544366.46,Completed,UPI,0.8082414888107854
PAY_001921,CLM_005871,POL_012539,2026-03-02,33645.59,Completed,NEFT,0.9822474548720019
PAY_001922,CLM_003781,POL_002255,2025-03-29,83714.76,Completed,Cheque,0.8031412347793434
PAY_001923,CLM_004458,POL_023135,2026-05-09,419850.57,Completed,Bank Transfer,0.974605123549167
PAY_001924,CLM_009745,POL_018202,2026-03-29,559845.82,Completed,Cheque,0.8253296983469296
PAY_001925,CLM_001083,POL_008909,2026-08-31,69172.64,Completed,Bank Transfer,0.9940958678835649
PAY_001926,CLM_003809,POL_021097,2025-09-25,137945.84,Completed,Bank Transfer,0.904453342601719
PAY_001927,CLM_005816,POL_011643,2024-09-13,252328.62,Completed,Cheque,0.8706922014979038
PAY_001928,CLM_005931,POL_010702,2024-06-22,389612.65,Completed,UPI,0.9798315172039977
PAY_001929,CLM_001897,POL_011947,2026-03-16,529920.34,Completed,UPI,0.9785606495960336
PAY_001930,CLM_002305,POL_007750,2026-09-11,167414.43,Completed,UPI,0.9716742483421293
PAY_001931,CLM_002825,POL_011728,2024-08-09,56476.07,Completed,Bank Transfer,0.970270179261643
PAY_001932,CLM_001313,POL_006585,2026-08-07,430853.99,Completed,UPI,0.9195923455109839
PAY_001933,CLM_007439,POL_008132,2025-01-27,349804.02,Completed,Cheque,0.9820989397440092
PAY_001934,CLM_003558,POL_000524,2026-10-08,88791.0,Completed,UPI,0.9552665103299199
PAY_001935,CLM_009922,POL_001379,2026-07-02,221944.96,Completed,Bank Transfer,0.8980274830568571
PAY_001936,CLM_005644,POL_006200,2024-12-30,189355.5,Completed,Cheque,0.7704238579281208
PAY_001937,CLM_007246,POL_008994,2025-06-07,397593.31,Completed,Bank Transfer,0.7736767054983926
PAY_001938,CLM_005484,POL_011636,2025-12-31,141398.62,Completed,Cheque,0.8981118379917464
PAY_001939,CLM_002917,POL_011227,2024-05-16,395528.9,Completed,Bank Transfer,0.861130372339718
PAY_001940,CLM_000683,POL_004865,2026-04-02,411485.51,Completed,NEFT,0.8663029567908449
PAY_001941,CLM_001403,POL_011348,2025-03-13,62868.01,Completed,Bank Transfer,0.7717431426910714
PAY_001942,CLM_005865,POL_022071,2025-03-05,34797.93,Completed,Cheque,0.7735524039570892
PAY_001943,CLM_009218,POL_008753,2026-07-21,453826.1,Completed,Bank Transfer,0.7879427250322593
PAY_001944,CLM_006540,POL_020825,2025-03-31,141652.54,Completed,Bank Transfer,0.9281711908822395
PAY_001945,CLM_003134,POL_022718,2026-10-08,52160.13,Completed,Bank Transfer,0.8468812894904502
PAY_001946,CLM_009433,POL_002527,2026-01-10,151287.17,Completed,Bank Transfer,0.9935758853590713
PAY_001947,CLM_008695,POL_019787,2026-08-25,32389.56,Completed,UPI,0.7701840786354598
PAY_001948,CLM_001293,POL_011669,2025-09-11,251606.9,Completed,Cheque,0.8749350771465714
PAY_001949,CLM_009031,POL_013304,2025-12-07,310198.64,Completed,NEFT,0.7579516489234669
PAY_001950,CLM_006098,POL_023767,2025-12-12,48918.85,Completed,Bank Transfer,0.7572516444140078
PAY_001951,CLM_008039,POL_023417,2024-08-24,661528.75,Completed,Bank Transfer,0.9822861487086304
PAY_001952,CLM_002534,POL_015191,2026-07-17,62091.1,Completed,Bank Transfer,0.8362168544339111
PAY_001953,CLM_004716,POL_009133,2026-08-28,83692.67,Completed,UPI,0.7678972663490884
PAY_001954,CLM_000355,POL_004454,2025-04-11,133850.37,Completed,Cheque,0.8873703123640939
PAY_001955,CLM_001756,POL_012966,2025-03-16,286216.23,Completed,Bank Transfer,0.8578984406556777
PAY_001956,CLM_005691,POL_011847,2025-11-20,294451.49,Completed,Bank Transfer,0.9321408090574062
PAY_001957,CLM_005564,POL_001110,2024-07-29,121471.76,Completed,Bank Transfer,0.8476409900599187
PAY_001958,CLM_004198,POL_012745,2025-03-29,326181.66,Completed,UPI,0.7751384806198661
PAY_001959,CLM_004385,POL_016654,2026-02-16,352414.12,Completed,Bank Transfer,0.9188074274000444
PAY_001960,CLM_009126,POL_009847,2024-10-02,33935.84,Completed,UPI,0.8650995585514
PAY_001961,CLM_001640,POL_018469,2026-07-18,280759.56,Completed,Bank Transfer,0.7993172255495051
PAY_001962,CLM_009256,POL_020296,2026-07-06,41053.24,Completed,UPI,0.7969511308533187
PAY_001963,CLM_006376,POL_000505,2025-07-15,65986.48,Completed,Bank Transfer,0.8682444145642841
PAY_001964,CLM_002282,POL_016033,2024-11-29,162776.46,Completed,NEFT,0.9043352199894097
PAY_001965,CLM_002987,POL_021431,2026-01-05,246848.73,Completed,Bank Transfer,0.7831970327641702
PAY_001966,CLM_003524,POL_012686,2024-06-03,503092.84,Completed,UPI,0.7609693838193009
PAY_001967,CLM_000080,POL_013916,2026-09-09,568865.66,Completed,Bank Transfer,0.9437182337485155
PAY_001968,CLM_002433,POL_012002,2025-07-23,512754.16,Completed,Bank Transfer,0.9668864763803006
PAY_001969,CLM_001912,POL_014438,2026-05-02,100488.71,Completed,UPI,0.8670551567708309
PAY_001970,CLM_000243,POL_019795,2024-12-19,86113.79,Completed,UPI,0.9251841423261871
PAY_001971,CLM_006863,POL_013135,2024-08-18,44918.26,Completed,Cheque,0.958960576269674
PAY_001972,CLM_005631,POL_015724,2024-08-11,129981.12,Completed,Bank Transfer,0.949177524096363
PAY_001973,CLM_004281,POL_001507,2026-08-18,638360.1,Completed,Bank Transfer,0.8883587380058682
PAY_001974,CLM_009939,POL_000069,2024-12-21,217672.4,Completed,Bank Transfer,0.8723976499108074
PAY_001975,CLM_003297,POL_009621,2025-05-18,547771.46,Completed,Cheque,0.8675101961514557
PAY_001976,CLM_000411,POL_005463,2025-11-30,353828.78,Completed,Bank Transfer,0.8176830632602732
PAY_001977,CLM_001662,POL_016604,2026-04-17,61031.61,Completed,UPI,0.8671710325059075
PAY_001978,CLM_003318,POL_003090,2025-11-21,529976.16,Completed,UPI,0.9088287493093021
PAY_001979,CLM_004663,POL_008464,2025-03-19,291080.84,Completed,NEFT,0.775991115316591
PAY_001980,CLM_000253,POL_008691,2024-08-28,117546.5,Completed,UPI,0.7940435033958784
PAY_001981,CLM_001703,POL_021567,2026-10-08,196402.41,Completed,UPI,0.8923106076937766
PAY_001982,CLM_006258,POL_000905,2026-06-28,134868.56,Completed,Cheque,0.7744844529788395
PAY_001983,CLM_008731,POL_009297,2025-02-20,414571.63,Completed,Bank Transfer,0.934899798313024
PAY_001984,CLM_008252,POL_020426,2026-10-08,330933.98,Completed,NEFT,0.7824507392147143
PAY_001985,CLM_008122,POL_010759,2026-10-08,599027.21,Completed,Bank Transfer,0.9555356041836393
PAY_001986,CLM_006478,POL_012275,2025-10-05,228718.53,Completed,Bank Transfer,0.7774524095418008
PAY_001987,CLM_003465,POL_011517,2025-04-11,229539.24,Completed,Cheque,0.8342583052390207
PAY_001988,CLM_001575,POL_024324,2024-09-03,191728.03,Completed,Bank Transfer,0.9334570652563934
PAY_001989,CLM_007281,POL_017962,2026-05-18,543175.58,Completed,UPI,0.8039957484001252
PAY_001990,CLM_009331,POL_024031,2025-04-18,52819.51,Completed,UPI,0.9099925935356848
PAY_001991,CLM_001705,POL_023500,2026-04-20,111672.72,Completed,Cheque,0.919838372017167
PAY_001992,CLM_003517,POL_024907,2026-07-13,115239.0,Completed,Cheque,0.8861134422668707
PAY_001993,CLM_003527,POL_020288,2026-03-06,957039.67,Completed,Cheque,0.8162923197505733
PAY_001994,CLM_005372,POL_006811,2026-06-24,513601.21,Completed,Bank Transfer,0.8352182644111035
PAY_001995,CLM_007147,POL_015004,2025-12-06,59421.08,Completed,Bank Transfer,0.9075592415251973
PAY_001996,CLM_003055,POL_024551,2024-09-11,38239.03,Completed,Bank Transfer,0.8161183623606224
PAY_001997,CLM_003934,POL_010953,2026-06-03,412311.0,Completed,Bank Transfer,0.9394922734575539
PAY_001998,CLM_006344,POL_023391,2026-07-21,109310.22,Completed,Bank Transfer,0.933934299037625
PAY_001999,CLM_009464,POL_012592,2026-06-09,145625.81,Completed,Bank Transfer,0.9300620834143374
PAY_002000,CLM_008514,POL_020585,2026-02-07,44539.6,Completed,Bank Transfer,0.8875359854836546
PAY_002001,CLM_005161,POL_009851,2026-05-31,212972.62,Completed,Bank Transfer,0.8044409793216604
PAY_002002,CLM_004774,POL_006713,2024-12-19,65979.79,Completed,UPI,0.905204931201188
PAY_002003,CLM_008167,POL_012267,2026-07-25,236187.67,Completed,UPI,0.9178468985647732
PAY_002004,CLM_002791,POL_009075,2026-10-08,134046.82,Completed,Cheque,0.8304726830578997
PAY_002005,CLM_000898,POL_022969,2025-11-23,265704.12,Completed,Bank Transfer,0.9515985515440566
PAY_002006,CLM_006641,POL_005665,2025-03-26,30627.92,Completed,Cheque,0.830058674471862
PAY_002007,CLM_009059,POL_014496,2026-10-08,61922.77,Completed,Cheque,0.9108364537745437
PAY_002008,CLM_003728,POL_008015,2024-12-11,72585.03,Completed,Bank Transfer,0.9062594616582549
PAY_002009,CLM_005328,POL_016300,2025-03-08,383324.62,Completed,Bank Transfer,0.9340989577363087
PAY_002010,CLM_002069,POL_002669,2025-04-28,231798.74,Completed,Bank Transfer,0.9499446525140536
PAY_002011,CLM_005839,POL_017518,2024-05-16,66938.69,Completed,Bank Transfer,0.8550151310239895
PAY_002012,CLM_002679,POL_015266,2026-03-13,123473.78,Completed,Cheque,0.8013284758838145
PAY_002013,CLM_002497,POL_021932,2025-03-07,145087.02,Completed,Cheque,0.9315752915654908
PAY_002014,CLM_009030,POL_002524,2026-08-18,24751.64,Completed,Bank Transfer,0.781884725922547
PAY_002015,CLM_000735,POL_010166,2025-03-07,140447.73,Completed,Bank Transfer,0.7557107799405668
PAY_002016,CLM_000600,POL_011305,2025-11-11,106516.93,Completed,Cheque,0.9286636387453612
PAY_002017,CLM_005270,POL_005937,2025-04-15,455834.98,Completed,NEFT,0.85852800377648
PAY_002018,CLM_000382,POL_023444,2024-03-23,165937.32,Completed,UPI,0.7587577023564119
PAY_002019,CLM_004205,POL_004159,2026-10-08,189742.49,Completed,Bank Transfer,0.7610693851202419
PAY_002020,CLM_002442,POL_000058,2026-06-29,331111.67,Completed,UPI,0.9120571049374926
PAY_002021,CLM_007225,POL_023215,2024-10-27,694443.04,Completed,Cheque,0.9112984184545809
PAY_002022,CLM_008391,POL_024732,2025-08-27,488051.36,Completed,UPI,0.7603436160906862
PAY_002023,CLM_006217,POL_005725,2026-03-18,161324.58,Completed,Cheque,0.917574285033868
PAY_002024,CLM_006640,POL_003222,2024-01-24,27992.99,Completed,UPI,0.8865439910360626
PAY_002025,CLM_009816,POL_021333,2025-11-22,192675.29,Completed,NEFT,0.7666034194101585
PAY_002026,CLM_003470,POL_019075,2025-05-28,309110.75,Completed,Bank Transfer,0.9760571806259987
PAY_002027,CLM_000149,POL_004424,2026-05-04,1117958.87,Completed,Bank Transfer,0.9855698189857741
PAY_002028,CLM_001950,POL_012846,2026-10-08,743337.27,Completed,UPI,0.9372660514367204
PAY_002029,CLM_009658,POL_019489,2026-04-01,55152.87,Completed,UPI,0.8479734259111205
PAY_002030,CLM_005585,POL_007025,2024-01-31,227122.74,Completed,Bank Transfer,0.9677426694547591
PAY_002031,CLM_007518,POL_017324,2025-11-24,342701.46,Completed,Bank Transfer,0.8098786817774056
PAY_002032,CLM_005615,POL_007665,2024-11-19,199122.41,Completed,Bank Transfer,0.8982335615368702
PAY_002033,CLM_008017,POL_013386,2024-03-30,32536.94,Completed,UPI,0.8644431508754571
PAY_002034,CLM_001376,POL_016635,2026-05-01,237252.44,Completed,Bank Transfer,0.865540401934223
PAY_002035,CLM_003035,POL_009850,2025-05-28,590046.45,Completed,UPI,0.9501610210959881
PAY_002036,CLM_003680,POL_004002,2025-02-06,349413.52,Completed,UPI,0.8045377118446695
PAY_002037,CLM_006576,POL_018388,2026-10-08,39034.27,Completed,UPI,0.8373008356862638
PAY_002038,CLM_002162,POL_004615,2026-03-14,311660.97,Completed,UPI,0.7917610414386764
PAY_002039,CLM_003993,POL_024884,2025-11-21,29200.35,Completed,Cheque,0.9706191778089864
PAY_002040,CLM_009947,POL_010106,2024-09-25,57982.34,Completed,UPI,0.8799177724379841
PAY_002041,CLM_005366,POL_009628,2024-08-03,319761.51,Completed,Bank Transfer,0.9455212205469283
PAY_002042,CLM_003407,POL_023719,2025-06-22,413409.6,Completed,Bank Transfer,0.933969821772694
PAY_002043,CLM_003059,POL_020732,2026-09-27,145137.98,Completed,UPI,0.8925295576893039
PAY_002044,CLM_001633,POL_006683,2024-06-20,21727.23,Completed,Bank Transfer,0.8312831092191982
PAY_002045,CLM_005449,POL_011413,2026-10-07,62775.84,Completed,Bank Transfer,0.7572097708969007
PAY_002046,CLM_007750,POL_006862,2024-10-23,190691.98,Completed,UPI,0.8159179580740874
PAY_002047,CLM_009319,POL_021154,2026-08-01,129548.17,Completed,Bank Transfer,0.9959678684156791
PAY_002048,CLM_001480,POL_000225,2026-05-13,439004.11,Completed,Bank Transfer,0.8748036741729167
PAY_002049,CLM_006211,POL_004489,2024-05-02,105605.05,Completed,Bank Transfer,0.8474225303468682
PAY_002050,CLM_003820,POL_008472,2024-10-27,431848.57,Completed,UPI,0.8286181221158248
PAY_002051,CLM_003491,POL_006127,2026-06-03,295313.83,Completed,Bank Transfer,0.9786625110309786
PAY_002052,CLM_000602,POL_018002,2026-10-08,37535.53,Completed,Bank Transfer,0.7571409985002627
PAY_002053,CLM_007905,POL_021635,2024-08-31,120399.18,Completed,NEFT,0.8690187160045538
PAY_002054,CLM_000820,POL_020658,2025-06-10,115780.46,Completed,UPI,0.8465748258251239
PAY_002055,CLM_001773,POL_011258,2026-10-08,64053.97,Completed,Bank Transfer,0.8929637700838177
PAY_002056,CLM_000196,POL_012352,2026-10-08,346941.9,Completed,UPI,0.8594684607842474
PAY_002057,CLM_005619,POL_014304,2026-04-11,424371.01,Completed,NEFT,0.9555200045608708
PAY_002058,CLM_003242,POL_001563,2026-10-01,254137.68,Completed,Bank Transfer,0.9034272462124425
PAY_002059,CLM_009374,POL_024250,2026-10-07,140042.94,Completed,UPI,0.7815837420600092
PAY_002060,CLM_002866,POL_007848,2026-06-30,243822.96,Completed,UPI,0.8083101308619716
PAY_002061,CLM_001734,POL_011927,2024-01-21,126900.92,Completed,Cheque,0.9342368985267803
PAY_002062,CLM_008732,POL_000259,2026-08-28,241742.84,Completed,Cheque,0.9181889367091377
PAY_002063,CLM_002511,POL_020228,2026-07-14,566526.12,Completed,Bank Transfer,0.8169909791049157
PAY_002064,CLM_000722,POL_021080,2024-12-17,111632.01,Completed,Bank Transfer,0.7614294726628004
PAY_002065,CLM_005190,POL_017215,2025-01-09,59205.54,Completed,Bank Transfer,0.8210954635253458
PAY_002066,CLM_009776,POL_023098,2025-02-07,58253.45,Completed,Cheque,0.839889126783307
PAY_002067,CLM_008962,POL_009159,2026-10-06,95940.47,Completed,UPI,0.9141984984501391
PAY_002068,CLM_001043,POL_002713,2026-03-02,32768.03,Completed,UPI,0.9971119443360819
PAY_002069,CLM_007279,POL_002078,2024-06-02,177193.01,Completed,Bank Transfer,0.9641249744608346
PAY_002070,CLM_008268,POL_018861,2024-09-08,241118.12,Completed,Bank Transfer,0.7613992576173044
PAY_002071,CLM_002151,POL_017041,2026-10-08,278851.01,Completed,UPI,0.7862293215529531
PAY_002072,CLM_008036,POL_016839,2026-09-07,63313.54,Completed,Bank Transfer,0.8123136841222018
PAY_002073,CLM_002180,POL_017556,2025-06-27,195051.62,Completed,Bank Transfer,0.8734146737372143
PAY_002074,CLM_006381,POL_011126,2026-10-08,58843.6,Completed,Bank Transfer,0.937295218143549
PAY_002075,CLM_003800,POL_005476,2025-04-11,198719.27,Completed,Cheque,0.8701535407151425
PAY_002076,CLM_004296,POL_016758,2026-07-22,71812.27,Completed,UPI,0.8122647535180721
PAY_002077,CLM_003739,POL_012489,2026-01-15,172157.51,Completed,Cheque,0.9037415736270789
PAY_002078,CLM_008081,POL_021714,2026-10-08,774349.3,Completed,Bank Transfer,0.9154202037293238
PAY_002079,CLM_000152,POL_014966,2024-06-25,923703.9,Completed,Bank Transfer,0.8783272315664739
PAY_002080,CLM_002507,POL_009659,2025-03-20,146676.41,Completed,UPI,0.7513087270117362
PAY_002081,CLM_009330,POL_011714,2026-08-01,339659.68,Completed,Bank Transfer,0.7552192411349092
PAY_002082,CLM_001958,POL_024027,2026-03-21,136069.52,Completed,NEFT,0.7987547201510377
PAY_002083,CLM_005464,POL_000932,2025-07-16,562194.52,Completed,UPI,0.7934085313756265
PAY_002084,CLM_005251,POL_006626,2024-11-10,252662.91,Completed,Bank Transfer,0.9040865917909626
PAY_002085,CLM_009941,POL_011549,2025-09-09,733065.63,Completed,Cheque,0.8280796646146099
PAY_002086,CLM_002814,POL_016238,2026-10-02,415834.14,Completed,Bank Transfer,0.8482065260237587
PAY_002087,CLM_000473,POL_006392,2025-03-10,52130.65,Completed,Bank Transfer,0.7530105602166933
PAY_002088,CLM_009752,POL_007297,2026-05-16,172391.46,Completed,Cheque,0.938485540291768
PAY_002089,CLM_004564,POL_009591,2024-05-14,60781.58,Completed,Bank Transfer,0.9918495195496814
PAY_002090,CLM_003274,POL_016975,2025-03-22,496757.73,Completed,UPI,0.9682788028833539
PAY_002091,CLM_003663,POL_017250,2025-12-19,100626.26,Completed,Bank Transfer,0.9155449997129432
PAY_002092,CLM_001048,POL_005024,2024-02-26,60329.81,Completed,Bank Transfer,0.9816411536248023
PAY_002093,CLM_001103,POL_023396,2024-03-26,108186.36,Completed,Cheque,0.7517110530881917
PAY_002094,CLM_004284,POL_007242,2025-05-27,123571.81,Completed,Bank Transfer,0.8717773125200049
PAY_002095,CLM_009567,POL_023447,2026-06-06,136986.46,Completed,Bank Transfer,0.9648789496064348
PAY_002096,CLM_000434,POL_006663,2025-02-20,29776.69,Completed,UPI,0.8245802633134808
PAY_002097,CLM_008694,POL_023922,2024-12-16,164407.43,Completed,Bank Transfer,0.9201805218564619
PAY_002098,CLM_004336,POL_016315,2025-01-22,81150.29,Completed,NEFT,0.8912419618279631
PAY_002099,CLM_004145,POL_000593,2026-07-01,302142.84,Completed,UPI,0.7714860575390311
PAY_002100,CLM_007802,POL_020261,2026-05-16,36115.98,Completed,Bank Transfer,0.9115758792184009
PAY_002101,CLM_003732,POL_010487,2026-01-08,117572.73,Completed,Bank Transfer,0.7921041373460648
PAY_002102,CLM_009073,POL_024157,2026-08-12,703227.77,Completed,Bank Transfer,0.9914128316997542
PAY_002103,CLM_002562,POL_003815,2024-11-05,97037.87,Completed,UPI,0.8519110168892607
PAY_002104,CLM_009194,POL_000118,2026-05-20,120406.2,Completed,NEFT,0.938154492687135
PAY_002105,CLM_009365,POL_014320,2024-09-19,189076.69,Completed,Cheque,0.8172595814103645
PAY_002106,CLM_007031,POL_000299,2026-04-07,230614.68,Completed,NEFT,0.8622553931370709
PAY_002107,CLM_002932,POL_023961,2025-10-11,77220.56,Completed,NEFT,0.8403171722716062
PAY_002108,CLM_006139,POL_010156,2025-01-05,206666.91,Completed,UPI,0.8588909613995739
PAY_002109,CLM_000097,POL_013831,2024-10-15,64853.61,Completed,Bank Transfer,0.9245048721617071
PAY_002110,CLM_003963,POL_001124,2026-10-08,245175.73,Completed,Bank Transfer,0.7947306926883535
PAY_002111,CLM_007099,POL_024842,2026-07-26,28865.15,Completed,UPI,0.8796134901199791
PAY_002112,CLM_001822,POL_016112,2025-05-03,777963.3,Completed,UPI,0.8752106806300181
PAY_002113,CLM_002384,POL_022832,2026-07-28,20538.87,Completed,UPI,0.8382459534245904
PAY_002114,CLM_009416,POL_006986,2026-06-19,119654.05,Completed,Bank Transfer,0.965105031975231
PAY_002115,CLM_004451,POL_023359,2024-02-06,86511.56,Completed,UPI,0.9128967048199464
PAY_002116,CLM_004847,POL_002652,2025-10-01,88183.97,Completed,Bank Transfer,0.9959552574425047
PAY_002117,CLM_008531,POL_012435,2026-03-19,114846.52,Completed,UPI,0.9625801853171776
PAY_002118,CLM_009510,POL_000886,2026-10-08,156139.49,Completed,Bank Transfer,0.8389612536080046
PAY_002119,CLM_002428,POL_015015,2026-06-26,484171.13,Completed,UPI,0.8827105131220317
PAY_002120,CLM_001589,POL_000655,2026-08-24,47934.93,Completed,Cheque,0.860057257092455
PAY_002121,CLM_006434,POL_007521,2026-09-13,185913.11,Completed,UPI,0.8234593172679289
PAY_002122,CLM_009874,POL_018272,2024-08-31,655690.19,Completed,Bank Transfer,0.8094695777720303
PAY_002123,CLM_004150,POL_023175,2025-11-07,192774.02,Completed,Bank Transfer,0.9398925023719881
PAY_002124,CLM_002332,POL_020687,2026-04-14,296491.63,Completed,Bank Transfer,0.9605550616395704
PAY_002125,CLM_008922,POL_023822,2025-08-19,182928.89,Completed,Bank Transfer,0.8926296586238098
PAY_002126,CLM_002687,POL_011239,2025-03-19,151190.06,Completed,UPI,0.872385700150554
PAY_002127,CLM_006695,POL_024138,2026-10-08,97168.11,Completed,UPI,0.9196016666531016
PAY_002128,CLM_002306,POL_011223,2025-02-03,141101.84,Completed,Bank Transfer,0.8051421608021965
PAY_002129,CLM_001419,POL_015684,2025-10-31,67951.35,Completed,UPI,0.7731910902392226
PAY_002130,CLM_006806,POL_000362,2026-10-08,166700.73,Completed,UPI,0.9481227280630415
PAY_002131,CLM_007090,POL_002250,2026-05-11,79404.99,Completed,Bank Transfer,0.770526646125756
PAY_002132,CLM_004161,POL_015179,2026-02-20,61889.14,Completed,UPI,0.9960282239277661
PAY_002133,CLM_001230,POL_022917,2024-11-11,148499.63,Completed,Bank Transfer,0.96419609576874
PAY_002134,CLM_004168,POL_015460,2026-09-15,1824165.43,Completed,UPI,0.9031184336767987
PAY_002135,CLM_004369,POL_021508,2026-10-08,60682.95,Completed,Cheque,0.8665713503561294
PAY_002136,CLM_006435,POL_005294,2024-03-01,557860.9,Completed,Bank Transfer,0.8993178923540822
PAY_002137,CLM_006273,POL_001707,2026-04-06,367432.51,Completed,Bank Transfer,0.8102047795515175
PAY_002138,CLM_000068,POL_020731,2024-02-29,212896.67,Completed,Cheque,0.959195699347953
PAY_002139,CLM_004711,POL_006398,2026-09-18,62095.79,Completed,UPI,0.83466469810443
PAY_002140,CLM_001957,POL_003418,2024-10-20,61185.4,Completed,Bank Transfer,0.8358459091904471
PAY_002141,CLM_008275,POL_010485,2025-08-18,430320.95,Completed,Bank Transfer,0.8731538807761249
PAY_002142,CLM_000649,POL_005059,2026-05-02,136167.12,Completed,UPI,0.8347476690847294
PAY_002143,CLM_002487,POL_012244,2026-08-17,189345.85,Completed,Bank Transfer,0.7652711105582123
PAY_002144,CLM_001221,POL_008300,2026-08-22,391838.6,Completed,Bank Transfer,0.9363235129729681
PAY_002145,CLM_005293,POL_020454,2026-10-08,80931.88,Completed,Bank Transfer,0.7936573997983002
PAY_002146,CLM_003441,POL_013928,2026-05-17,570409.58,Completed,NEFT,0.777312657781667
PAY_002147,CLM_006030,POL_011704,2026-09-14,112748.28,Completed,Bank Transfer,0.9476097052514851
PAY_002148,CLM_003767,POL_010424,2026-05-14,191726.44,Completed,Cheque,0.8625630344498948
PAY_002149,CLM_008354,POL_021023,2025-12-16,25121.66,Completed,Bank Transfer,0.8917247237415603
PAY_002150,CLM_001876,POL_004752,2026-06-29,44291.12,Completed,UPI,0.7855021500116874
PAY_002151,CLM_006135,POL_018633,2026-08-28,96855.13,Completed,Cheque,0.7768408146988304
PAY_002152,CLM_005476,POL_006102,2026-03-12,278544.34,Completed,Bank Transfer,0.8798799939969201
PAY_002153,CLM_009336,POL_009380,2026-09-06,82638.66,Completed,UPI,0.7726118133925229
PAY_002154,CLM_008218,POL_004726,2026-07-13,678192.76,Completed,UPI,0.9620695696359546
PAY_002155,CLM_007537,POL_009364,2026-07-14,139383.91,Completed,Bank Transfer,0.8546849469356591
PAY_002156,CLM_001621,POL_021679,2025-09-05,220963.43,Completed,Bank Transfer,0.7570105727342221
PAY_002157,CLM_001116,POL_017874,2025-04-25,188290.57,Completed,NEFT,0.8698513412897073
PAY_002158,CLM_009446,POL_022501,2024-05-06,359675.57,Completed,Bank Transfer,0.8411619169167445
PAY_002159,CLM_003073,POL_005869,2025-11-18,477315.11,Completed,Cheque,0.967810718031586
PAY_002160,CLM_006789,POL_010847,2024-02-08,602809.89,Completed,UPI,0.878427484967996
PAY_002161,CLM_004199,POL_024367,2024-07-27,54083.49,Completed,Bank Transfer,0.8506896858172219
PAY_002162,CLM_009732,POL_012707,2026-04-10,96147.91,Completed,Cheque,0.7949422056599462
PAY_002163,CLM_005501,POL_019350,2025-08-07,47366.66,Completed,Bank Transfer,0.8720866028146984
PAY_002164,CLM_008773,POL_006182,2026-02-23,134287.72,Completed,Cheque,0.7568091720810053
PAY_002165,CLM_002646,POL_014279,2026-10-08,355212.53,Completed,UPI,0.8942785987924091
PAY_002166,CLM_002800,POL_018859,2025-10-15,278908.91,Completed,Bank Transfer,0.7943034739257779
PAY_002167,CLM_007498,POL_012981,2026-10-06,99243.5,Completed,Cheque,0.9749100175249711
PAY_002168,CLM_005602,POL_012741,2025-11-21,66790.85,Completed,NEFT,0.8037505394169701
PAY_002169,CLM_007906,POL_004333,2026-02-19,109882.16,Completed,Bank Transfer,0.7784378926029025
PAY_002170,CLM_000703,POL_003412,2025-03-28,205702.78,Completed,Bank Transfer,0.8450428451883533
PAY_002171,CLM_003436,POL_014483,2025-01-20,145656.56,Completed,Bank Transfer,0.8122668915742524
PAY_002172,CLM_005318,POL_001251,2024-11-15,147612.45,Completed,Bank Transfer,0.9193823268388853
PAY_002173,CLM_009581,POL_019422,2024-07-13,87817.26,Completed,Cheque,0.7972892047559212
PAY_002174,CLM_000046,POL_005959,2024-07-23,110292.1,Completed,UPI,0.905826549140052
PAY_002175,CLM_002685,POL_009308,2025-06-21,238160.72,Completed,UPI,0.7583056199936848
PAY_002176,CLM_003391,POL_003000,2026-09-11,83788.62,Completed,UPI,0.8151773956993065
PAY_002177,CLM_007348,POL_010119,2025-09-27,165958.24,Completed,Bank Transfer,0.8082929515386318
PAY_002178,CLM_007078,POL_021479,2026-02-21,198076.98,Completed,Bank Transfer,0.8080898171583241
PAY_002179,CLM_006448,POL_023916,2026-08-24,156504.5,Completed,NEFT,0.8489504534756794
PAY_002180,CLM_008288,POL_004760,2026-10-08,598257.13,Completed,UPI,0.9492385785191195
PAY_002181,CLM_004888,POL_008458,2025-07-29,28462.61,Completed,Bank Transfer,0.8701083439284633
PAY_002182,CLM_000933,POL_022827,2026-07-12,103266.54,Completed,NEFT,0.8134009039788507
PAY_002183,CLM_006347,POL_020665,2025-08-18,375351.17,Completed,Bank Transfer,0.7814143949927014
PAY_002184,CLM_003460,POL_021618,2026-05-23,93918.58,Completed,Bank Transfer,0.8949415029870267
PAY_002185,CLM_001569,POL_012793,2024-02-21,143199.71,Completed,UPI,0.889214237913601
PAY_002186,CLM_001246,POL_013601,2026-07-14,90064.29,Completed,UPI,0.9232753328902041
PAY_002187,CLM_008668,POL_011417,2025-12-16,557424.53,Completed,Bank Transfer,0.7945428313503682
PAY_002188,CLM_001300,POL_022662,2025-03-12,204469.74,Completed,UPI,0.9378290598768863
PAY_002189,CLM_004061,POL_011268,2024-08-11,136060.29,Completed,Cheque,0.9860901146452333
PAY_002190,CLM_000153,POL_023493,2024-05-18,269742.82,Completed,Bank Transfer,0.8364043756756528
PAY_002191,CLM_009602,POL_001961,2025-12-22,87406.24,Completed,Bank Transfer,0.9259381790765835
PAY_002192,CLM_005354,POL_022780,2026-05-30,1278308.29,Completed,Bank Transfer,0.7841940689277517
PAY_002193,CLM_005930,POL_004378,2026-09-09,384512.49,Completed,Cheque,0.8774844840907988
PAY_002194,CLM_004324,POL_022056,2024-06-03,76353.72,Completed,Cheque,0.9554761067528285
PAY_002195,CLM_008428,POL_008694,2024-12-24,506445.18,Completed,UPI,0.8332739722468506
PAY_002196,CLM_003208,POL_010626,2025-02-09,129772.78,Completed,Bank Transfer,0.9290329794989286
PAY_002197,CLM_005526,POL_003536,2025-05-14,898849.5,Completed,Cheque,0.9866719031602585
PAY_002198,CLM_002617,POL_018863,2026-03-07,316225.93,Completed,Bank Transfer,0.9883187613587174
PAY_002199,CLM_007081,POL_017871,2024-05-31,322485.29,Completed,UPI,0.7956971914555742
PAY_002200,CLM_001125,POL_016242,2025-01-05,253148.1,Completed,Bank Transfer,0.8731407506900761
PAY_002201,CLM_009759,POL_015339,2025-02-28,575145.29,Completed,Bank Transfer,0.92754563448197
PAY_002202,CLM_004755,POL_024879,2024-11-13,362598.3,Completed,Bank Transfer,0.8063633799540014
PAY_002203,CLM_006014,POL_022123,2026-07-10,116092.06,Completed,Bank Transfer,0.8910154479335854
PAY_002204,CLM_004092,POL_019314,2025-01-28,415406.35,Completed,Cheque,0.9183510213790794
PAY_002205,CLM_002610,POL_022540,2026-08-14,598758.26,Completed,Bank Transfer,0.921690385942115
PAY_002206,CLM_001588,POL_010400,2026-01-17,423650.5,Completed,NEFT,0.8001971544444794
PAY_002207,CLM_008062,POL_010494,2026-09-19,161951.5,Completed,NEFT,0.8976461712766195
PAY_002208,CLM_007856,POL_011796,2024-06-13,325027.63,Completed,Bank Transfer,0.874006416490287
PAY_002209,CLM_007158,POL_001280,2026-04-24,300467.59,Completed,NEFT,0.8894251571307195
PAY_002210,CLM_006066,POL_003807,2025-01-27,85479.59,Completed,Bank Transfer,0.8348879957415428
PAY_002211,CLM_003673,POL_015839,2026-07-22,538163.89,Completed,UPI,0.994541077847724
PAY_002212,CLM_008925,POL_015333,2026-08-29,431679.93,Completed,Cheque,0.9223545222567955
PAY_002213,CLM_002369,POL_007853,2026-07-27,50392.46,Completed,UPI,0.7704888581190867
PAY_002214,CLM_008225,POL_020275,2025-08-22,114064.97,Completed,Bank Transfer,0.8487727188980693
PAY_002215,CLM_007670,POL_015960,2024-09-07,210675.28,Completed,UPI,0.8524987517541097
PAY_002216,CLM_009488,POL_024147,2026-09-24,161023.15,Completed,NEFT,0.9779597142168764
PAY_002217,CLM_005478,POL_021818,2026-03-16,498312.15,Completed,UPI,0.9009251152597373
PAY_002218,CLM_006496,POL_007302,2026-07-19,241618.82,Completed,Bank Transfer,0.9374755609923524
PAY_002219,CLM_009840,POL_020678,2025-11-20,63606.32,Completed,Bank Transfer,0.8436823819615284
PAY_002220,CLM_009606,POL_021191,2025-11-22,142581.23,Completed,Bank Transfer,0.978248061891049
PAY_002221,CLM_005661,POL_007330,2026-05-20,59495.91,Completed,Cheque,0.9837493280695544
PAY_002222,CLM_003497,POL_007552,2026-07-09,676939.63,Completed,Cheque,0.9419233279502089
PAY_002223,CLM_004174,POL_008232,2026-03-30,757481.07,Completed,Cheque,0.8096604212158649
PAY_002224,CLM_003684,POL_017770,2026-09-18,337624.98,Completed,NEFT,0.9253819377988167
PAY_002225,CLM_001751,POL_020612,2026-04-14,307585.45,Completed,Bank Transfer,0.7943631073297822
PAY_002226,CLM_003142,POL_007770,2025-02-12,237695.01,Completed,Bank Transfer,0.9987536956133162
PAY_002227,CLM_003782,POL_003897,2026-05-29,548972.65,Completed,Bank Transfer,0.9246381053116908
PAY_002228,CLM_008111,POL_024215,2025-05-22,262807.15,Completed,UPI,0.7902797216402622
PAY_002229,CLM_007722,POL_004449,2025-06-09,182320.54,Completed,NEFT,0.9284006238475228
PAY_002230,CLM_009925,POL_014255,2025-01-22,419842.37,Completed,UPI,0.8404765697859267
PAY_002231,CLM_009949,POL_011711,2025-08-24,258067.88,Completed,UPI,0.851959729807007
PAY_002232,CLM_002531,POL_007493,2025-07-08,118482.25,Completed,NEFT,0.7773383281139984
PAY_002233,CLM_001199,POL_003671,2026-06-26,151552.99,Completed,Bank Transfer,0.8465000830564691
PAY_002234,CLM_004956,POL_000334,2025-05-30,158576.86,Completed,UPI,0.8866314321818917
PAY_002235,CLM_003500,POL_012802,2025-12-23,179259.78,Completed,Bank Transfer,0.8351693866389414
PAY_002236,CLM_000918,POL_006835,2026-02-26,35452.36,Completed,Bank Transfer,0.7801689630055081
PAY_002237,CLM_005873,POL_005698,2024-05-17,398011.32,Completed,Bank Transfer,0.993789218757323
PAY_002238,CLM_001335,POL_008322,2026-07-07,84262.6,Completed,Bank Transfer,0.8172591742173841
PAY_002239,CLM_000416,POL_010158,2026-05-04,870639.88,Completed,UPI,0.8124516083397426
PAY_002240,CLM_001522,POL_008861,2026-03-19,210232.68,Completed,UPI,0.9047822142130982
PAY_002241,CLM_007102,POL_009686,2024-12-21,497578.98,Completed,Bank Transfer,0.769570806644807
PAY_002242,CLM_005088,POL_016985,2024-05-29,72187.84,Completed,UPI,0.8654753944780802
PAY_002243,CLM_003200,POL_009718,2026-04-10,78084.67,Completed,UPI,0.8692530370272078
PAY_002244,CLM_001365,POL_013229,2025-02-28,124494.76,Completed,Bank Transfer,0.7784523328572173
PAY_002245,CLM_007978,POL_021151,2025-11-13,215243.01,Completed,Bank Transfer,0.8179067314371037
PAY_002246,CLM_008329,POL_006627,2026-04-02,156811.99,Completed,UPI,0.8617159849611283
PAY_002247,CLM_000017,POL_006119,2023-12-31,480870.75,Completed,Bank Transfer,0.9574274086906327
PAY_002248,CLM_001629,POL_005389,2025-05-16,19871.21,Completed,UPI,0.9009688339080986
PAY_002249,CLM_007285,POL_021866,2026-02-22,247389.63,Completed,UPI,0.870601514086652
PAY_002250,CLM_005239,POL_011730,2025-10-22,148215.43,Completed,Bank Transfer,0.9100099949463478
PAY_002251,CLM_009227,POL_023548,2024-07-23,39807.84,Completed,Bank Transfer,0.760338035486277
PAY_002252,CLM_006307,POL_012389,2025-08-13,94161.92,Completed,Bank Transfer,0.773946353854932
PAY_002253,CLM_001909,POL_003406,2025-12-14,67995.26,Completed,NEFT,0.9554771416370178
PAY_002254,CLM_005626,POL_006710,2025-08-18,418617.92,Completed,UPI,0.9235179418000345
PAY_002255,CLM_009771,POL_004115,2025-03-13,113357.26,Completed,UPI,0.9149315826745736
PAY_002256,CLM_009155,POL_016738,2024-07-03,453819.0,Completed,Bank Transfer,0.8945144179614917
PAY_002257,CLM_005152,POL_017505,2025-06-24,546883.59,Completed,NEFT,0.8700949095358931
PAY_002258,CLM_004159,POL_020297,2024-07-27,401655.97,Completed,UPI,0.8898952998850519
PAY_002259,CLM_006785,POL_023247,2026-04-10,1129442.85,Completed,Bank Transfer,0.9817791092285961
PAY_002260,CLM_000959,POL_014014,2024-07-27,29710.48,Completed,UPI,0.8307386800052455
PAY_002261,CLM_009308,POL_008792,2024-05-22,97891.81,Completed,UPI,0.8012984412745624
PAY_002262,CLM_009449,POL_011539,2026-10-08,429356.8,Completed,Cheque,0.904434443359908
PAY_002263,CLM_007817,POL_019262,2025-05-30,149919.65,Completed,UPI,0.7541146805274127
PAY_002264,CLM_005917,POL_001924,2025-04-01,228649.31,Completed,Cheque,0.8033144435880961
PAY_002265,CLM_009750,POL_010306,2026-06-15,23917.31,Completed,Bank Transfer,0.8413743101502543
PAY_002266,CLM_007716,POL_019830,2025-09-19,106529.72,Completed,Cheque,0.9844198265427931
PAY_002267,CLM_007143,POL_012568,2024-09-01,271168.79,Completed,Bank Transfer,0.8606005582297084
PAY_002268,CLM_006717,POL_001708,2025-12-06,33136.36,Completed,Bank Transfer,0.9089469239025812
PAY_002269,CLM_007288,POL_007460,2026-01-25,271605.47,Completed,UPI,0.753876954825888
PAY_002270,CLM_007204,POL_003534,2025-01-28,434700.21,Completed,NEFT,0.8336900247627106
PAY_002271,CLM_006940,POL_016667,2025-03-26,53790.41,Completed,Bank Transfer,0.8275340749442623
PAY_002272,CLM_000826,POL_015501,2025-11-16,380499.38,Completed,Cheque,0.827439468409397
PAY_002273,CLM_002089,POL_023775,2026-08-01,787451.57,Completed,UPI,0.9568440557270601
PAY_002274,CLM_004660,POL_002664,2024-01-09,193407.33,Completed,NEFT,0.8945052449598111
PAY_002275,CLM_006207,POL_011156,2025-08-31,48726.51,Completed,NEFT,0.8208349329783147
PAY_002276,CLM_002493,POL_024893,2024-07-19,99298.58,Completed,NEFT,0.8245013418473793
PAY_002277,CLM_008942,POL_018418,2025-11-03,61631.23,Completed,Bank Transfer,0.9884588545172535
PAY_002278,CLM_006676,POL_000726,2025-11-26,110006.13,Completed,NEFT,0.8526724559900196
PAY_002279,CLM_000405,POL_023118,2025-06-08,537031.59,Completed,Bank Transfer,0.9269541797771761
PAY_002280,CLM_002480,POL_006920,2026-07-31,73541.39,Completed,Cheque,0.9749031478409896
PAY_002281,CLM_007009,POL_019329,2026-01-30,133160.46,Completed,Bank Transfer,0.8530892056207595
PAY_002282,CLM_008837,POL_022895,2026-10-08,296107.16,Completed,Bank Transfer,0.9837057615525657
PAY_002283,CLM_008584,POL_018311,2025-11-08,38787.57,Completed,Bank Transfer,0.8621050104797108
PAY_002284,CLM_009782,POL_020979,2026-10-08,89201.7,Completed,Cheque,0.99485040891253
PAY_002285,CLM_005961,POL_023284,2025-07-30,342730.72,Completed,UPI,0.9934370336072494
PAY_002286,CLM_005151,POL_013202,2026-01-08,329879.13,Completed,UPI,0.8864665481340136
PAY_002287,CLM_009696,POL_023579,2025-09-29,321125.09,Completed,UPI,0.7733002245742691
PAY_002288,CLM_002409,POL_024169,2024-08-26,441287.18,Completed,Bank Transfer,0.8009193507228447
PAY_002289,CLM_006506,POL_011272,2024-08-21,361023.6,Completed,UPI,0.7759521121400604
PAY_002290,CLM_001937,POL_002581,2025-08-19,211038.73,Completed,UPI,0.9505754971115465
PAY_002291,CLM_004776,POL_023524,2025-03-28,325837.84,Completed,NEFT,0.7962043885657607
PAY_002292,CLM_008242,POL_015974,2025-07-22,352339.17,Completed,Cheque,0.8826130407548797
PAY_002293,CLM_009645,POL_012300,2024-04-13,694038.28,Completed,Bank Transfer,0.8741280455416249
PAY_002294,CLM_005343,POL_003319,2026-03-16,100449.24,Completed,UPI,0.8809894028758624
PAY_002295,CLM_003215,POL_006446,2025-03-19,30990.74,Completed,UPI,0.8916333187272765
PAY_002296,CLM_007086,POL_018034,2026-10-08,76632.45,Completed,UPI,0.7597791545394733
PAY_002297,CLM_006049,POL_008551,2024-03-21,145349.41,Completed,UPI,0.9470449536405442
PAY_002298,CLM_005911,POL_019007,2024-08-29,624033.19,Completed,UPI,0.7591974186908745
PAY_002299,CLM_006850,POL_009214,2025-08-09,442394.97,Completed,UPI,0.8075017657457105
PAY_002300,CLM_007850,POL_023668,2025-05-15,95938.2,Completed,Bank Transfer,0.8614055593934743
PAY_002301,CLM_002239,POL_015966,2024-11-25,253748.99,Completed,Bank Transfer,0.7882303736767345
PAY_002302,CLM_007649,POL_008703,2023-12-26,79292.5,Completed,NEFT,0.899017619804295
PAY_002303,CLM_005216,POL_020116,2025-12-12,496168.92,Completed,Cheque,0.8799286294519139
PAY_002304,CLM_005085,POL_009401,2025-12-26,205472.21,Completed,NEFT,0.8175889760571204
PAY_002305,CLM_003116,POL_022466,2025-09-10,69225.51,Completed,Bank Transfer,0.9535694641826243
PAY_002306,CLM_004280,POL_001936,2026-06-25,513382.6,Completed,UPI,0.9431981460806602
PAY_002307,CLM_001782,POL_021042,2025-10-12,284650.21,Completed,UPI,0.8146538387711235
PAY_002308,CLM_008150,POL_009531,2025-11-17,43622.31,Completed,Bank Transfer,0.824829767327882
PAY_002309,CLM_001819,POL_011902,2026-10-06,591653.24,Completed,Bank Transfer,0.8720635082207214
PAY_002310,CLM_003210,POL_021755,2026-07-21,286458.51,Completed,Bank Transfer,0.9899204247881705
PAY_002311,CLM_002786,POL_004526,2026-10-06,143994.73,Completed,UPI,0.8510981252163657
PAY_002312,CLM_009294,POL_001199,2026-10-08,998921.5,Completed,Cheque,0.9756973849391941
PAY_002313,CLM_000158,POL_022165,2026-10-05,259689.25,Completed,Bank Transfer,0.834637005454291
PAY_002314,CLM_008513,POL_011409,2025-09-30,84914.5,Completed,Bank Transfer,0.8716264245553437
PAY_002315,CLM_007330,POL_017344,2024-12-30,100558.28,Completed,Bank Transfer,0.9355767711740666
PAY_002316,CLM_009724,POL_024185,2025-01-08,119077.88,Completed,UPI,0.777767624787454
PAY_002317,CLM_000737,POL_008616,2026-04-30,915770.93,Completed,Cheque,0.9194937579372613
PAY_002318,CLM_005065,POL_022618,2024-12-28,48022.58,Completed,Bank Transfer,0.7575447529987822
PAY_002319,CLM_004498,POL_007738,2026-07-30,84893.93,Completed,Bank Transfer,0.8531263588566323
PAY_002320,CLM_009388,POL_007416,2026-02-21,28798.71,Completed,Bank Transfer,0.9522312306156053
PAY_002321,CLM_003583,POL_015652,2026-09-12,169591.97,Completed,Cheque,0.9362855143534231
PAY_002322,CLM_004848,POL_014405,2026-09-22,280328.86,Completed,UPI,0.8992350616682471
PAY_002323,CLM_005842,POL_014223,2024-09-16,619444.14,Completed,Bank Transfer,0.9873626270632719
PAY_002324,CLM_009405,POL_018589,2024-08-27,213599.78,Completed,Bank Transfer,0.8746985644773081
PAY_002325,CLM_000495,POL_012143,2026-03-08,783885.88,Completed,Cheque,0.8598280894191253
PAY_002326,CLM_005900,POL_020033,2025-02-07,295330.64,Completed,Bank Transfer,0.9610408179994131
PAY_002327,CLM_008481,POL_000356,2025-04-09,77843.49,Completed,Bank Transfer,0.841999551112349
PAY_002328,CLM_005365,POL_018763,2025-06-15,32105.21,Completed,Bank Transfer,0.7790346536515388
PAY_002329,CLM_001623,POL_005734,2024-09-12,212575.24,Completed,NEFT,0.899472951547077
PAY_002330,CLM_007050,POL_010812,2024-08-08,242916.09,Completed,Cheque,0.838086887189557
PAY_002331,CLM_000420,POL_002297,2026-02-08,227978.8,Completed,Bank Transfer,0.9260357637398101
PAY_002332,CLM_008843,POL_009209,2025-03-15,21359.73,Completed,UPI,0.8529790550262305
PAY_002333,CLM_007957,POL_014270,2025-04-12,364010.82,Completed,Bank Transfer,0.956362150654772
PAY_002334,CLM_003762,POL_005155,2025-04-24,65658.3,Completed,UPI,0.959971261523499
PAY_002335,CLM_007638,POL_020076,2026-02-25,170815.63,Completed,NEFT,0.9856093999607408
PAY_002336,CLM_008192,POL_006531,2025-06-26,136086.94,Completed,Cheque,0.9085843691532643
PAY_002337,CLM_004054,POL_000222,2024-12-22,480670.22,Completed,Bank Transfer,0.9993971434266583
PAY_002338,CLM_000323,POL_008271,2025-01-24,159200.11,Completed,Cheque,0.879343252561403
PAY_002339,CLM_005227,POL_016014,2024-03-13,885687.44,Completed,Cheque,0.9097553358235803
PAY_002340,CLM_004105,POL_016354,2024-09-29,163776.22,Completed,Bank Transfer,0.7580160496871595
PAY_002341,CLM_006932,POL_014371,2025-09-03,534075.45,Completed,Bank Transfer,0.9840454777042742
PAY_002342,CLM_004596,POL_010945,2026-09-06,183413.44,Completed,Bank Transfer,0.9954070810806028
PAY_002343,CLM_006431,POL_002312,2025-01-17,325945.4,Completed,Bank Transfer,0.9043431195303221
PAY_002344,CLM_002999,POL_011007,2026-08-27,306451.06,Completed,Bank Transfer,0.8748491072501916
PAY_002345,CLM_009001,POL_016809,2026-10-08,188953.07,Completed,Bank Transfer,0.8411536425078089
PAY_002346,CLM_003830,POL_019056,2025-12-19,396596.96,Completed,Bank Transfer,0.9721323835809847
PAY_002347,CLM_005765,POL_021486,2026-03-20,33354.88,Completed,UPI,0.8371544827267715
PAY_002348,CLM_008690,POL_010406,2025-12-21,274040.43,Completed,Bank Transfer,0.811227142236929
PAY_002349,CLM_002309,POL_019276,2026-08-01,146013.26,Completed,Bank Transfer,0.8874287621997459
PAY_002350,CLM_000890,POL_017930,2025-09-23,384089.73,Completed,NEFT,0.8957207006145727
PAY_002351,CLM_004258,POL_019015,2024-10-14,294352.59,Completed,UPI,0.8116641635404935
PAY_002352,CLM_001587,POL_016626,2026-04-08,131936.11,Completed,UPI,0.7895202311398496
PAY_002353,CLM_008121,POL_000258,2025-07-17,237986.41,Completed,UPI,0.9069955569543224
PAY_002354,CLM_009823,POL_012801,2026-10-08,129234.46,Completed,Cheque,0.9877413627012751
PAY_002355,CLM_009481,POL_020937,2024-11-12,708297.52,Completed,Bank Transfer,0.989213996269269
PAY_002356,CLM_000281,POL_009722,2025-01-26,91266.8,Completed,Bank Transfer,0.8954194456759987
PAY_002357,CLM_008247,POL_005893,2026-04-17,47011.1,Completed,Bank Transfer,0.9476676350752592
PAY_002358,CLM_009971,POL_001644,2026-01-03,76416.27,Completed,Cheque,0.9324447302465083
PAY_002359,CLM_001213,POL_023336,2026-06-22,50826.13,Completed,Cheque,0.9465861637787661
PAY_002360,CLM_006524,POL_002791,2025-08-31,71136.7,Completed,Cheque,0.8052017495217407
PAY_002361,CLM_001781,POL_000238,2024-12-08,23975.27,Completed,UPI,0.8053497462714995
PAY_002362,CLM_007606,POL_013384,2026-08-11,125545.49,Completed,UPI,0.928849152660122
PAY_002363,CLM_002303,POL_006970,2025-03-21,192835.59,Completed,Bank Transfer,0.8119691042143061
PAY_002364,CLM_006278,POL_012581,2026-09-15,142195.75,Completed,UPI,0.9362083954198948
PAY_002365,CLM_008644,POL_010857,2025-12-02,395985.39,Completed,Bank Transfer,0.7508645785110786
PAY_002366,CLM_004943,POL_013799,2025-11-30,107813.36,Completed,NEFT,0.7939643797189184
PAY_002367,CLM_003657,POL_011954,2025-08-25,371148.74,Completed,Cheque,0.8896366458961832
PAY_002368,CLM_007685,POL_020747,2026-01-24,277467.85,Completed,UPI,0.785663204609894
PAY_002369,CLM_004551,POL_005034,2025-06-04,49193.49,Completed,Cheque,0.7518647797050343
PAY_002370,CLM_005036,POL_008520,2026-10-08,49163.47,Completed,Bank Transfer,0.7899644637490392
PAY_002371,CLM_007643,POL_021820,2024-10-12,894949.6,Completed,Bank Transfer,0.896508341122543
PAY_002372,CLM_003469,POL_009463,2025-06-12,354732.15,Completed,Bank Transfer,0.9154978867387349
PAY_002373,CLM_005627,POL_015979,2024-05-23,100352.85,Completed,Bank Transfer,0.9525952333241479
PAY_002374,CLM_000966,POL_015621,2025-01-22,136394.82,Completed,Bank Transfer,0.8830545940750095
PAY_002375,CLM_001136,POL_003893,2024-03-05,71004.12,Completed,Bank Transfer,0.851254844677784
PAY_002376,CLM_008659,POL_006327,2025-08-16,63439.32,Completed,UPI,0.9672171762779822
PAY_002377,CLM_007615,POL_018313,2025-03-26,123233.93,Completed,NEFT,0.7554905731908039
PAY_002378,CLM_001971,POL_006879,2025-12-27,61451.97,Completed,Cheque,0.937261755165794
PAY_002379,CLM_007346,POL_022899,2024-11-03,83653.93,Completed,UPI,0.9528752699876274
PAY_002380,CLM_003337,POL_015901,2025-07-23,411745.94,Completed,UPI,0.880711249526085
PAY_002381,CLM_006782,POL_004566,2024-11-19,92414.11,Completed,Bank Transfer,0.9127763949395263
PAY_002382,CLM_006589,POL_007005,2025-03-01,111662.19,Completed,Bank Transfer,0.8028790190888904
PAY_002383,CLM_007608,POL_020586,2024-06-19,150418.51,Completed,UPI,0.7749284116597331
PAY_002384,CLM_008754,POL_007653,2026-10-08,532812.33,Completed,Cheque,0.7794298163976184
PAY_002385,CLM_003878,POL_000076,2025-12-27,79807.98,Completed,Bank Transfer,0.9407695102334407
PAY_002386,CLM_004968,POL_020436,2024-08-27,500705.58,Completed,UPI,0.8099735541000819
PAY_002387,CLM_008074,POL_019082,2026-10-02,76889.67,Completed,Bank Transfer,0.8761347126997348
PAY_002388,CLM_007382,POL_012790,2026-03-29,48381.71,Completed,Bank Transfer,0.9058077486324434
PAY_002389,CLM_006957,POL_021213,2024-09-18,201855.75,Completed,Bank Transfer,0.9004267057927392
PAY_002390,CLM_008571,POL_022829,2024-09-28,414672.23,Completed,UPI,0.9861814760122819
PAY_002391,CLM_002547,POL_019411,2025-03-06,668626.02,Completed,Cheque,0.8526833158571513
PAY_002392,CLM_005393,POL_015947,2025-04-27,87981.62,Completed,Cheque,0.8615683545640053
PAY_002393,CLM_001157,POL_002364,2025-06-20,271529.53,Completed,Cheque,0.7558369177633648
PAY_002394,CLM_001242,POL_015854,2026-03-16,147097.4,Completed,Bank Transfer,0.93678255421494
PAY_002395,CLM_007497,POL_020129,2025-02-21,135879.04,Completed,UPI,0.8368864303585224
PAY_002396,CLM_004818,POL_003503,2026-08-10,693399.84,Completed,Bank Transfer,0.8637295214061659
PAY_002397,CLM_007053,POL_005123,2026-06-04,26958.19,Completed,Bank Transfer,0.7674370209601805
PAY_002398,CLM_000308,POL_016364,2026-03-22,191916.31,Completed,NEFT,0.9643887385450254
PAY_002399,CLM_001865,POL_011998,2026-04-24,133706.22,Completed,Bank Transfer,0.9094271718756441
PAY_002400,CLM_000852,POL_001385,2025-04-11,261379.62,Completed,NEFT,0.9748097210652032
PAY_002401,CLM_000063,POL_023303,2026-04-22,346278.49,Completed,UPI,0.7558728342532467
PAY_002402,CLM_001785,POL_008302,2025-11-01,172402.72,Completed,UPI,0.8484789605883312
PAY_002403,CLM_003799,POL_000928,2025-05-24,63162.13,Completed,UPI,0.8801689544109874
PAY_002404,CLM_009662,POL_006522,2026-07-10,169405.79,Completed,UPI,0.9226419990910054
PAY_002405,CLM_002706,POL_005971,2024-05-02,60375.01,Completed,Bank Transfer,0.9964268921504019
PAY_002406,CLM_006075,POL_012772,2024-11-17,192774.16,Completed,Cheque,0.8570154942763653
PAY_002407,CLM_008771,POL_002615,2024-09-28,120957.69,Completed,UPI,0.8747567542549023
PAY_002408,CLM_008886,POL_020997,2025-07-25,166580.09,Completed,Bank Transfer,0.9834060792503967
PAY_002409,CLM_008306,POL_009008,2026-04-24,385123.65,Completed,Cheque,0.8788904460160147
PAY_002410,CLM_001549,POL_011308,2025-12-10,137054.93,Completed,NEFT,0.9901971479880032
PAY_002411,CLM_001039,POL_012997,2025-06-02,34129.32,Completed,NEFT,0.8711437147757902
PAY_002412,CLM_003365,POL_008746,2024-12-18,63347.39,Completed,Bank Transfer,0.892278088972876
PAY_002413,CLM_002163,POL_010652,2025-09-02,521055.86,Completed,UPI,0.9318796567638151
PAY_002414,CLM_000985,POL_015368,2026-01-31,207894.51,Completed,Bank Transfer,0.9913236150535822
PAY_002415,CLM_005655,POL_016456,2024-06-01,123311.49,Completed,UPI,0.911908998630859
PAY_002416,CLM_008563,POL_007927,2025-02-21,305289.71,Completed,UPI,0.8247432336222166
PAY_002417,CLM_005744,POL_018504,2026-09-29,312892.87,Completed,UPI,0.9799739682414802
PAY_002418,CLM_001294,POL_024949,2025-09-10,52281.01,Completed,UPI,0.8094208386849859
PAY_002419,CLM_008073,POL_008919,2025-04-09,17053.8,Completed,NEFT,0.7853696816300365
PAY_002420,CLM_004049,POL_005162,2026-07-12,46633.5,Completed,UPI,0.7712197687341237
PAY_002421,CLM_002196,POL_005352,2025-07-30,851653.89,Completed,Bank Transfer,0.9846605353652285
PAY_002422,CLM_003821,POL_013327,2026-08-04,271441.45,Completed,Bank Transfer,0.9200396159946529
PAY_002423,CLM_008007,POL_017657,2026-08-28,213608.88,Completed,Bank Transfer,0.9267050588313945
PAY_002424,CLM_009496,POL_009771,2026-09-07,102433.84,Completed,Bank Transfer,0.9701488904414982
PAY_002425,CLM_005982,POL_020704,2025-02-08,499455.58,Completed,UPI,0.8935556260921984
PAY_002426,CLM_008022,POL_010499,2026-01-30,25771.56,Completed,NEFT,0.8835093045690813
PAY_002427,CLM_003723,POL_000360,2024-04-01,17379.82,Completed,Cheque,0.9125583612844418
PAY_002428,CLM_007642,POL_023112,2024-05-30,264826.83,Completed,Bank Transfer,0.814333242263119
PAY_002429,CLM_002677,POL_004205,2026-01-06,52522.51,Completed,UPI,0.9532126012603874
PAY_002430,CLM_003371,POL_009072,2025-01-01,152124.54,Completed,UPI,0.892059348909934
PAY_002431,CLM_002527,POL_012075,2024-01-16,130223.56,Completed,NEFT,0.8683026520779984
PAY_002432,CLM_007272,POL_018225,2026-07-13,80706.04,Completed,Bank Transfer,0.9473589562035981
PAY_002433,CLM_009402,POL_007989,2025-03-11,234795.48,Completed,UPI,0.8655315230769045
PAY_002434,CLM_002833,POL_012240,2026-05-22,400666.27,Completed,Bank Transfer,0.7657154102086121
PAY_002435,CLM_000773,POL_010845,2026-07-16,209845.55,Completed,UPI,0.8433782950375468
PAY_002436,CLM_007157,POL_009947,2025-05-12,86563.05,Completed,UPI,0.9065723024061965
PAY_002437,CLM_009551,POL_004656,2026-06-25,59525.46,Completed,Bank Transfer,0.7860232220034623
PAY_002438,CLM_009932,POL_015481,2026-05-10,297966.27,Completed,Bank Transfer,0.9089371848120879
PAY_002439,CLM_004733,POL_000177,2026-03-14,154030.69,Completed,NEFT,0.8872641557255384
PAY_002440,CLM_003087,POL_008552,2026-01-27,161801.26,Completed,NEFT,0.8297920940814848
PAY_002441,CLM_001060,POL_016931,2026-07-03,409865.39,Completed,NEFT,0.8717862159705068
PAY_002442,CLM_003324,POL_021464,2026-04-10,355114.4,Completed,Bank Transfer,0.7761698121616266
PAY_002443,CLM_007277,POL_001947,2026-03-18,121464.59,Completed,UPI,0.7611160349170247
PAY_002444,CLM_003183,POL_001355,2026-10-08,89652.57,Completed,Bank Transfer,0.8387953578568921
PAY_002445,CLM_006604,POL_008867,2025-10-18,141196.1,Completed,UPI,0.769280139302393
PAY_002446,CLM_004181,POL_011319,2025-12-07,135134.2,Completed,Bank Transfer,0.7882364456185087
PAY_002447,CLM_001816,POL_013098,2025-02-20,250114.9,Completed,UPI,0.809520913540905
PAY_002448,CLM_003000,POL_016064,2025-05-15,235310.0,Completed,NEFT,0.789606336393708
PAY_002449,CLM_006778,POL_000202,2026-09-12,569084.11,Completed,Cheque,0.912600235682264
PAY_002450,CLM_008796,POL_012681,2026-10-08,257795.38,Completed,Bank Transfer,0.8720512772634229
PAY_002451,CLM_001295,POL_003382,2026-10-08,232770.52,Completed,Cheque,0.8313884606311102
PAY_002452,CLM_000619,POL_015231,2024-06-10,27908.67,Completed,UPI,0.9365111802817921
PAY_002453,CLM_006900,POL_011256,2026-07-05,227256.3,Completed,UPI,0.8583943217080564
PAY_002454,CLM_004017,POL_019940,2024-12-28,71873.06,Completed,Bank Transfer,0.8370292886054733
PAY_002455,CLM_007843,POL_024184,2026-01-03,207620.57,Completed,Bank Transfer,0.9246772668303872
PAY_002456,CLM_009065,POL_001276,2025-12-03,39547.95,Completed,NEFT,0.8227269559501013
PAY_002457,CLM_001771,POL_023333,2026-05-22,473895.97,Completed,Bank Transfer,0.99936937337236
PAY_002458,CLM_009165,POL_019625,2026-08-18,239701.38,Completed,NEFT,0.9903774047501648
PAY_002459,CLM_007564,POL_021299,2024-09-14,159515.94,Completed,Bank Transfer,0.8750022627107572
PAY_002460,CLM_005755,POL_001162,2024-10-18,295232.91,Completed,UPI,0.9152045305262171
PAY_002461,CLM_005663,POL_021659,2025-06-12,67036.92,Completed,Bank Transfer,0.888393135204434
PAY_002462,CLM_004528,POL_011729,2025-04-22,103754.69,Completed,Cheque,0.8145785141252129
PAY_002463,CLM_001590,POL_013659,2025-10-08,67011.1,Completed,Bank Transfer,0.7758967649306441
PAY_002464,CLM_002955,POL_004238,2024-10-30,148977.28,Completed,Bank Transfer,0.9481412388380711
PAY_002465,CLM_009637,POL_013891,2024-07-27,460374.5,Completed,Bank Transfer,0.8106204271428008
PAY_002466,CLM_005345,POL_020155,2024-11-22,86147.17,Completed,UPI,0.8338540373557586
PAY_002467,CLM_003585,POL_002102,2025-11-14,356664.11,Completed,Bank Transfer,0.8909522352586399
PAY_002468,CLM_008462,POL_008309,2024-12-31,190622.05,Completed,UPI,0.9026186217850357
PAY_002469,CLM_002558,POL_006721,2025-08-23,328836.87,Completed,UPI,0.8158461385478912
PAY_002470,CLM_007256,POL_004106,2026-09-15,31407.31,Completed,Bank Transfer,0.7714041224164284
PAY_002471,CLM_008118,POL_018310,2025-02-24,555597.44,Completed,UPI,0.9771117895077653
PAY_002472,CLM_000766,POL_016510,2026-06-22,130456.81,Completed,Bank Transfer,0.8716254588739868
PAY_002473,CLM_004477,POL_009140,2024-07-25,135403.53,Completed,Bank Transfer,0.9289669594139839
PAY_002474,CLM_000267,POL_015085,2025-03-30,416264.47,Completed,Bank Transfer,0.8727905041178029
PAY_002475,CLM_008543,POL_004154,2025-06-20,694507.46,Completed,UPI,0.8728323012196999
PAY_002476,CLM_001638,POL_018780,2024-12-29,35637.99,Completed,Bank Transfer,0.868176397863542
PAY_002477,CLM_009828,POL_021928,2026-06-09,843806.92,Completed,UPI,0.8655301959293807
PAY_002478,CLM_003775,POL_022030,2024-07-05,83453.75,Completed,Bank Transfer,0.8500570770616218
PAY_002479,CLM_005958,POL_018346,2026-03-28,459638.19,Completed,UPI,0.7643459735110274
PAY_002480,CLM_000429,POL_007391,2024-12-04,129296.41,Completed,Bank Transfer,0.9687214896338303
PAY_002481,CLM_005438,POL_002982,2024-02-03,939546.49,Completed,UPI,0.9008703597500263
PAY_002482,CLM_001873,POL_011774,2024-10-28,28040.68,Completed,Bank Transfer,0.9028843299273138
PAY_002483,CLM_000094,POL_004285,2025-01-15,379630.37,Completed,Bank Transfer,0.7590915384960693
PAY_002484,CLM_005063,POL_012238,2025-08-22,33986.76,Completed,UPI,0.9032500168096528
PAY_002485,CLM_005550,POL_007105,2025-02-05,35207.19,Completed,Bank Transfer,0.9930069358087251
PAY_002486,CLM_008399,POL_001305,2024-08-04,248051.38,Completed,UPI,0.8266991856533412
PAY_002487,CLM_001202,POL_022007,2025-09-05,104358.33,Completed,Bank Transfer,0.9761078898952136
PAY_002488,CLM_008243,POL_003711,2026-09-08,82417.06,Completed,Bank Transfer,0.8708515524470618
PAY_002489,CLM_002099,POL_005610,2026-05-22,73005.7,Completed,Bank Transfer,0.9461547772808909
PAY_002490,CLM_006103,POL_007592,2024-10-10,1299344.72,Completed,UPI,0.8035225443517522
PAY_002491,CLM_000338,POL_003179,2026-06-14,102171.39,Completed,UPI,0.9608168477793226
PAY_002492,CLM_000125,POL_002299,2026-10-08,72319.67,Completed,UPI,0.8106222260133132
PAY_002493,CLM_007372,POL_005165,2026-05-30,473677.32,Completed,UPI,0.8001212958855934
PAY_002494,CLM_006484,POL_017026,2026-07-03,73320.07,Completed,Cheque,0.9801869278321353
PAY_002495,CLM_008757,POL_022699,2026-09-10,255497.35,Completed,Bank Transfer,0.8496130695588261
PAY_002496,CLM_006038,POL_012833,2024-12-09,952226.14,Completed,UPI,0.8484128352980801
PAY_002497,CLM_005511,POL_021039,2025-10-21,267748.47,Completed,Cheque,0.9675495575210685
PAY_002498,CLM_008603,POL_009455,2026-08-31,277522.27,Completed,UPI,0.7748434523025105
PAY_002499,CLM_006287,POL_003206,2024-08-28,448497.41,Completed,Bank Transfer,0.9246606099706862
PAY_002500,CLM_001449,POL_023749,2024-07-29,119707.8,Completed,Bank Transfer,0.8747939398926374
PAY_002501,CLM_008104,POL_000692,2024-10-24,60772.18,Completed,Bank Transfer,0.7603172424681938
PAY_002502,CLM_009787,POL_003726,2024-11-10,238983.64,Completed,Cheque,0.9907186111810788
PAY_002503,CLM_003381,POL_015051,2024-04-27,384786.81,Completed,Bank Transfer,0.9286369897769684
PAY_002504,CLM_009093,POL_017580,2026-09-18,304553.11,Completed,Bank Transfer,0.8532778802233107
PAY_002505,CLM_009760,POL_004123,2025-10-12,143836.24,Completed,Bank Transfer,0.9450918430015808
PAY_002506,CLM_004129,POL_000187,2026-04-23,351595.81,Completed,UPI,0.8937855867730359
PAY_002507,CLM_002198,POL_012396,2024-10-13,199525.1,Completed,Cheque,0.907585528038022
PAY_002508,CLM_003424,POL_024062,2024-03-07,526740.62,Completed,Cheque,0.8578102871907158
PAY_002509,CLM_006050,POL_001781,2024-11-16,65092.23,Completed,Cheque,0.8444848040755991
PAY_002510,CLM_000591,POL_002701,2024-09-21,177048.44,Completed,Bank Transfer,0.9562381491992022
PAY_002511,CLM_003987,POL_014163,2025-02-21,306072.55,Completed,UPI,0.7756697682977357
PAY_002512,CLM_009580,POL_004816,2024-03-24,527668.74,Completed,Bank Transfer,0.9372094458618472
PAY_002513,CLM_009238,POL_017780,2026-04-12,711435.42,Completed,Bank Transfer,0.9311285662631014
PAY_002514,CLM_007363,POL_015500,2026-06-16,70798.07,Completed,UPI,0.849054298022825
PAY_002515,CLM_008051,POL_011895,2025-10-09,620610.56,Completed,Bank Transfer,0.9524776674952437
PAY_002516,CLM_004736,POL_021644,2026-10-08,88311.82,Completed,UPI,0.7887103587660613
PAY_002517,CLM_005779,POL_001328,2026-07-30,1107636.74,Completed,UPI,0.9148228564923128
PAY_002518,CLM_009132,POL_009088,2026-02-28,408536.67,Completed,Bank Transfer,0.7980390863016745
PAY_002519,CLM_007637,POL_010372,2024-12-17,115996.81,Completed,Bank Transfer,0.9669861838049535
PAY_002520,CLM_007930,POL_008636,2024-05-04,48167.11,Completed,NEFT,0.8029796215650223
PAY_002521,CLM_000924,POL_015397,2025-11-23,35574.92,Completed,Bank Transfer,0.7601486753725164
PAY_002522,CLM_000725,POL_006249,2025-02-18,254270.93,Completed,NEFT,0.9363427360551285
PAY_002523,CLM_003498,POL_017264,2025-12-18,174031.48,Completed,Bank Transfer,0.9942086964728315
PAY_002524,CLM_005412,POL_001313,2025-01-03,193641.55,Completed,Bank Transfer,0.8628437433858013
PAY_002525,CLM_000934,POL_006819,2025-07-30,236125.81,Completed,Bank Transfer,0.8764060353241734
PAY_002526,CLM_001042,POL_015166,2026-09-24,47845.18,Completed,UPI,0.9131057521151931
PAY_002527,CLM_000406,POL_011845,2026-09-13,110515.25,Completed,UPI,0.8895096532284463
PAY_002528,CLM_001093,POL_017019,2025-06-20,134633.59,Completed,Bank Transfer,0.7996370221059322
PAY_002529,CLM_003619,POL_001063,2025-12-19,210024.04,Completed,Cheque,0.9315674787275411
PAY_002530,CLM_006096,POL_005573,2026-07-04,159876.58,Completed,Bank Transfer,0.9633428978755146
PAY_002531,CLM_005921,POL_005407,2025-05-21,336261.53,Completed,Bank Transfer,0.8774831530316245
PAY_002532,CLM_009385,POL_007568,2026-04-01,34059.32,Completed,NEFT,0.7583368623642325
PAY_002533,CLM_009968,POL_000586,2026-05-18,91723.15,Completed,Bank Transfer,0.8023391775011247
PAY_002534,CLM_000876,POL_018581,2025-03-29,22277.47,Completed,Bank Transfer,0.9347391538223342
PAY_002535,CLM_009351,POL_017122,2026-08-17,140781.49,Completed,UPI,0.8628496647774435
PAY_002536,CLM_001546,POL_008954,2025-09-21,116410.69,Completed,Bank Transfer,0.9941447348644261
PAY_002537,CLM_002772,POL_002189,2026-08-26,124006.04,Completed,UPI,0.9094965888204845
PAY_002538,CLM_002354,POL_013029,2026-07-26,150664.59,Completed,Bank Transfer,0.939440190266696
PAY_002539,CLM_004376,POL_006475,2025-12-12,123515.5,Completed,Cheque,0.7547598133196862
PAY_002540,CLM_002435,POL_009318,2025-10-27,184080.09,Completed,Bank Transfer,0.9350051842273723
PAY_002541,CLM_008913,POL_015372,2024-11-28,119729.41,Completed,Cheque,0.8642060240357717
PAY_002542,CLM_005918,POL_009976,2026-06-11,508183.27,Completed,Bank Transfer,0.7758127600821576
PAY_002543,CLM_008896,POL_001357,2024-01-20,256026.06,Completed,Bank Transfer,0.7761698986658724
PAY_002544,CLM_008964,POL_006564,2025-11-08,774854.79,Completed,NEFT,0.7576374634894529
PAY_002545,CLM_009129,POL_023425,2026-05-25,469466.35,Completed,Bank Transfer,0.8807651548007401
PAY_002546,CLM_005213,POL_005575,2026-10-08,336942.77,Completed,UPI,0.7967027125927223
PAY_002547,CLM_000118,POL_015958,2025-07-06,65128.46,Completed,UPI,0.8092310433487475
PAY_002548,CLM_003283,POL_012583,2024-08-29,212403.92,Completed,Bank Transfer,0.8425550351036302
PAY_002549,CLM_006733,POL_022958,2024-05-08,77603.05,Completed,Bank Transfer,0.952947371251862
PAY_002550,CLM_004149,POL_023857,2026-09-26,367812.01,Completed,UPI,0.7930219153009962
PAY_002551,CLM_008320,POL_005808,2026-10-08,206451.23,Completed,NEFT,0.9158142997839587
PAY_002552,CLM_001491,POL_003361,2025-09-08,259844.81,Completed,Cheque,0.942008391854606
PAY_002553,CLM_008200,POL_022245,2026-08-28,215717.24,Completed,UPI,0.8921395224477988
PAY_002554,CLM_005402,POL_017898,2025-05-20,146968.14,Completed,Bank Transfer,0.9716464978764593
PAY_002555,CLM_003062,POL_004542,2026-07-21,251387.57,Completed,NEFT,0.7915155725479885
PAY_002556,CLM_006266,POL_002493,2025-08-08,216449.56,Completed,NEFT,0.9296871198105624
PAY_002557,CLM_001742,POL_006027,2024-07-30,47680.38,Completed,Bank Transfer,0.8204263188876016
PAY_002558,CLM_002894,POL_017390,2026-10-08,54986.39,Completed,UPI,0.7911281647024326
PAY_002559,CLM_000911,POL_022208,2026-08-23,91633.87,Completed,Cheque,0.8542207096379116
PAY_002560,CLM_009305,POL_020291,2024-09-15,370266.56,Completed,Bank Transfer,0.9627959268936049
PAY_002561,CLM_000822,POL_008557,2026-05-18,272650.03,Completed,UPI,0.7575061937550324
PAY_002562,CLM_002629,POL_023246,2026-10-08,119535.92,Completed,Bank Transfer,0.9263202334958415
PAY_002563,CLM_001929,POL_003596,2025-11-14,133971.77,Completed,UPI,0.8595058506509465
PAY_002564,CLM_005522,POL_023522,2026-06-03,121412.53,Completed,UPI,0.9229158943238093
PAY_002565,CLM_009498,POL_002543,2024-10-13,453767.05,Completed,Bank Transfer,0.7727384014450883
PAY_002566,CLM_002991,POL_018368,2026-09-19,90626.95,Completed,Bank Transfer,0.7723497659692076
PAY_002567,CLM_009110,POL_000020,2026-01-01,243077.98,Completed,Bank Transfer,0.9662881569327338
PAY_002568,CLM_003778,POL_022924,2024-10-14,107683.64,Completed,Bank Transfer,0.7501648244779535
PAY_002569,CLM_005010,POL_008979,2025-05-03,90094.68,Completed,Bank Transfer,0.9922678933481415
PAY_002570,CLM_002416,POL_011771,2024-03-12,163990.27,Completed,UPI,0.8535535333695733
PAY_002571,CLM_001079,POL_017978,2025-02-26,45034.0,Completed,Bank Transfer,0.792969243168137
PAY_002572,CLM_008794,POL_013813,2026-08-03,73121.5,Completed,UPI,0.9191360399021552
PAY_002573,CLM_007849,POL_016132,2023-11-29,90081.86,Completed,UPI,0.9240764017322792
PAY_002574,CLM_003120,POL_008830,2026-01-22,81163.56,Completed,UPI,0.8299648763144795
PAY_002575,CLM_000272,POL_000011,2026-02-02,70910.41,Completed,Bank Transfer,0.9858348406004229
PAY_002576,CLM_001677,POL_011833,2026-08-08,56445.07,Completed,UPI,0.7788106102448549
PAY_002577,CLM_003785,POL_019232,2026-09-17,181739.39,Completed,UPI,0.9670880330303125
PAY_002578,CLM_008853,POL_020269,2026-09-14,255744.76,Completed,Bank Transfer,0.9948360435763842
PAY_002579,CLM_001156,POL_006662,2025-08-24,360370.63,Completed,NEFT,0.9712323093768237
PAY_002580,CLM_006124,POL_019966,2025-11-16,123751.62,Completed,Bank Transfer,0.8757996476889913
PAY_002581,CLM_003344,POL_015872,2026-09-17,43381.79,Completed,Bank Transfer,0.7741629062068421
PAY_002582,CLM_009067,POL_016886,2026-10-08,842479.8,Completed,UPI,0.9014405375877297
PAY_002583,CLM_006659,POL_001024,2025-04-09,43126.37,Completed,UPI,0.7852886110274508
PAY_002584,CLM_002949,POL_003480,2025-03-01,206166.95,Completed,Cheque,0.899496872896511
PAY_002585,CLM_007734,POL_006499,2026-05-15,96721.65,Completed,NEFT,0.9083163621686303
PAY_002586,CLM_000945,POL_011779,2024-10-16,597327.65,Completed,Cheque,0.8104941309060433
PAY_002587,CLM_008849,POL_009943,2025-11-04,326301.73,Completed,Bank Transfer,0.7805887622320098
PAY_002588,CLM_007504,POL_012205,2026-07-31,62825.23,Completed,Bank Transfer,0.935591482269322
PAY_002589,CLM_007935,POL_012611,2026-10-08,158987.32,Completed,UPI,0.9012622475860543
PAY_002590,CLM_006944,POL_013126,2025-09-09,269543.51,Completed,NEFT,0.9346830011554217
PAY_002591,CLM_000168,POL_001597,2025-07-27,197200.34,Completed,UPI,0.77595089923386
PAY_002592,CLM_002539,POL_023364,2025-02-18,137848.92,Completed,Cheque,0.9714051596710854
PAY_002593,CLM_004906,POL_010016,2026-03-15,178272.83,Completed,Bank Transfer,0.8895321141343345
PAY_002594,CLM_008061,POL_011808,2026-10-05,24888.71,Completed,Bank Transfer,0.9372164246183252
PAY_002595,CLM_003052,POL_007147,2025-04-27,660523.6,Completed,Bank Transfer,0.9157249801126336
PAY_002596,CLM_006078,POL_019450,2025-04-26,343749.73,Completed,Bank Transfer,0.7618893114370348
PAY_002597,CLM_009478,POL_016236,2026-03-11,958741.6,Completed,UPI,0.8259447566262994
PAY_002598,CLM_000184,POL_017489,2025-06-22,23463.37,Completed,Bank Transfer,0.9368264033708129
PAY_002599,CLM_008840,POL_002986,2025-07-04,67234.78,Completed,Cheque,0.8355658036166006
PAY_002600,CLM_005056,POL_020855,2025-02-23,271144.03,Completed,NEFT,0.7869086341377044
PAY_002601,CLM_004414,POL_003362,2026-09-08,70070.65,Completed,Bank Transfer,0.8060299499407935
PAY_002602,CLM_003635,POL_008275,2026-08-07,69714.01,Completed,Bank Transfer,0.7577725919495071
PAY_002603,CLM_000086,POL_015876,2026-06-09,172767.85,Completed,NEFT,0.8969942660081878
PAY_002604,CLM_006516,POL_001114,2025-07-07,46962.81,Completed,UPI,0.7820326102739881
PAY_002605,CLM_008725,POL_001631,2026-10-08,359851.51,Completed,Cheque,0.8499739753398275
PAY_002606,CLM_004977,POL_011732,2026-07-23,77848.69,Completed,Bank Transfer,0.9120033730048785
PAY_002607,CLM_008961,POL_006806,2025-11-15,163688.94,Completed,UPI,0.8241391305293491
PAY_002608,CLM_005378,POL_002809,2025-01-12,587807.45,Completed,Bank Transfer,0.8348917640036617
PAY_002609,CLM_000996,POL_016179,2026-03-06,54894.99,Completed,Bank Transfer,0.7639633303101375
PAY_002610,CLM_005716,POL_024752,2025-07-26,609714.31,Completed,UPI,0.8371734945531176
PAY_002611,CLM_001073,POL_021258,2024-05-31,177482.98,Completed,Cheque,0.9010486216416285
PAY_002612,CLM_001758,POL_002570,2026-01-24,95455.67,Completed,Bank Transfer,0.9682251342197806
PAY_002613,CLM_003096,POL_018612,2026-10-08,120861.67,Completed,UPI,0.7611069160337368
PAY_002614,CLM_006365,POL_010602,2025-03-09,74483.56,Completed,UPI,0.9320407350406665
PAY_002615,CLM_006822,POL_015613,2026-08-11,473998.55,Completed,Bank Transfer,0.9182785572040665
PAY_002616,CLM_000823,POL_018965,2024-08-27,309424.19,Completed,Bank Transfer,0.7824254334029993
PAY_002617,CLM_002676,POL_019397,2024-10-27,325097.52,Completed,UPI,0.7850604678662834
PAY_002618,CLM_004693,POL_009192,2026-04-03,183238.23,Completed,Cheque,0.9954502421367554
PAY_002619,CLM_003687,POL_014446,2026-10-03,74172.52,Completed,Bank Transfer,0.9882137826691018
PAY_002620,CLM_002458,POL_015514,2026-05-08,86192.11,Completed,Bank Transfer,0.7610483296682824
PAY_002621,CLM_002018,POL_006800,2025-08-03,537321.35,Completed,Bank Transfer,0.9394600209554378
PAY_002622,CLM_008448,POL_005702,2024-09-25,120581.79,Completed,Bank Transfer,0.8735101089292517
PAY_002623,CLM_004025,POL_005867,2025-06-22,28287.57,Completed,Bank Transfer,0.8275274666766521
PAY_002624,CLM_005162,POL_002535,2026-10-08,216054.74,Completed,UPI,0.7620301660684952
PAY_002625,CLM_000708,POL_022157,2025-04-11,538787.27,Completed,Cheque,0.9003267454527997
PAY_002626,CLM_005734,POL_014801,2025-01-23,106259.15,Completed,UPI,0.8622680850735785
PAY_002627,CLM_001010,POL_007068,2026-05-13,166346.34,Completed,UPI,0.8638105575810819
PAY_002628,CLM_005102,POL_016618,2024-11-05,24774.5,Completed,Bank Transfer,0.7769196731948051
PAY_002629,CLM_000884,POL_000567,2026-09-07,50415.05,Completed,Bank Transfer,0.8351917982142834
PAY_002630,CLM_002730,POL_002954,2025-06-25,74199.3,Completed,Cheque,0.890737206035942
PAY_002631,CLM_006868,POL_018683,2024-07-28,66811.4,Completed,Cheque,0.7836549954056095
PAY_002632,CLM_005421,POL_013726,2026-03-29,50496.37,Completed,Bank Transfer,0.9743994325307243
PAY_002633,CLM_007077,POL_008791,2026-07-15,155718.88,Completed,Bank Transfer,0.9078044813403796
PAY_002634,CLM_003930,POL_023305,2024-10-09,420186.23,Completed,Bank Transfer,0.9228200045821865
PAY_002635,CLM_009576,POL_007331,2026-04-17,24847.23,Completed,UPI,0.8580718685087051
PAY_002636,CLM_003367,POL_015739,2025-03-21,593443.01,Completed,NEFT,0.9498193993450307
PAY_002637,CLM_001725,POL_000728,2024-09-14,279817.37,Completed,UPI,0.7553693356688039
PAY_002638,CLM_000385,POL_015159,2023-11-28,87660.92,Completed,NEFT,0.9075182741473574
PAY_002639,CLM_008515,POL_005639,2026-10-08,209970.34,Completed,UPI,0.9255169643233777
PAY_002640,CLM_001973,POL_019593,2026-08-30,52188.66,Completed,Bank Transfer,0.9865223485467844
PAY_002641,CLM_004192,POL_024854,2026-02-04,47320.95,Completed,Bank Transfer,0.9420184549893627
PAY_002642,CLM_002190,POL_001026,2025-06-21,756352.6,Completed,UPI,0.9496107519547903
PAY_002643,CLM_004721,POL_002807,2026-02-03,143360.21,Completed,Bank Transfer,0.8769995818108008
PAY_002644,CLM_006515,POL_012021,2026-03-03,383029.34,Completed,Bank Transfer,0.996863244404935
PAY_002645,CLM_009855,POL_011640,2025-02-20,278240.74,Completed,Cheque,0.7727902026549706
PAY_002646,CLM_004578,POL_022783,2025-05-06,166156.25,Completed,Bank Transfer,0.9519641435552618
PAY_002647,CLM_004566,POL_022195,2025-06-13,325626.09,Completed,Bank Transfer,0.8987556929513613
PAY_002648,CLM_009400,POL_017515,2026-10-05,671022.18,Completed,UPI,0.9316829603512721
PAY_002649,CLM_001936,POL_008171,2024-11-13,245069.93,Completed,Bank Transfer,0.9668130582565886
PAY_002650,CLM_001368,POL_016383,2026-04-02,90625.13,Completed,Bank Transfer,0.9056131144382554
PAY_002651,CLM_007884,POL_018945,2026-01-05,378885.71,Completed,Cheque,0.8534824625490318
PAY_002652,CLM_003206,POL_014754,2025-10-12,166393.14,Completed,Bank Transfer,0.8523280733712615
PAY_002653,CLM_005419,POL_000209,2026-09-24,533164.76,Completed,Cheque,0.8136576053575784
PAY_002654,CLM_004958,POL_023516,2026-01-03,203554.45,Completed,Bank Transfer,0.8901781624981541
PAY_002655,CLM_004345,POL_013896,2024-06-17,24056.13,Completed,NEFT,0.916452628234482
PAY_002656,CLM_003335,POL_018680,2026-08-09,460574.72,Completed,Bank Transfer,0.9627837122504207
PAY_002657,CLM_000092,POL_005246,2026-03-09,203646.28,Completed,Bank Transfer,0.889549677397486
PAY_002658,CLM_007333,POL_022685,2025-08-11,48225.21,Completed,UPI,0.987756380294689
PAY_002659,CLM_007095,POL_012344,2024-06-20,67137.67,Completed,NEFT,0.818239874966073
PAY_002660,CLM_002290,POL_011008,2025-12-19,27819.39,Completed,Bank Transfer,0.8186772569296281
PAY_002661,CLM_004718,POL_013974,2024-08-26,124307.59,Completed,Bank Transfer,0.9384858218021631
PAY_002662,CLM_008967,POL_015918,2026-09-29,384056.23,Completed,Bank Transfer,0.7774817998724468
PAY_002663,CLM_006485,POL_000232,2026-01-13,382361.05,Completed,Bank Transfer,0.8159194112149134
PAY_002664,CLM_002161,POL_020039,2025-09-06,164073.25,Completed,Bank Transfer,0.9800490176079787
PAY_002665,CLM_006901,POL_020347,2026-02-18,39588.87,Completed,UPI,0.8211913235414
PAY_002666,CLM_000207,POL_013280,2025-03-29,575432.3,Completed,Bank Transfer,0.9265101190753072
PAY_002667,CLM_004053,POL_018035,2026-02-02,97801.61,Completed,Bank Transfer,0.9994274335657389
PAY_002668,CLM_002974,POL_007520,2025-07-02,26989.51,Completed,Bank Transfer,0.9506267417319684
PAY_002669,CLM_009124,POL_021370,2026-10-08,902304.12,Completed,Bank Transfer,0.946784331950326
PAY_002670,CLM_003216,POL_021687,2026-07-16,247515.48,Completed,UPI,0.7584606277528484
PAY_002671,CLM_005218,POL_021180,2025-12-15,42908.56,Completed,UPI,0.9118490160264277
PAY_002672,CLM_004295,POL_009835,2026-05-29,155920.32,Completed,UPI,0.8440474960877894
PAY_002673,CLM_007721,POL_024779,2025-08-12,410375.19,Completed,Bank Transfer,0.9581396537950893
PAY_002674,CLM_004050,POL_021497,2025-03-19,118005.96,Completed,UPI,0.9469804405451507
PAY_002675,CLM_001244,POL_013193,2026-03-26,43330.83,Completed,UPI,0.9954270502406508
PAY_002676,CLM_003860,POL_016158,2024-03-15,207906.8,Completed,Bank Transfer,0.9575181205183434
PAY_002677,CLM_009812,POL_019977,2025-05-14,179973.71,Completed,Bank Transfer,0.7917460819671042
PAY_002678,CLM_009610,POL_024400,2025-06-25,93264.4,Completed,UPI,0.7910333651733414
PAY_002679,CLM_006261,POL_019226,2026-05-18,627396.21,Completed,Bank Transfer,0.9068423839298695
PAY_002680,CLM_000522,POL_008123,2024-07-30,92249.57,Completed,UPI,0.9643013455228562
PAY_002681,CLM_002071,POL_017605,2026-08-24,124585.59,Completed,Bank Transfer,0.9879756749066706
PAY_002682,CLM_007002,POL_010516,2025-04-14,89226.5,Completed,Cheque,0.8149217542136843
PAY_002683,CLM_002545,POL_018869,2024-11-05,18846.89,Completed,Bank Transfer,0.8325469583167495
PAY_002684,CLM_006093,POL_013450,2026-05-05,40695.33,Completed,Bank Transfer,0.8230420373983063
PAY_002685,CLM_007671,POL_000970,2025-09-02,66489.63,Completed,Bank Transfer,0.8544253607297546
PAY_002686,CLM_002600,POL_000701,2025-01-16,121854.63,Completed,UPI,0.9723764608134409
PAY_002687,CLM_009074,POL_020160,2026-07-30,185312.18,Completed,Bank Transfer,0.8707528274699996
PAY_002688,CLM_001217,POL_002572,2025-12-02,190681.09,Completed,UPI,0.8005098330156445
PAY_002689,CLM_001727,POL_009281,2026-04-17,47214.11,Completed,UPI,0.8006267101498623
PAY_002690,CLM_000242,POL_000007,2026-08-01,373030.46,Completed,NEFT,0.9014994578515629
PAY_002691,CLM_005257,POL_003281,2025-02-20,22688.37,Completed,UPI,0.8772853009935032
PAY_002692,CLM_000903,POL_013494,2024-09-05,409292.04,Completed,Bank Transfer,0.8296986231924512
PAY_002693,CLM_002983,POL_020441,2026-02-06,197393.05,Completed,Bank Transfer,0.7724139509758134
PAY_002694,CLM_006588,POL_024460,2026-08-23,126683.41,Completed,NEFT,0.9496099605316802
PAY_002695,CLM_000112,POL_010071,2024-10-18,153674.83,Completed,Cheque,0.8423128338252378
PAY_002696,CLM_006649,POL_024976,2025-03-17,88257.78,Completed,UPI,0.8216422627066597
PAY_002697,CLM_001492,POL_002292,2025-05-17,215045.27,Completed,Cheque,0.9793042792872384
PAY_002698,CLM_004503,POL_005293,2025-02-19,100683.49,Completed,Bank Transfer,0.8117948542633637
PAY_002699,CLM_000424,POL_006395,2025-01-17,65850.06,Completed,Cheque,0.9520845282573659
PAY_002700,CLM_002121,POL_009800,2025-05-01,45552.49,Completed,Bank Transfer,0.8668339853420772
PAY_002701,CLM_000397,POL_021955,2026-09-13,370560.48,Completed,Bank Transfer,0.9910369786077392
PAY_002702,CLM_002898,POL_000657,2026-04-13,231967.72,Completed,Bank Transfer,0.97042234725121
PAY_002703,CLM_009163,POL_000432,2024-06-28,219628.72,Completed,UPI,0.9451275043087832
PAY_002704,CLM_006118,POL_024101,2025-08-23,125154.64,Completed,UPI,0.8020219817007349
PAY_002705,CLM_007950,POL_017105,2025-06-19,291011.97,Completed,UPI,0.8455941475436587
PAY_002706,CLM_002593,POL_002924,2024-12-27,186299.82,Completed,UPI,0.8400265129397124
PAY_002707,CLM_001838,POL_019361,2025-03-29,259564.58,Completed,Bank Transfer,0.7536727323049367
PAY_002708,CLM_003886,POL_024594,2025-12-22,181522.91,Completed,Bank Transfer,0.8100146315248875
PAY_002709,CLM_009200,POL_018555,2024-05-14,361678.06,Completed,NEFT,0.8226685711943539
PAY_002710,CLM_006825,POL_016197,2026-08-01,46631.07,Completed,Bank Transfer,0.9346252365070711
PAY_002711,CLM_003289,POL_013426,2026-09-02,65558.39,Completed,UPI,0.940979906226954
PAY_002712,CLM_002872,POL_003183,2025-01-10,413416.45,Completed,UPI,0.9523560567872803
PAY_002713,CLM_006017,POL_021665,2025-01-08,33876.41,Completed,UPI,0.9028761571991882
PAY_002714,CLM_003768,POL_012281,2024-09-21,608121.11,Completed,UPI,0.9242535110953155
PAY_002715,CLM_006446,POL_022423,2026-10-08,340282.74,Completed,Cheque,0.9770916241140296
PAY_002716,CLM_009967,POL_009929,2024-09-30,166907.02,Completed,NEFT,0.7905519516196869
PAY_002717,CLM_006856,POL_018578,2026-07-22,29231.15,Completed,UPI,0.9768352451549475
PAY_002718,CLM_006351,POL_024058,2026-08-13,132929.75,Completed,UPI,0.8037896883620552
PAY_002719,CLM_009509,POL_018069,2024-01-30,108566.3,Completed,NEFT,0.8476553609567893
PAY_002720,CLM_000138,POL_018938,2026-02-17,37731.42,Completed,Bank Transfer,0.8806887833461086
PAY_002721,CLM_005856,POL_018203,2025-11-21,50483.37,Completed,UPI,0.9912392707180802
PAY_002722,CLM_001078,POL_021474,2026-07-31,223906.94,Completed,Bank Transfer,0.8538135722483117
PAY_002723,CLM_009252,POL_023526,2026-06-05,60859.28,Completed,Bank Transfer,0.8955184261055391
PAY_002724,CLM_000694,POL_006393,2026-05-03,96780.62,Completed,Bank Transfer,0.9672157148061108
PAY_002725,CLM_008472,POL_017074,2026-10-08,652011.89,Completed,Bank Transfer,0.9699815523881872
PAY_002726,CLM_009697,POL_006151,2026-04-18,161864.36,Completed,Cheque,0.8133144419268631
PAY_002727,CLM_007054,POL_023640,2026-09-22,223038.54,Completed,UPI,0.7900191562480674
PAY_002728,CLM_001685,POL_001594,2025-01-03,303461.07,Completed,UPI,0.7768190745707588
PAY_002729,CLM_002076,POL_013686,2026-05-11,262424.53,Completed,Bank Transfer,0.9145575058444834
PAY_002730,CLM_003432,POL_010822,2026-04-28,109798.3,Completed,Cheque,0.8195348179682731
PAY_002731,CLM_005843,POL_020430,2026-10-08,200173.85,Completed,UPI,0.8517333037187569
PAY_002732,CLM_000581,POL_022090,2025-07-22,267055.81,Completed,NEFT,0.9391503921065397
PAY_002733,CLM_003130,POL_018498,2024-08-18,175098.1,Completed,UPI,0.8694759868088484
PAY_002734,CLM_001372,POL_015507,2026-10-01,379068.07,Completed,NEFT,0.8262782315982027
PAY_002735,CLM_008762,POL_004518,2026-10-08,32304.49,Completed,Cheque,0.981686643593653
PAY_002736,CLM_002948,POL_023468,2024-02-22,161227.63,Completed,Bank Transfer,0.7555896908176015
PAY_002737,CLM_004608,POL_007159,2026-09-23,40694.48,Completed,Cheque,0.9999646156174871
PAY_002738,CLM_006995,POL_009182,2026-06-03,68697.86,Completed,Bank Transfer,0.8617314467642231
PAY_002739,CLM_000982,POL_004520,2025-09-11,717174.75,Completed,Cheque,0.9010321427773638
PAY_002740,CLM_000307,POL_004070,2025-06-22,403631.03,Completed,UPI,0.8507769888671448
PAY_002741,CLM_002798,POL_022172,2024-06-27,591675.68,Completed,UPI,0.9760921983618334
PAY_002742,CLM_004300,POL_001940,2025-05-30,73503.08,Completed,UPI,0.8256387958040435
PAY_002743,CLM_007501,POL_012285,2024-01-25,113588.53,Completed,Bank Transfer,0.9487985460532844
PAY_002744,CLM_003155,POL_000211,2025-03-05,587970.57,Completed,Cheque,0.9383693787085299
PAY_002745,CLM_003754,POL_014803,2025-12-30,174554.87,Completed,Cheque,0.8516715472354454
PAY_002746,CLM_005819,POL_019343,2025-02-06,359192.92,Completed,UPI,0.9016654455536336
PAY_002747,CLM_004139,POL_022127,2026-02-17,324464.82,Completed,UPI,0.9789128068530482
PAY_002748,CLM_006689,POL_001435,2025-09-07,74211.92,Completed,Cheque,0.8297439812414062
PAY_002749,CLM_006615,POL_002446,2025-09-02,182878.16,Completed,Cheque,0.7604182675195679
PAY_002750,CLM_003063,POL_011824,2025-07-14,133672.82,Completed,Bank Transfer,0.8467287359937509
PAY_002751,CLM_001117,POL_019578,2026-06-30,167797.93,Completed,Bank Transfer,0.8519771902887618
PAY_002752,CLM_003458,POL_022336,2024-07-14,114625.4,Completed,Bank Transfer,0.909572574195272
PAY_002753,CLM_005594,POL_018829,2026-08-26,238308.28,Completed,Bank Transfer,0.9578531907662141
PAY_002754,CLM_005844,POL_012646,2026-02-04,86035.93,Completed,Bank Transfer,0.9918704051481937
PAY_002755,CLM_008168,POL_001773,2025-12-13,493895.48,Completed,UPI,0.7640070819572236
PAY_002756,CLM_002144,POL_018396,2024-02-13,393153.86,Completed,Bank Transfer,0.9095481046628695
PAY_002757,CLM_008977,POL_010230,2025-11-15,85979.97,Completed,NEFT,0.9189193897509566
PAY_002758,CLM_008016,POL_019463,2026-09-16,554799.01,Completed,Bank Transfer,0.8608326140578871
PAY_002759,CLM_006614,POL_022709,2025-12-09,70628.52,Completed,Cheque,0.7793316431828735
PAY_002760,CLM_007496,POL_004673,2025-03-04,83802.18,Completed,UPI,0.9845557994819819
PAY_002761,CLM_005722,POL_023786,2025-06-17,81693.72,Completed,UPI,0.9768224190445512
PAY_002762,CLM_000751,POL_021984,2026-02-07,185194.29,Completed,UPI,0.865348265754964
PAY_002763,CLM_009039,POL_013302,2025-01-29,50486.01,Completed,Bank Transfer,0.8168295061682055
PAY_002764,CLM_004619,POL_022750,2025-10-25,95879.64,Completed,NEFT,0.9905328752153238
PAY_002765,CLM_008469,POL_000428,2026-10-08,507592.37,Completed,Bank Transfer,0.9816467018979214
PAY_002766,CLM_007801,POL_009001,2026-10-08,91759.1,Completed,Bank Transfer,0.9100023087468979
PAY_002767,CLM_009856,POL_002032,2025-12-30,147261.5,Completed,UPI,0.8538942451790345
PAY_002768,CLM_004761,POL_013013,2024-10-18,212784.39,Completed,Bank Transfer,0.9029886874546404
PAY_002769,CLM_005303,POL_015424,2026-08-25,751900.89,Completed,Bank Transfer,0.9694465842268868
PAY_002770,CLM_000824,POL_010052,2024-04-25,26824.1,Completed,UPI,0.8330292506336048
PAY_002771,CLM_000514,POL_020002,2026-10-03,24818.99,Completed,Cheque,0.8078517137927252
PAY_002772,CLM_004454,POL_015705,2025-12-12,40938.4,Completed,Bank Transfer,0.925861470422274
PAY_002773,CLM_006501,POL_001249,2024-11-08,471983.77,Completed,Bank Transfer,0.818133289485428
PAY_002774,CLM_004632,POL_005749,2026-02-08,45247.46,Completed,Bank Transfer,0.8878068918480625
PAY_002775,CLM_008704,POL_016793,2025-07-21,249496.3,Completed,Bank Transfer,0.761072495472314
PAY_002776,CLM_001095,POL_012964,2025-02-12,443193.48,Completed,Bank Transfer,0.8645256986580343
PAY_002777,CLM_008162,POL_008660,2026-06-12,333100.57,Completed,UPI,0.8858139858699747
PAY_002778,CLM_009396,POL_022756,2025-11-08,552870.71,Completed,Cheque,0.8843376968249475
PAY_002779,CLM_008143,POL_021767,2024-05-25,312443.68,Completed,Cheque,0.9742040090249066
PAY_002780,CLM_006946,POL_009018,2025-05-15,67557.23,Completed,Cheque,0.9033129384292649
PAY_002781,CLM_000300,POL_020737,2025-06-05,1409943.62,Completed,Cheque,0.8404722252671517
PAY_002782,CLM_004190,POL_021926,2024-04-13,936431.52,Completed,Bank Transfer,0.9413523452495576
PAY_002783,CLM_005475,POL_011537,2026-07-18,730155.07,Completed,Bank Transfer,0.7785313332028592
PAY_002784,CLM_004087,POL_011485,2023-12-22,98273.99,Completed,Cheque,0.9237806182019412
PAY_002785,CLM_006597,POL_017771,2026-03-24,80807.23,Completed,UPI,0.8095048807875297
PAY_002786,CLM_009190,POL_012168,2026-04-23,150653.95,Completed,UPI,0.9277752809210187
PAY_002787,CLM_004486,POL_008417,2026-01-26,152140.54,Completed,UPI,0.9525663225235117
PAY_002788,CLM_002122,POL_018285,2024-04-03,246953.59,Completed,UPI,0.9628718202492802
PAY_002789,CLM_003199,POL_005447,2026-03-11,19379.72,Completed,Cheque,0.9585393587981385
PAY_002790,CLM_001049,POL_001253,2025-07-29,61734.13,Completed,UPI,0.931739164295089
PAY_002791,CLM_005001,POL_019580,2026-06-05,167577.67,Completed,NEFT,0.938345508906091
PAY_002792,CLM_000070,POL_007627,2025-07-06,172477.44,Completed,Bank Transfer,0.848479517681822
PAY_002793,CLM_007846,POL_020896,2026-01-08,437155.47,Completed,UPI,0.8867248754422209
PAY_002794,CLM_001280,POL_012003,2025-07-13,53041.44,Completed,Bank Transfer,0.7944203966392617
PAY_002795,CLM_009929,POL_002464,2025-05-02,309630.99,Completed,Bank Transfer,0.8430380737353598
PAY_002796,CLM_007744,POL_012822,2026-08-17,148042.33,Completed,UPI,0.9568375091980406
PAY_002797,CLM_009042,POL_004260,2024-08-28,43017.59,Completed,Bank Transfer,0.7657400254192936
PAY_002798,CLM_000750,POL_001570,2024-06-17,455506.59,Completed,UPI,0.9803710600199662
PAY_002799,CLM_004289,POL_001464,2024-04-09,317709.39,Completed,Bank Transfer,0.9071707630673915
PAY_002800,CLM_000191,POL_010513,2024-11-11,62732.17,Completed,UPI,0.8453465504504719
PAY_002801,CLM_006406,POL_003278,2026-02-09,872231.33,Completed,Bank Transfer,0.8930883181015127
PAY_002802,CLM_009220,POL_016440,2026-08-11,115155.17,Completed,UPI,0.7617538669758968
PAY_002803,CLM_004830,POL_002497,2026-09-17,557245.62,Completed,Bank Transfer,0.9313698459701896
PAY_002804,CLM_004996,POL_004353,2026-06-20,818948.43,Completed,Cheque,0.7801923961281082
PAY_002805,CLM_000671,POL_016863,2026-07-18,378062.14,Completed,Bank Transfer,0.8837290452435341
PAY_002806,CLM_006161,POL_019252,2025-03-24,140887.1,Completed,Cheque,0.9777244402275301
PAY_002807,CLM_001784,POL_018358,2026-04-19,32606.57,Completed,Bank Transfer,0.9861071585724893
PAY_002808,CLM_000872,POL_009284,2026-10-08,834399.26,Completed,Cheque,0.9551452451650766
PAY_002809,CLM_000654,POL_020530,2026-02-11,291403.61,Completed,Bank Transfer,0.8583604910927645
PAY_002810,CLM_007928,POL_018434,2026-10-08,128837.97,Completed,UPI,0.8166593655932388
PAY_002811,CLM_004659,POL_002632,2025-09-28,221018.09,Completed,Bank Transfer,0.9156491812839889
PAY_002812,CLM_005044,POL_019700,2025-03-11,94229.23,Completed,UPI,0.933674391994452
PAY_002813,CLM_000439,POL_006915,2026-02-01,87338.78,Completed,UPI,0.931623789400162
PAY_002814,CLM_007111,POL_008944,2026-07-08,163626.05,Completed,UPI,0.8268627056916744
PAY_002815,CLM_009236,POL_009035,2026-10-08,591848.55,Completed,Bank Transfer,0.8322651153587526
PAY_002816,CLM_006725,POL_019583,2024-10-28,222215.62,Completed,Bank Transfer,0.8698357961747686
PAY_002817,CLM_000655,POL_023936,2025-05-12,88969.28,Completed,Bank Transfer,0.8362569823370418
PAY_002818,CLM_009303,POL_007411,2026-03-23,120854.5,Completed,Bank Transfer,0.8940650421600517
PAY_002819,CLM_001284,POL_016477,2026-03-22,54764.67,Completed,Cheque,0.8418751677534579
PAY_002820,CLM_003944,POL_004305,2026-07-12,184460.45,Completed,UPI,0.8352391358615067
PAY_002821,CLM_005679,POL_008611,2026-03-06,171443.71,Completed,Bank Transfer,0.7626064991581218
PAY_002822,CLM_002164,POL_019026,2026-04-27,400585.47,Completed,NEFT,0.979832548713215
PAY_002823,CLM_004423,POL_003353,2025-02-01,66993.1,Completed,Bank Transfer,0.765246158782544
PAY_002824,CLM_009353,POL_018121,2024-08-05,477536.57,Completed,Bank Transfer,0.8591421984465056
PAY_002825,CLM_001447,POL_002181,2026-10-08,55094.77,Completed,Cheque,0.9674354206285238
PAY_002826,CLM_000562,POL_000358,2025-08-25,526445.59,Completed,Bank Transfer,0.8972740825344653
PAY_002827,CLM_003314,POL_022940,2024-04-29,63153.1,Completed,UPI,0.975178862804242
PAY_002828,CLM_002127,POL_015244,2026-08-23,331788.66,Completed,UPI,0.8364135267966634
PAY_002829,CLM_003192,POL_022524,2025-06-30,595309.98,Completed,NEFT,0.9980170255530824
PAY_002830,CLM_009000,POL_002727,2026-08-08,750080.25,Completed,NEFT,0.8365026794607847
PAY_002831,CLM_009018,POL_014854,2026-08-16,198589.64,Completed,UPI,0.8612896920321039
PAY_002832,CLM_008378,POL_006337,2026-08-30,279817.51,Completed,UPI,0.8669310362027947
PAY_002833,CLM_008459,POL_024179,2024-12-10,180929.5,Completed,UPI,0.9218274600997602
PAY_002834,CLM_003960,POL_012858,2025-05-21,386774.15,Completed,Cheque,0.8763058123802646
PAY_002835,CLM_002745,POL_021664,2026-01-10,250562.09,Completed,Bank Transfer,0.7670794215088916
PAY_002836,CLM_001094,POL_007850,2026-08-09,225669.96,Completed,Bank Transfer,0.846314736882213
PAY_002837,CLM_005590,POL_012759,2026-08-06,368976.03,Completed,UPI,0.7822773330827623
PAY_002838,CLM_008768,POL_007046,2026-09-27,351926.16,Completed,Bank Transfer,0.8736401185043577
PAY_002839,CLM_001874,POL_017773,2024-09-22,143295.79,Completed,Bank Transfer,0.7912546508973578
PAY_002840,CLM_008829,POL_016720,2026-04-26,71092.39,Completed,Bank Transfer,0.9782950743693932
PAY_002841,CLM_008401,POL_008022,2025-01-09,202375.31,Completed,UPI,0.803816329392008
PAY_002842,CLM_004657,POL_022396,2024-04-08,109260.42,Completed,UPI,0.9309422597339368
PAY_002843,CLM_002726,POL_002074,2025-09-12,163168.95,Completed,UPI,0.7614475464403394
PAY_002844,CLM_006880,POL_017435,2025-09-08,69088.25,Completed,NEFT,0.9964978178611433
PAY_002845,CLM_006939,POL_022058,2025-10-04,219355.15,Completed,UPI,0.8849830277675212
PAY_002846,CLM_000524,POL_020351,2025-10-10,810329.36,Completed,UPI,0.8228892419330098
PAY_002847,CLM_002764,POL_000090,2025-12-13,266768.2,Completed,Cheque,0.8697466890097798
PAY_002848,CLM_001675,POL_017391,2024-04-18,84164.15,Completed,Bank Transfer,0.783037413871062
PAY_002849,CLM_009584,POL_020463,2026-08-10,35006.83,Completed,Bank Transfer,0.8629179621262785
PAY_002850,CLM_008049,POL_004935,2024-06-28,57178.15,Completed,Bank Transfer,0.9188554335553464
PAY_002851,CLM_009834,POL_019791,2024-10-15,135484.17,Completed,UPI,0.8954049454598327
PAY_002852,CLM_000266,POL_006197,2026-10-08,181007.28,Completed,UPI,0.8899946012443689
PAY_002853,CLM_006370,POL_009884,2026-09-19,699319.91,Completed,NEFT,0.9688785345897316
PAY_002854,CLM_009101,POL_017599,2026-06-17,279897.44,Completed,NEFT,0.8215323394217586
PAY_002855,CLM_000241,POL_010985,2024-09-18,106241.37,Completed,UPI,0.7679196036707008
PAY_002856,CLM_002722,POL_011892,2025-11-30,27548.68,Completed,Bank Transfer,0.7667578006384295
PAY_002857,CLM_001598,POL_013413,2025-06-17,120639.55,Completed,Bank Transfer,0.9502060704090832
PAY_002858,CLM_007406,POL_001191,2026-03-07,835240.03,Completed,Cheque,0.7700102587517953
PAY_002859,CLM_008924,POL_017855,2026-10-06,68439.34,Completed,Cheque,0.8579710719050375
PAY_002860,CLM_003263,POL_007239,2025-01-05,130538.79,Completed,Cheque,0.9978203530638199
PAY_002861,CLM_008730,POL_010685,2024-10-01,417042.69,Completed,UPI,0.8825714738291968
PAY_002862,CLM_009721,POL_006844,2026-09-12,73992.91,Completed,UPI,0.9652613506369966
PAY_002863,CLM_005625,POL_002825,2026-04-03,428273.69,Completed,UPI,0.9803381259544749
PAY_002864,CLM_005096,POL_019154,2025-06-29,78407.18,Completed,NEFT,0.8356079183651719
PAY_002865,CLM_001695,POL_024413,2024-12-17,55153.44,Completed,NEFT,0.9778945780147195
PAY_002866,CLM_008862,POL_015660,2026-08-06,124533.61,Completed,UPI,0.85268591701271
PAY_002867,CLM_005745,POL_005372,2023-12-07,772498.2,Completed,Bank Transfer,0.9202090967711531
PAY_002868,CLM_004694,POL_009744,2025-12-13,408523.41,Completed,Bank Transfer,0.9504484580049394
PAY_002869,CLM_007465,POL_020886,2026-04-12,397852.63,Completed,UPI,0.7822444906738237
PAY_002870,CLM_009054,POL_014873,2026-03-31,80353.48,Completed,Cheque,0.9888344687721509
PAY_002871,CLM_002379,POL_021445,2025-01-22,236710.06,Completed,UPI,0.8259143245384348
PAY_002872,CLM_000740,POL_011781,2024-03-15,164218.59,Completed,Bank Transfer,0.7647810149376678
PAY_002873,CLM_000230,POL_001350,2024-05-10,432900.65,Completed,Bank Transfer,0.885315494965264
PAY_002874,CLM_009747,POL_006351,2025-04-02,23373.39,Completed,UPI,0.7621098218023745
PAY_002875,CLM_006869,POL_007340,2026-06-10,275935.2,Completed,UPI,0.9975844832531667
PAY_002876,CLM_004502,POL_023697,2025-09-09,296381.41,Completed,Bank Transfer,0.8415053339566086
PAY_002877,CLM_006735,POL_012946,2026-04-30,131797.64,Completed,Cheque,0.8500528873937093
PAY_002878,CLM_000146,POL_004495,2024-09-25,52123.25,Completed,Cheque,0.88057320186828
PAY_002879,CLM_004803,POL_004987,2024-01-14,40223.49,Completed,Bank Transfer,0.9808124187096048
PAY_002880,CLM_006061,POL_013731,2025-12-24,161823.04,Completed,NEFT,0.7863382443644753
PAY_002881,CLM_008485,POL_005485,2026-07-30,456057.04,Completed,Cheque,0.9120431595239153
PAY_002882,CLM_005415,POL_009509,2025-04-01,241550.91,Completed,Bank Transfer,0.9973173894173029
PAY_002883,CLM_006150,POL_019141,2025-04-09,165493.37,Completed,UPI,0.8671923687367927
PAY_002884,CLM_002502,POL_017617,2025-12-31,899203.42,Completed,UPI,0.9089089956610981
PAY_002885,CLM_008945,POL_016467,2026-02-04,737522.9,Completed,Bank Transfer,0.7867400432498376
PAY_002886,CLM_005411,POL_001057,2024-12-24,238048.41,Completed,Bank Transfer,0.7915844747317266
PAY_002887,CLM_007749,POL_020477,2024-07-31,331263.66,Completed,Cheque,0.9588870502817028
PAY_002888,CLM_002374,POL_024748,2026-03-19,117298.56,Completed,Bank Transfer,0.9111164327108952
PAY_002889,CLM_000210,POL_007538,2025-11-03,336002.71,Completed,Bank Transfer,0.7631737085870591
PAY_002890,CLM_005169,POL_003383,2026-10-08,83479.59,Completed,Bank Transfer,0.794915013759677
PAY_002891,CLM_003526,POL_019971,2026-03-03,36766.71,Completed,NEFT,0.8953003846946186
PAY_002892,CLM_002264,POL_016973,2024-08-13,227218.74,Completed,Bank Transfer,0.8806520349407085
PAY_002893,CLM_008440,POL_019179,2024-07-15,112672.81,Completed,Bank Transfer,0.8047975077970626
PAY_002894,CLM_003623,POL_004720,2026-09-02,38074.79,Completed,Bank Transfer,0.9636108666041381
PAY_002895,CLM_004875,POL_014177,2026-06-16,176832.24,Completed,UPI,0.8894161820995077
PAY_002896,CLM_007129,POL_007778,2026-07-04,86478.31,Completed,UPI,0.8091874702619196
PAY_002897,CLM_005116,POL_004310,2026-10-08,149718.53,Completed,Cheque,0.940592092578491
PAY_002898,CLM_007354,POL_022114,2024-12-08,398485.11,Completed,Bank Transfer,0.8126481366587118
PAY_002899,CLM_006221,POL_018435,2025-01-01,86104.75,Completed,Bank Transfer,0.8435182626324096
PAY_002900,CLM_008751,POL_017334,2025-01-18,566178.81,Completed,Bank Transfer,0.8608660390157814
PAY_002901,CLM_003149,POL_024006,2024-06-26,98823.24,Completed,NEFT,0.8442745546879665
PAY_002902,CLM_005278,POL_022930,2025-01-18,125421.95,Completed,Bank Transfer,0.9875184241523315
PAY_002903,CLM_006020,POL_001892,2025-05-12,59547.75,Completed,Bank Transfer,0.7759796869380288
PAY_002904,CLM_002607,POL_024715,2025-06-01,122063.24,Completed,NEFT,0.7744839992972343
PAY_002905,CLM_007726,POL_007373,2025-10-13,581014.25,Completed,UPI,0.8949655663126956
PAY_002906,CLM_006666,POL_001636,2026-09-07,424056.88,Completed,UPI,0.914686155036281
PAY_002907,CLM_006001,POL_014436,2026-04-07,43239.34,Completed,UPI,0.8020175389296983
PAY_002908,CLM_006338,POL_023692,2024-10-30,140560.69,Completed,Cheque,0.9917444873466061
PAY_002909,CLM_000436,POL_015274,2026-10-08,86735.64,Completed,UPI,0.7574103368043169
PAY_002910,CLM_000297,POL_010864,2026-08-22,794413.75,Completed,Bank Transfer,0.9249409443462631
PAY_002911,CLM_004843,POL_022206,2026-07-18,64080.05,Completed,NEFT,0.9428510303891184
PAY_002912,CLM_005994,POL_023072,2026-10-08,369312.49,Completed,UPI,0.9137293496542852
PAY_002913,CLM_005135,POL_005437,2026-10-08,264373.6,Completed,Bank Transfer,0.9502286041979929
PAY_002914,CLM_000719,POL_001468,2025-11-04,84192.68,Completed,Cheque,0.7940578184712774
PAY_002915,CLM_000284,POL_004992,2025-06-23,372465.04,Completed,UPI,0.9947535113955237
PAY_002916,CLM_002073,POL_000136,2026-01-02,82484.62,Completed,Bank Transfer,0.9129785785250422
PAY_002917,CLM_001652,POL_009624,2024-11-19,46622.12,Completed,NEFT,0.899852444034406
PAY_002918,CLM_003670,POL_012018,2025-03-17,256401.1,Completed,Bank Transfer,0.863235151080822
PAY_002919,CLM_001254,POL_017888,2025-04-25,206223.22,Completed,UPI,0.9657433850748661
PAY_002920,CLM_003927,POL_013359,2024-08-31,1002730.89,Completed,Bank Transfer,0.8976777138529741
PAY_002921,CLM_000431,POL_008885,2026-09-27,147384.62,Completed,Bank Transfer,0.8872086082421973
PAY_002922,CLM_002643,POL_018790,2024-06-06,98906.96,Completed,NEFT,0.9863284944809879
PAY_002923,CLM_004452,POL_003570,2024-08-06,99915.25,Completed,Cheque,0.8554297026298693
PAY_002924,CLM_002839,POL_000642,2024-03-28,433202.4,Completed,NEFT,0.7522543933835599
PAY_002925,CLM_003992,POL_021119,2025-01-17,282992.71,Completed,Bank Transfer,0.8044998513058351
PAY_002926,CLM_008737,POL_015118,2026-09-04,584445.25,Completed,Cheque,0.9713819203089381
PAY_002927,CLM_002200,POL_018318,2025-12-12,246843.33,Completed,Bank Transfer,0.8943453743939229
PAY_002928,CLM_001220,POL_017209,2025-01-10,134389.09,Completed,Cheque,0.9213704194008646
PAY_002929,CLM_002838,POL_020263,2025-01-01,1078386.19,Completed,UPI,0.9100366146747865
PAY_002930,CLM_009914,POL_023038,2025-05-13,365491.67,Completed,Cheque,0.9920080597945603
PAY_002931,CLM_009035,POL_002583,2026-10-08,268864.64,Completed,Bank Transfer,0.8120756090175022
PAY_002932,CLM_005074,POL_008761,2024-06-25,84788.54,Completed,UPI,0.9945006533157239
PAY_002933,CLM_000554,POL_014453,2025-09-27,130424.53,Completed,Cheque,0.9981625477501102
PAY_002934,CLM_002207,POL_012777,2024-07-21,127012.31,Completed,Bank Transfer,0.9823477614889712
PAY_002935,CLM_000296,POL_023430,2024-07-22,32022.19,Completed,Cheque,0.7750901325574894
PAY_002936,CLM_002792,POL_015983,2026-09-07,92161.32,Completed,Cheque,0.9581733584836376
PAY_002937,CLM_006537,POL_017768,2024-06-22,209670.05,Completed,UPI,0.7798877098846679
PAY_002938,CLM_003462,POL_020059,2026-05-04,44630.16,Completed,UPI,0.7934740151970264
PAY_002939,CLM_003896,POL_017367,2024-08-12,66351.38,Completed,UPI,0.7918353980892043
PAY_002940,CLM_004641,POL_003174,2026-08-06,21687.64,Completed,Bank Transfer,0.8366031527439441
PAY_002941,CLM_005403,POL_005859,2026-09-03,548727.99,Completed,UPI,0.876547035787189
PAY_002942,CLM_001955,POL_001915,2026-07-19,204111.44,Completed,Bank Transfer,0.9191651080163368
PAY_002943,CLM_006637,POL_011541,2024-02-09,444197.43,Completed,UPI,0.9044094552829647
PAY_002944,CLM_005811,POL_023600,2026-03-17,244620.6,Completed,UPI,0.851722306619348
PAY_002945,CLM_009997,POL_019600,2025-11-27,699575.67,Completed,Bank Transfer,0.8522461401689587
PAY_002946,CLM_000998,POL_016430,2024-07-19,106157.54,Completed,Bank Transfer,0.8900033937615152
PAY_002947,CLM_000250,POL_004468,2026-08-16,410552.37,Completed,Bank Transfer,0.9891953887063669
PAY_002948,CLM_009505,POL_018061,2025-12-02,889650.26,Completed,Bank Transfer,0.8812807019226129
PAY_002949,CLM_004434,POL_008572,2024-08-25,236965.01,Completed,UPI,0.78846339665352
PAY_002950,CLM_009239,POL_018911,2025-10-19,126409.55,Completed,UPI,0.8423646908998368
PAY_002951,CLM_007258,POL_006244,2025-09-04,202514.48,Completed,Bank Transfer,0.8983326895373062
PAY_002952,CLM_000390,POL_007396,2025-04-03,49604.1,Completed,UPI,0.9495215936096353
PAY_002953,CLM_005973,POL_022706,2025-06-24,38016.53,Completed,Bank Transfer,0.8660448890030963
PAY_002954,CLM_005439,POL_024713,2024-11-02,181944.36,Completed,Bank Transfer,0.8449412918264128
PAY_002955,CLM_003522,POL_003997,2025-04-28,447996.32,Completed,UPI,0.9003137317681706
PAY_002956,CLM_000407,POL_024658,2026-05-24,30064.66,Completed,Bank Transfer,0.8892107481403706
PAY_002957,CLM_006216,POL_009438,2026-01-24,140558.1,Completed,UPI,0.9243632323109564
PAY_002958,CLM_007552,POL_023558,2025-07-11,296353.1,Completed,UPI,0.8813731444739121
PAY_002959,CLM_001439,POL_001321,2025-09-19,63348.9,Completed,Bank Transfer,0.8046599703229645
PAY_002960,CLM_003187,POL_013734,2025-01-26,73804.33,Completed,UPI,0.955418985546964
PAY_002961,CLM_005175,POL_000261,2026-03-27,818048.74,Completed,UPI,0.9866752620501
PAY_002962,CLM_000057,POL_022068,2025-06-21,47350.31,Completed,Bank Transfer,0.7907957323697545
PAY_002963,CLM_009084,POL_005091,2025-03-14,136516.02,Completed,NEFT,0.7549705659629414
PAY_002964,CLM_003935,POL_013383,2025-04-02,205837.26,Completed,Bank Transfer,0.9227061074687204
PAY_002965,CLM_008040,POL_013747,2025-08-23,728267.72,Completed,Bank Transfer,0.8448558895956542
PAY_002966,CLM_009217,POL_012785,2025-10-19,514301.97,Completed,Cheque,0.7821206148244395
PAY_002967,CLM_000378,POL_019788,2026-07-31,23118.77,Completed,Bank Transfer,0.9231087741126085
PAY_002968,CLM_008884,POL_013827,2026-09-01,874941.13,Completed,UPI,0.8103517068572278
PAY_002969,CLM_004114,POL_007428,2026-09-04,439437.92,Completed,Bank Transfer,0.9507933343844382
PAY_002970,CLM_009568,POL_003966,2026-05-05,486619.47,Completed,Bank Transfer,0.7823069850096783
PAY_002971,CLM_005356,POL_021554,2025-05-01,100789.68,Completed,Cheque,0.7559916220350917
PAY_002972,CLM_007783,POL_019599,2025-11-27,195685.25,Completed,Bank Transfer,0.7637081704590868
PAY_002973,CLM_000155,POL_024807,2025-03-23,466391.43,Completed,Bank Transfer,0.90658387340762
PAY_002974,CLM_002016,POL_004258,2026-03-30,116781.3,Completed,Cheque,0.7871958539412708
PAY_002975,CLM_003692,POL_009993,2025-12-14,87519.36,Completed,Bank Transfer,0.9114612824516489
PAY_002976,CLM_000309,POL_004778,2025-08-20,118191.4,Completed,UPI,0.9428087454665907
PAY_002977,CLM_006012,POL_000644,2026-05-05,1002834.01,Completed,Cheque,0.9152948616223876
PAY_002978,CLM_007214,POL_014216,2024-10-17,811083.57,Completed,Bank Transfer,0.8578613511650265
PAY_002979,CLM_007146,POL_008752,2025-06-24,548151.27,Completed,NEFT,0.8861323032635653
PAY_002980,CLM_000113,POL_019290,2026-10-08,428262.24,Completed,UPI,0.9272007864602979
PAY_002981,CLM_001261,POL_013421,2025-07-11,60877.77,Completed,UPI,0.9970237227622237
PAY_002982,CLM_009267,POL_009406,2026-07-06,233868.87,Completed,Bank Transfer,0.9406500334600651
PAY_002983,CLM_006251,POL_015252,2025-10-25,40332.57,Completed,NEFT,0.8479118059728038
PAY_002984,CLM_000668,POL_019438,2025-07-07,530656.56,Completed,UPI,0.8111853006510743
PAY_002985,CLM_008806,POL_008278,2025-03-30,331692.96,Completed,UPI,0.855701316804455
PAY_002986,CLM_000798,POL_006275,2024-10-27,468802.97,Completed,Bank Transfer,0.9891894182132376
PAY_002987,CLM_004401,POL_010550,2025-05-18,292247.25,Completed,Cheque,0.8855156694873547
PAY_002988,CLM_003377,POL_001576,2024-10-31,45589.41,Completed,Cheque,0.8864809420659027
PAY_002989,CLM_008435,POL_019890,2025-07-21,382415.14,Completed,Bank Transfer,0.9318610641388175
PAY_002990,CLM_003201,POL_018853,2026-09-10,90448.03,Completed,Cheque,0.9051993903957304
PAY_002991,CLM_009410,POL_009340,2024-04-20,192948.31,Completed,NEFT,0.7522432796737524
PAY_002992,CLM_005519,POL_023313,2026-10-08,375730.47,Completed,UPI,0.80292372599566
PAY_002993,CLM_003476,POL_008883,2024-08-28,120097.4,Completed,Cheque,0.9921069205457977
PAY_002994,CLM_003312,POL_016186,2026-08-01,154591.45,Completed,UPI,0.8790931555912621
PAY_002995,CLM_008420,POL_000294,2026-02-06,25779.32,Completed,UPI,0.7984209554792696
PAY_002996,CLM_003064,POL_012434,2025-08-13,119212.31,Completed,NEFT,0.9807027177550149
PAY_002997,CLM_005778,POL_020159,2026-09-04,85402.09,Completed,Bank Transfer,0.7952072893583291
PAY_002998,CLM_005201,POL_021896,2026-06-06,120382.92,Completed,Bank Transfer,0.7721147497085719
PAY_002999,CLM_008835,POL_002167,2025-04-10,500628.29,Completed,NEFT,0.9587783464007539
PAY_003000,CLM_000954,POL_006495,2024-06-23,320905.78,Completed,Cheque,0.9294631290008157
PAY_003001,CLM_001028,POL_021207,2026-09-21,449896.04,Completed,UPI,0.9129301675934575
PAY_003002,CLM_008582,POL_009053,2025-04-15,139859.1,Completed,Cheque,0.9109281600930396
PAY_003003,CLM_004897,POL_013883,2026-05-01,235254.48,Completed,NEFT,0.9324401420500419
PAY_003004,CLM_007422,POL_003109,2024-07-04,543315.31,Completed,Bank Transfer,0.90963326890349
PAY_003005,CLM_004673,POL_003138,2026-05-02,212498.71,Completed,Bank Transfer,0.7570188182839572
PAY_003006,CLM_009516,POL_018454,2025-11-19,44652.83,Completed,NEFT,0.7561187977846531
PAY_003007,CLM_002059,POL_003231,2026-07-17,92276.16,Completed,NEFT,0.8608841726743545
PAY_003008,CLM_001764,POL_000128,2025-02-06,60006.64,Completed,Bank Transfer,0.8425301469561
PAY_003009,CLM_007650,POL_020738,2025-03-21,374927.71,Completed,Bank Transfer,0.8973242972506308
PAY_003010,CLM_002748,POL_013438,2025-09-17,38883.14,Completed,Bank Transfer,0.8589335460465408
PAY_003011,CLM_006212,POL_001488,2025-12-20,138785.39,Completed,Cheque,0.9426039131553069
PAY_003012,CLM_007315,POL_000814,2026-10-08,555158.71,Completed,Bank Transfer,0.8266127611135534
PAY_003013,CLM_000441,POL_010760,2024-07-04,33166.71,Completed,Bank Transfer,0.9375242213070615
PAY_003014,CLM_005447,POL_009813,2024-10-05,529648.57,Completed,Bank Transfer,0.987926688162174
PAY_003015,CLM_002065,POL_024683,2024-08-23,764006.79,Completed,Bank Transfer,0.9728249123882817
PAY_003016,CLM_005288,POL_019198,2026-10-08,211401.79,Completed,Bank Transfer,0.764293099945119
PAY_003017,CLM_007891,POL_012380,2025-12-16,80007.02,Completed,Bank Transfer,0.779868942826391
PAY_003018,CLM_005636,POL_014968,2025-07-27,265487.87,Completed,Bank Transfer,0.889834405814333
PAY_003019,CLM_009480,POL_017135,2025-05-24,330470.84,Completed,UPI,0.9050931442196405
PAY_003020,CLM_004291,POL_016908,2024-01-31,154679.88,Completed,Bank Transfer,0.8369825813010868
PAY_003021,CLM_008314,POL_009168,2024-06-07,277144.76,Completed,Cheque,0.9439127765190523
PAY_003022,CLM_001610,POL_021899,2024-05-17,509138.34,Completed,NEFT,0.8067465809062393
PAY_003023,CLM_009670,POL_012728,2025-02-24,264240.91,Completed,NEFT,0.7942418923523401
PAY_003024,CLM_007666,POL_009737,2026-09-10,847692.93,Completed,UPI,0.9264337996819433
PAY_003025,CLM_009998,POL_004791,2024-07-03,98211.2,Completed,UPI,0.9954593176225467
PAY_003026,CLM_005051,POL_006469,2024-11-28,255567.89,Completed,Bank Transfer,0.8532902294173376
PAY_003027,CLM_001002,POL_008811,2026-03-12,72610.34,Completed,UPI,0.8411004150575383
PAY_003028,CLM_007337,POL_019979,2026-09-28,273484.44,Completed,Cheque,0.8705338990544668
PAY_003029,CLM_003947,POL_021335,2025-04-25,194842.66,Completed,UPI,0.8526007578171251
PAY_003030,CLM_005094,POL_009288,2024-11-25,211536.12,Completed,UPI,0.7604453874514072
PAY_003031,CLM_008549,POL_000802,2026-03-09,260934.81,Completed,UPI,0.924981429283189
PAY_003032,CLM_003479,POL_010212,2025-12-04,347121.15,Completed,Bank Transfer,0.9678146918701744
PAY_003033,CLM_005195,POL_010755,2025-12-16,33166.59,Completed,UPI,0.8783227157553981
PAY_003034,CLM_000456,POL_014978,2024-08-16,192841.43,Completed,Cheque,0.8580268811723896
PAY_003035,CLM_009517,POL_009837,2025-06-16,158034.66,Completed,Bank Transfer,0.8471556126920678
PAY_003036,CLM_008397,POL_022313,2026-04-30,285807.48,Completed,Bank Transfer,0.8459344471829876
PAY_003037,CLM_003103,POL_007507,2025-01-22,46913.67,Completed,Bank Transfer,0.947765269170745
PAY_003038,CLM_007375,POL_018860,2026-04-19,59839.38,Completed,NEFT,0.9716664707292185
PAY_003039,CLM_005898,POL_005710,2025-04-05,113610.71,Completed,Cheque,0.8715428574935455
PAY_003040,CLM_008675,POL_002404,2025-12-29,276201.2,Completed,Cheque,0.962933396152669
PAY_003041,CLM_006839,POL_000452,2026-07-19,161718.17,Completed,Bank Transfer,0.8917360519643395
PAY_003042,CLM_003973,POL_005222,2025-04-12,1404008.1,Completed,Cheque,0.9102066306886881
PAY_003043,CLM_006804,POL_015706,2026-04-17,55633.32,Completed,Bank Transfer,0.9229354264120293
PAY_003044,CLM_009659,POL_005763,2026-10-08,128646.77,Completed,Cheque,0.8950361641258551
PAY_003045,CLM_002400,POL_016253,2026-09-07,248682.31,Completed,UPI,0.9666634053546855
PAY_003046,CLM_000493,POL_002691,2026-10-04,320952.02,Completed,Cheque,0.9334944845787508
PAY_003047,CLM_007307,POL_012276,2026-03-20,263036.62,Completed,Cheque,0.7577862355050344
PAY_003048,CLM_005140,POL_018838,2025-12-06,65685.84,Completed,UPI,0.8219148462813036
PAY_003049,CLM_009817,POL_010091,2026-08-14,180749.17,Completed,Cheque,0.84419754789728
PAY_003050,CLM_002327,POL_000774,2025-05-28,146369.79,Completed,UPI,0.8195634677422335
PAY_003051,CLM_008063,POL_016291,2025-08-09,385940.01,Completed,Bank Transfer,0.9578151599943893
PAY_003052,CLM_004505,POL_024797,2026-08-11,130997.98,Completed,UPI,0.8124335507484519
PAY_003053,CLM_004924,POL_011959,2025-04-23,449388.98,Completed,Bank Transfer,0.8415611750856651
PAY_003054,CLM_001258,POL_010430,2026-06-06,229588.04,Completed,UPI,0.9908812595689115
PAY_003055,CLM_005862,POL_019534,2026-05-23,445584.59,Completed,Bank Transfer,0.9241558127491041
PAY_003056,CLM_005242,POL_008669,2025-07-21,202498.2,Completed,Bank Transfer,0.7655876737247294
PAY_003057,CLM_008923,POL_003799,2025-06-20,114100.7,Completed,UPI,0.753871761848284
PAY_003058,CLM_003162,POL_013767,2025-12-02,428392.36,Completed,Cheque,0.9932098383315817
PAY_003059,CLM_008249,POL_010172,2026-01-01,171138.11,Completed,Bank Transfer,0.777903258020642
PAY_003060,CLM_003030,POL_018110,2026-10-08,836391.09,Completed,UPI,0.937649489927369
PAY_003061,CLM_009674,POL_007305,2024-12-02,728325.19,Completed,NEFT,0.8716310852507576
PAY_003062,CLM_004987,POL_003586,2024-06-30,23446.24,Completed,Bank Transfer,0.8460901120410174
PAY_003063,CLM_000117,POL_007872,2024-11-17,165323.52,Completed,UPI,0.8323043192613532
PAY_003064,CLM_005610,POL_001769,2025-04-26,461923.13,Completed,UPI,0.8012696756366389
PAY_003065,CLM_002681,POL_011753,2024-09-01,208685.43,Completed,Cheque,0.8734935265717954
PAY_003066,CLM_003995,POL_011328,2024-10-01,526449.0,Completed,Bank Transfer,0.8070759129579737
PAY_003067,CLM_007911,POL_019131,2026-08-03,204640.03,Completed,UPI,0.9130707187535123
PAY_003068,CLM_003765,POL_021361,2024-10-03,180355.62,Completed,Bank Transfer,0.8534802500839257
PAY_003069,CLM_008591,POL_000078,2026-07-26,79204.64,Completed,UPI,0.8416841325375066
PAY_003070,CLM_004109,POL_006587,2024-05-14,304887.01,Completed,UPI,0.9275000232721465
PAY_003071,CLM_007525,POL_011801,2026-05-27,135530.38,Completed,Bank Transfer,0.8906927306651444
PAY_003072,CLM_000717,POL_013307,2024-08-31,31800.02,Completed,UPI,0.8743097974599392
PAY_003073,CLM_002887,POL_004949,2026-01-09,121251.2,Completed,Bank Transfer,0.9433477988937772
PAY_003074,CLM_003589,POL_012315,2026-09-24,165754.69,Completed,UPI,0.8746585168564749
PAY_003075,CLM_005992,POL_012865,2024-09-28,724621.82,Completed,NEFT,0.9001034615786456
PAY_003076,CLM_004516,POL_010779,2026-04-28,329640.83,Completed,UPI,0.9893601433530137
PAY_003077,CLM_005505,POL_006028,2025-06-02,330761.78,Completed,Cheque,0.9820172692311918
PAY_003078,CLM_001837,POL_021966,2026-09-21,239000.4,Completed,Bank Transfer,0.8436842748104538
PAY_003079,CLM_005622,POL_017080,2026-08-22,216609.35,Completed,UPI,0.9266525424562659
PAY_003080,CLM_005456,POL_011373,2026-10-06,993458.88,Completed,NEFT,0.8624466978717745
PAY_003081,CLM_004132,POL_012900,2025-05-27,194170.34,Completed,Bank Transfer,0.8415773777184836
PAY_003082,CLM_005250,POL_000817,2026-10-08,551749.34,Completed,NEFT,0.9204146102861456
PAY_003083,CLM_008303,POL_017194,2026-05-06,219943.26,Completed,UPI,0.9186175549497984
PAY_003084,CLM_000904,POL_007967,2025-07-05,215169.27,Completed,Bank Transfer,0.9233864317737331
PAY_003085,CLM_008589,POL_019063,2024-06-10,254489.5,Completed,Bank Transfer,0.9014505309408475
PAY_003086,CLM_005244,POL_005726,2025-08-17,349987.73,Completed,UPI,0.775293811766639
PAY_003087,CLM_009249,POL_000847,2026-10-08,87326.02,Completed,Bank Transfer,0.8609371757351154
PAY_003088,CLM_005106,POL_013241,2026-05-13,161680.8,Completed,UPI,0.8140702136113095
PAY_003089,CLM_008507,POL_020813,2026-01-27,166572.75,Completed,NEFT,0.8480353569463778
PAY_003090,CLM_005946,POL_021855,2025-06-16,38306.46,Completed,Bank Transfer,0.7889934409245526
PAY_003091,CLM_002044,POL_004507,2026-02-13,323058.77,Completed,NEFT,0.8836437805174323
PAY_003092,CLM_003141,POL_006871,2025-06-23,400116.04,Completed,UPI,0.9191781649882325
PAY_003093,CLM_002863,POL_022745,2024-10-30,38889.35,Completed,Bank Transfer,0.8922876743162091
PAY_003094,CLM_007481,POL_022216,2024-06-09,256624.75,Completed,UPI,0.9763748074547055
PAY_003095,CLM_001255,POL_007453,2026-07-22,288365.08,Completed,NEFT,0.8469734552398305
PAY_003096,CLM_003353,POL_011671,2025-06-21,303635.76,Completed,Cheque,0.8996126521484032
PAY_003097,CLM_002869,POL_008471,2024-12-26,851154.53,Completed,UPI,0.9424277009887859
PAY_003098,CLM_004399,POL_009177,2026-06-09,74772.56,Completed,Bank Transfer,0.9184360418469206
PAY_003099,CLM_008211,POL_004912,2026-05-13,76147.46,Completed,Bank Transfer,0.9823544422091858
PAY_003100,CLM_006931,POL_020260,2025-04-14,235512.75,Completed,UPI,0.9946138347390977
PAY_003101,CLM_000510,POL_009921,2025-05-01,380421.61,Completed,Cheque,0.8816993553275777
PAY_003102,CLM_001693,POL_001717,2025-04-01,65174.92,Completed,Bank Transfer,0.7855224095024042
PAY_003103,CLM_007616,POL_016103,2025-02-03,957398.51,Completed,UPI,0.9792202471560251
PAY_003104,CLM_004366,POL_003034,2024-08-28,74382.59,Completed,Cheque,0.9871017707893606
PAY_003105,CLM_004456,POL_023165,2025-05-09,78690.41,Completed,Cheque,0.9939735378818914
PAY_003106,CLM_009982,POL_007716,2026-08-25,323636.99,Completed,Cheque,0.8981203623462617
PAY_003107,CLM_006303,POL_001055,2025-04-02,30016.55,Completed,UPI,0.8699629745024019
PAY_003108,CLM_005351,POL_009046,2024-12-22,201234.68,Completed,Bank Transfer,0.7582994515673914
PAY_003109,CLM_009862,POL_008007,2026-06-04,99291.14,Completed,Bank Transfer,0.8336098148054085
PAY_003110,CLM_002701,POL_001654,2026-01-25,39943.32,Completed,Bank Transfer,0.8747202124381708
PAY_003111,CLM_000845,POL_018604,2026-01-23,30384.91,Completed,Bank Transfer,0.891869100173766
PAY_003112,CLM_003298,POL_024030,2025-01-08,23055.84,Completed,Bank Transfer,0.7592089630482372
PAY_003113,CLM_008903,POL_010795,2025-11-10,80753.77,Completed,NEFT,0.790157861767284
PAY_003114,CLM_002423,POL_016899,2026-02-17,78610.87,Completed,Cheque,0.8956221525774173
PAY_003115,CLM_001247,POL_008714,2026-03-19,446524.08,Completed,UPI,0.8210897131980728
PAY_003116,CLM_006771,POL_014685,2025-08-22,151788.53,Completed,Bank Transfer,0.9217845007409752
PAY_003117,CLM_006159,POL_000084,2026-07-27,303406.72,Completed,UPI,0.8576919810798582
PAY_003118,CLM_003384,POL_016334,2026-08-23,172319.77,Completed,Bank Transfer,0.988695169071288
PAY_003119,CLM_003382,POL_010427,2026-07-15,117186.93,Completed,UPI,0.825954744895654
PAY_003120,CLM_007052,POL_013333,2024-06-06,308416.97,Completed,UPI,0.9523823302037272
PAY_003121,CLM_007758,POL_019889,2024-05-23,166202.51,Completed,UPI,0.9029571508752875
PAY_003122,CLM_005148,POL_018769,2024-12-21,101581.54,Completed,Bank Transfer,0.8715912743349862
PAY_003123,CLM_001628,POL_005782,2024-08-02,111769.3,Completed,UPI,0.907753417639521
PAY_003124,CLM_002211,POL_010640,2025-08-03,392568.17,Completed,UPI,0.9917450863964387
PAY_003125,CLM_009179,POL_022549,2024-07-22,250592.06,Completed,Cheque,0.8286873672231129
PAY_003126,CLM_007706,POL_004196,2026-07-15,932542.17,Completed,UPI,0.9171898789305096
PAY_003127,CLM_009201,POL_008605,2026-03-17,280813.69,Completed,Bank Transfer,0.895077745888469
PAY_003128,CLM_005993,POL_001316,2025-01-25,442995.11,Completed,NEFT,0.7868889251568361
PAY_003129,CLM_006749,POL_018689,2026-03-29,111348.81,Completed,UPI,0.7806884841573933
PAY_003130,CLM_008009,POL_004066,2025-08-18,198996.62,Completed,Cheque,0.9904858485290463
PAY_003131,CLM_004703,POL_014524,2026-01-19,192330.78,Completed,UPI,0.9894126638134164
PAY_003132,CLM_006687,POL_000643,2026-08-23,215520.33,Completed,Bank Transfer,0.773832363004378
PAY_003133,CLM_006512,POL_013204,2025-03-28,187248.49,Completed,Bank Transfer,0.873368682234381
PAY_003134,CLM_003552,POL_014452,2024-07-16,65641.22,Completed,NEFT,0.8240163926503222
PAY_003135,CLM_008844,POL_024175,2026-03-25,1238060.05,Completed,NEFT,0.9723456477135611
PAY_003136,CLM_005389,POL_016587,2026-08-20,328397.95,Completed,Cheque,0.9633117327026751
PAY_003137,CLM_008879,POL_019864,2024-03-30,31490.15,Completed,Cheque,0.7745280603366538
PAY_003138,CLM_008890,POL_006473,2025-11-27,180878.89,Completed,Bank Transfer,0.752432253850436
PAY_003139,CLM_009838,POL_019872,2026-05-27,478327.8,Completed,UPI,0.7516280727375924
PAY_003140,CLM_004784,POL_016361,2024-10-26,697965.57,Completed,Bank Transfer,0.9759829647054006
PAY_003141,CLM_009038,POL_017079,2026-09-14,98188.12,Completed,UPI,0.9837324861657152
PAY_003142,CLM_006405,POL_001909,2024-01-22,87501.36,Completed,NEFT,0.9339862382735847
PAY_003143,CLM_009518,POL_009127,2026-08-20,37367.57,Completed,UPI,0.8427123978564802
PAY_003144,CLM_005371,POL_003941,2024-03-16,59617.2,Completed,UPI,0.7563865456340605
PAY_003145,CLM_005897,POL_017469,2025-10-22,203036.56,Completed,Cheque,0.9654010730759276
PAY_003146,CLM_008936,POL_023605,2024-09-19,250394.18,Completed,Bank Transfer,0.78327029643935
PAY_003147,CLM_007500,POL_011509,2025-01-02,70824.85,Completed,UPI,0.8568849658080095
PAY_003148,CLM_009574,POL_009349,2026-01-06,88535.72,Completed,Bank Transfer,0.8859276488130707
PAY_003149,CLM_002931,POL_018812,2024-08-15,72670.52,Completed,Bank Transfer,0.8150873187026937
PAY_003150,CLM_002538,POL_002603,2025-07-24,571902.12,Completed,NEFT,0.9380887042498919
PAY_003151,CLM_006441,POL_005395,2026-10-08,119401.13,Completed,Bank Transfer,0.8997458957771044
PAY_003152,CLM_006126,POL_009386,2026-10-08,217566.49,Completed,Bank Transfer,0.7867552283525455
PAY_003153,CLM_003601,POL_007734,2024-10-09,270142.36,Completed,UPI,0.968380540187728
PAY_003154,CLM_007176,POL_000372,2026-04-21,502858.53,Completed,UPI,0.8596243782979204
PAY_003155,CLM_006388,POL_018736,2025-06-16,721495.61,Completed,Bank Transfer,0.9211382979282982
PAY_003156,CLM_002280,POL_005522,2026-08-10,677289.46,Completed,Cheque,0.8159234449751542
PAY_003157,CLM_002464,POL_020240,2026-08-25,276285.4,Completed,Bank Transfer,0.802969522513921
PAY_003158,CLM_007844,POL_022471,2024-10-23,382795.37,Completed,Cheque,0.7962614407543225
PAY_003159,CLM_003710,POL_009074,2025-10-30,25101.51,Completed,Cheque,0.8294096247361991
PAY_003160,CLM_007205,POL_019862,2026-07-12,119909.2,Completed,UPI,0.9889010762442786
PAY_003161,CLM_000711,POL_019344,2026-08-01,57875.52,Completed,Cheque,0.978454250595309
PAY_003162,CLM_008437,POL_024069,2025-10-18,33717.56,Completed,Cheque,0.9896728442532007
PAY_003163,CLM_004152,POL_024202,2025-10-19,772704.15,Completed,Bank Transfer,0.9639181922645326
PAY_003164,CLM_001456,POL_018561,2026-05-28,375237.12,Completed,UPI,0.8167679631560902
PAY_003165,CLM_008464,POL_000016,2026-09-21,720519.91,Completed,Cheque,0.9557287757804195
PAY_003166,CLM_003556,POL_019591,2025-05-01,70126.87,Completed,Cheque,0.9651061333835381
PAY_003167,CLM_008319,POL_011170,2026-08-24,63328.74,Completed,NEFT,0.8266132200704064
PAY_003168,CLM_003291,POL_011590,2026-02-26,690532.6,Completed,UPI,0.8015519634954369
PAY_003169,CLM_003627,POL_008470,2024-08-19,214591.49,Completed,NEFT,0.7573424188852692
PAY_003170,CLM_002049,POL_004105,2024-12-28,302364.41,Completed,UPI,0.9374067811444101
PAY_003171,CLM_004407,POL_024489,2024-01-23,145962.91,Completed,Bank Transfer,0.7833526707816728
PAY_003172,CLM_000038,POL_007310,2026-10-02,221141.63,Completed,Cheque,0.9923634261711779
PAY_003173,CLM_003423,POL_007901,2025-05-20,423195.29,Completed,Bank Transfer,0.7885925942020394
PAY_003174,CLM_001622,POL_009612,2026-09-24,202139.45,Completed,NEFT,0.9112254636414236
PAY_003175,CLM_005941,POL_016910,2024-07-30,83402.32,Completed,Bank Transfer,0.8687424937632483
PAY_003176,CLM_002224,POL_007810,2026-02-01,32642.96,Completed,UPI,0.760505392016163
PAY_003177,CLM_008580,POL_009770,2026-03-13,41057.18,Completed,UPI,0.863426638604425
PAY_003178,CLM_009454,POL_018961,2025-08-03,92566.04,Completed,NEFT,0.9203666351877272
PAY_003179,CLM_004719,POL_009868,2025-06-17,131776.4,Completed,UPI,0.9459308036087621
PAY_003180,CLM_000626,POL_009472,2025-09-01,349450.43,Completed,NEFT,0.9364637024891306
PAY_003181,CLM_005828,POL_007720,2024-11-15,295652.12,Completed,UPI,0.9820136186857666
PAY_003182,CLM_003783,POL_019733,2025-07-16,104248.51,Completed,UPI,0.9856261041770153
PAY_003183,CLM_005595,POL_019259,2024-10-10,529913.06,Completed,Bank Transfer,0.8901858729152649
PAY_003184,CLM_006780,POL_024214,2025-01-22,491309.96,Completed,Bank Transfer,0.7771975094876128
PAY_003185,CLM_007878,POL_013374,2026-07-23,45121.21,Completed,UPI,0.7721813057728588
PAY_003186,CLM_001639,POL_010758,2025-01-06,77730.32,Completed,Bank Transfer,0.8132514344836231
PAY_003187,CLM_006138,POL_018802,2026-10-08,40163.21,Completed,UPI,0.9090189151807833
PAY_003188,CLM_007441,POL_012041,2024-04-22,136615.2,Completed,UPI,0.9026035298574587
PAY_003189,CLM_005904,POL_018095,2025-12-13,28376.99,Completed,Bank Transfer,0.7579964014056743
PAY_003190,CLM_003580,POL_001169,2025-04-01,158122.16,Completed,Cheque,0.8159705106960239
PAY_003191,CLM_009596,POL_006024,2024-09-01,66847.72,Completed,UPI,0.842834871228469
PAY_003192,CLM_001601,POL_024052,2026-09-25,831929.4,Completed,NEFT,0.8801876507720382
PAY_003193,CLM_004849,POL_005197,2024-08-11,185816.94,Completed,UPI,0.8971980134428376
PAY_003194,CLM_008663,POL_018486,2026-06-21,156446.66,Completed,Bank Transfer,0.7817625616734883
PAY_003195,CLM_006039,POL_014476,2025-03-15,49602.45,Completed,UPI,0.8028728804231708
PAY_003196,CLM_007435,POL_010965,2025-02-06,122134.49,Completed,Bank Transfer,0.7674190590530284
PAY_003197,CLM_006950,POL_006089,2026-07-15,84112.04,Completed,Cheque,0.9156800111825429
PAY_003198,CLM_000271,POL_019779,2025-01-20,81618.68,Completed,Bank Transfer,0.895575443411379
PAY_003199,CLM_000901,POL_013265,2024-03-08,185022.33,Completed,UPI,0.8727448224294199
PAY_003200,CLM_000944,POL_021672,2026-05-09,827209.81,Completed,Bank Transfer,0.8854895345466403
PAY_003201,CLM_007188,POL_005739,2024-10-24,61176.65,Completed,Bank Transfer,0.811356778734551
PAY_003202,CLM_004437,POL_016894,2024-09-02,159466.19,Completed,Bank Transfer,0.8104501935531612
PAY_003203,CLM_006836,POL_007643,2026-01-29,88413.53,Completed,Cheque,0.9826984838860445
PAY_003204,CLM_003961,POL_005336,2023-12-22,268463.43,Completed,NEFT,0.896586126457105
PAY_003205,CLM_008301,POL_009794,2026-07-19,465368.47,Completed,UPI,0.9463443346706893
PAY_003206,CLM_008476,POL_002567,2025-07-22,190162.43,Completed,NEFT,0.9841321585241932
PAY_003207,CLM_009594,POL_007601,2025-12-11,44969.3,Completed,UPI,0.8769383085650145
PAY_003208,CLM_000461,POL_004513,2026-04-16,91595.22,Completed,Bank Transfer,0.9719163072723082
PAY_003209,CLM_003147,POL_007136,2025-04-24,56899.57,Completed,Bank Transfer,0.9141882445107321
PAY_003210,CLM_006551,POL_022845,2026-03-13,301086.83,Completed,Bank Transfer,0.815076212688701
PAY_003211,CLM_007203,POL_008261,2024-06-09,180637.05,Completed,UPI,0.8874123823167029
PAY_003212,CLM_003810,POL_010265,2025-11-19,108276.57,Completed,Bank Transfer,0.8449431771759478
PAY_003213,CLM_001411,POL_015464,2024-04-23,315253.74,Completed,NEFT,0.8139967146681913
PAY_003214,CLM_000699,POL_024678,2024-10-18,1610155.77,Completed,Cheque,0.9685261381569931
PAY_003215,CLM_003438,POL_003600,2026-05-23,63650.68,Completed,NEFT,0.826798533886882
PAY_003216,CLM_003695,POL_020431,2026-03-31,389796.01,Completed,Bank Transfer,0.7768163928829179
PAY_003217,CLM_001041,POL_000382,2024-12-25,411577.29,Completed,Bank Transfer,0.9705599895411439
PAY_003218,CLM_004936,POL_015206,2025-05-05,312985.42,Completed,Bank Transfer,0.9738492493901724
PAY_003219,CLM_002940,POL_020818,2026-10-08,277263.54,Completed,Bank Transfer,0.8308019407664297
PAY_003220,CLM_003999,POL_006479,2025-04-21,199785.88,Completed,Bank Transfer,0.7667213285249319
PAY_003221,CLM_003646,POL_024245,2026-03-28,132106.78,Completed,Bank Transfer,0.7789898641578623
PAY_003222,CLM_006683,POL_023221,2024-05-24,74444.85,Completed,Bank Transfer,0.8319624653362244
PAY_003223,CLM_000048,POL_006714,2025-04-02,176164.3,Completed,Cheque,0.8397384709429743
PAY_003224,CLM_000977,POL_023796,2026-08-29,592161.72,Completed,Cheque,0.7687728032403025
PAY_003225,CLM_007890,POL_021056,2025-10-16,43266.39,Completed,Bank Transfer,0.8416624404956087
PAY_003226,CLM_007511,POL_021440,2025-09-22,76788.05,Completed,Bank Transfer,0.9027118958089545
PAY_003227,CLM_008291,POL_013765,2026-07-10,738686.87,Completed,Bank Transfer,0.7853559733076714
PAY_003228,CLM_002083,POL_010097,2025-02-22,340248.06,Completed,Bank Transfer,0.8144384568614323
PAY_003229,CLM_004828,POL_007821,2024-12-22,283128.27,Completed,Bank Transfer,0.958726265471039
PAY_003230,CLM_003982,POL_024167,2025-07-15,116410.03,Completed,Bank Transfer,0.9484414148353438
PAY_003231,CLM_008262,POL_016729,2026-07-28,109606.0,Completed,UPI,0.9980957993849845
PAY_003232,CLM_009740,POL_015170,2025-01-06,257698.32,Completed,UPI,0.8910603040143307
PAY_003233,CLM_002441,POL_018616,2025-09-08,310894.55,Completed,Bank Transfer,0.9674858678147161
PAY_003234,CLM_007344,POL_000600,2026-03-11,174093.99,Completed,UPI,0.7656296080641479
PAY_003235,CLM_007574,POL_008111,2025-06-17,194547.93,Completed,UPI,0.856074162729219
PAY_003236,CLM_008299,POL_023113,2024-09-25,91554.99,Completed,Bank Transfer,0.7836061412201268
PAY_003237,CLM_005796,POL_008301,2026-01-27,41096.85,Completed,UPI,0.7580654384204467
PAY_003238,CLM_006654,POL_019328,2025-12-13,91707.96,Completed,UPI,0.9031689022506454
PAY_003239,CLM_004591,POL_024475,2026-10-06,486885.67,Completed,Bank Transfer,0.9390122611725883
PAY_003240,CLM_000166,POL_000950,2026-01-23,594811.46,Completed,Bank Transfer,0.9994650410986793
PAY_003241,CLM_003243,POL_010318,2026-02-14,75438.63,Completed,Bank Transfer,0.7920844505034826
PAY_003242,CLM_004147,POL_021639,2026-01-26,113044.68,Completed,UPI,0.8275353475976738
PAY_003243,CLM_002032,POL_016182,2024-05-05,471504.32,Completed,Cheque,0.8713122899884049
PAY_003244,CLM_001069,POL_005355,2026-06-03,164823.94,Completed,Bank Transfer,0.982146654789662
PAY_003245,CLM_003488,POL_003573,2025-05-14,129780.15,Completed,Bank Transfer,0.9239393344611674
PAY_003246,CLM_000235,POL_016373,2025-08-26,193635.55,Completed,UPI,0.8293531547753148
PAY_003247,CLM_000785,POL_013181,2024-12-25,97781.88,Completed,NEFT,0.7618779736180865
PAY_003248,CLM_001276,POL_020874,2025-02-07,196882.79,Completed,Bank Transfer,0.7887099659150567
PAY_003249,CLM_007512,POL_012837,2025-11-06,46185.49,Completed,Cheque,0.8923839121030976
PAY_003250,CLM_006711,POL_008848,2024-10-11,140883.38,Completed,Bank Transfer,0.8119358390128001
PAY_003251,CLM_005465,POL_014694,2026-02-03,117714.55,Completed,Bank Transfer,0.8786054664598181
PAY_003252,CLM_006412,POL_014993,2025-01-01,109810.32,Completed,Cheque,0.8005038180370677
PAY_003253,CLM_000989,POL_016003,2026-06-05,10183.07,Completed,Cheque,0.7673729694861506
PAY_003254,CLM_004568,POL_002850,2024-07-14,291252.69,Completed,Bank Transfer,0.9284640738408547
PAY_003255,CLM_005809,POL_020110,2026-05-20,383751.98,Completed,UPI,0.8428810785167292
PAY_003256,CLM_004158,POL_000759,2024-11-04,285467.52,Completed,Bank Transfer,0.9668981423383842
PAY_003257,CLM_006225,POL_017746,2025-09-20,333003.09,Completed,Bank Transfer,0.9706930094952718
PAY_003258,CLM_002595,POL_018404,2024-07-09,325280.98,Completed,UPI,0.884307709556141
PAY_003259,CLM_005090,POL_013120,2026-03-26,129650.35,Completed,Cheque,0.9782315582911257
PAY_003260,CLM_006223,POL_017642,2024-07-26,155102.0,Completed,UPI,0.9843206282511988
PAY_003261,CLM_002994,POL_010976,2026-07-17,179747.36,Completed,Bank Transfer,0.8435784923418842
PAY_003262,CLM_006585,POL_000835,2024-08-11,377951.41,Completed,Bank Transfer,0.772258340384502
PAY_003263,CLM_009917,POL_002892,2026-06-29,86707.81,Completed,Bank Transfer,0.9272009629189378
PAY_003264,CLM_008451,POL_002532,2026-07-01,93914.34,Completed,UPI,0.8728724774677142
PAY_003265,CLM_002995,POL_016565,2026-06-18,79562.15,Completed,UPI,0.8553267268403647
PAY_003266,CLM_008501,POL_022102,2026-10-08,155224.4,Completed,UPI,0.9137063486840518
PAY_003267,CLM_007570,POL_002198,2025-04-12,298868.21,Completed,Cheque,0.7934857106537173
PAY_003268,CLM_002220,POL_018182,2026-03-19,297475.16,Completed,Bank Transfer,0.8371108287990734
PAY_003269,CLM_005997,POL_016355,2024-09-27,512313.0,Completed,Bank Transfer,0.7950910650265557
PAY_003270,CLM_004749,POL_015810,2024-06-23,65445.93,Completed,Cheque,0.7948578184805917
PAY_003271,CLM_000509,POL_000130,2024-08-26,130837.69,Completed,Cheque,0.7763261785737193
PAY_003272,CLM_009490,POL_023717,2025-09-21,215495.2,Completed,UPI,0.9085050147431937
PAY_003273,CLM_005384,POL_016007,2026-06-09,556963.03,Completed,Bank Transfer,0.992790631655325
PAY_003274,CLM_006933,POL_002777,2026-10-08,81910.81,Completed,Bank Transfer,0.9039645145291738
PAY_003275,CLM_003600,POL_007682,2026-01-12,70134.74,Completed,Bank Transfer,0.9014653058926628
PAY_003276,CLM_008870,POL_015277,2026-08-19,198130.31,Completed,UPI,0.9849715637320049
PAY_003277,CLM_004582,POL_019707,2024-12-21,285665.08,Completed,Cheque,0.891117658973284
PAY_003278,CLM_007126,POL_005030,2024-06-24,591752.41,Completed,Bank Transfer,0.8831442337826315
PAY_003279,CLM_003376,POL_012217,2024-06-14,476886.62,Completed,UPI,0.9624179863269442
PAY_003280,CLM_001521,POL_010391,2026-07-25,187775.34,Completed,UPI,0.9191387918844952
PAY_003281,CLM_004380,POL_002747,2025-11-25,464592.11,Completed,Cheque,0.8285229855724698
PAY_003282,CLM_003302,POL_006256,2024-02-27,272294.01,Completed,UPI,0.9393114850585993
PAY_003283,CLM_006400,POL_007837,2025-10-16,154663.5,Completed,Bank Transfer,0.9795966529537217
PAY_003284,CLM_008781,POL_009491,2024-07-21,121140.87,Completed,UPI,0.8458992649723059
PAY_003285,CLM_002501,POL_017921,2024-11-15,713280.64,Completed,Cheque,0.8383781942879307
PAY_003286,CLM_004931,POL_018771,2026-10-08,428074.66,Completed,Bank Transfer,0.896668759017621
PAY_003287,CLM_002533,POL_015967,2026-05-23,66020.99,Completed,Cheque,0.9261594600467506
PAY_003288,CLM_001736,POL_004624,2026-10-08,989199.18,Completed,UPI,0.7910414592433543
PAY_003289,CLM_002684,POL_019996,2026-02-04,337601.76,Completed,Bank Transfer,0.8805367928789776
PAY_003290,CLM_003805,POL_023650,2025-09-06,686560.07,Completed,Bank Transfer,0.964413339626405
PAY_003291,CLM_009980,POL_003847,2026-01-12,387701.6,Completed,Bank Transfer,0.9517067637866686
PAY_003292,CLM_002882,POL_005691,2025-04-19,111649.69,Completed,NEFT,0.7929715043673569
PAY_003293,CLM_002868,POL_020560,2025-11-14,290242.27,Completed,Bank Transfer,0.7688773828979155
PAY_003294,CLM_008138,POL_022889,2025-05-11,62036.52,Completed,NEFT,0.8049720060602066
PAY_003295,CLM_002135,POL_007143,2026-07-24,459772.26,Completed,NEFT,0.9541704298108132
PAY_003296,CLM_004605,POL_019218,2026-01-24,73842.87,Completed,UPI,0.9485486318449978
PAY_003297,CLM_000459,POL_010918,2024-10-24,692087.22,Completed,UPI,0.9649515754348825
PAY_003298,CLM_000951,POL_012162,2026-09-03,83951.33,Completed,UPI,0.9504564722739427
PAY_003299,CLM_004200,POL_004151,2025-06-18,133953.6,Completed,UPI,0.7717628242706692
PAY_003300,CLM_004873,POL_013619,2024-03-10,295130.23,Completed,Bank Transfer,0.9608371820942776
PAY_003301,CLM_001635,POL_002461,2025-12-15,144890.65,Completed,Cheque,0.8812483490732579
PAY_003302,CLM_005542,POL_017841,2024-08-17,125241.6,Completed,Bank Transfer,0.9831160376879359
PAY_003303,CLM_003975,POL_022648,2026-10-08,259729.78,Completed,Bank Transfer,0.7994385180841838
PAY_003304,CLM_009962,POL_023979,2026-03-11,290920.18,Completed,Bank Transfer,0.8643092891978519
PAY_003305,CLM_009651,POL_016862,2024-10-18,109669.29,Completed,Bank Transfer,0.8077871122834301
PAY_003306,CLM_005656,POL_009900,2026-07-09,109753.28,Completed,Bank Transfer,0.8871694796306316
PAY_003307,CLM_007011,POL_006129,2026-08-29,169693.91,Completed,Bank Transfer,0.8045817477991861
PAY_003308,CLM_008408,POL_023690,2026-10-08,129882.28,Completed,Cheque,0.7843638708100257
PAY_003309,CLM_001821,POL_022156,2026-05-26,66447.71,Completed,Bank Transfer,0.7679901980500584
PAY_003310,CLM_009069,POL_009353,2026-02-12,205547.63,Completed,Cheque,0.9629265941654924
PAY_003311,CLM_008370,POL_013600,2026-07-06,504682.88,Completed,Bank Transfer,0.9942071041669093
PAY_003312,CLM_005379,POL_019742,2024-09-16,82243.49,Completed,UPI,0.8436718067187238
PAY_003313,CLM_002179,POL_024606,2026-08-15,714913.09,Completed,Cheque,0.8743221864615627
PAY_003314,CLM_002000,POL_001946,2026-03-21,287961.64,Completed,Bank Transfer,0.7742271894317677
PAY_003315,CLM_008637,POL_001830,2024-05-28,58964.07,Completed,Bank Transfer,0.9433843657953976
PAY_003316,CLM_001479,POL_007529,2024-06-17,497332.16,Completed,Bank Transfer,0.8844445878212333
PAY_003317,CLM_005654,POL_011306,2026-05-25,49582.3,Completed,Cheque,0.9499265555762682
PAY_003318,CLM_004162,POL_022564,2026-09-21,346173.25,Completed,Cheque,0.8155255121722819
PAY_003319,CLM_005721,POL_022251,2026-07-24,255948.09,Completed,UPI,0.9828034417230841
PAY_003320,CLM_007112,POL_004108,2025-08-08,80126.21,Completed,Bank Transfer,0.908447453018245
PAY_003321,CLM_008107,POL_010232,2025-12-10,107786.49,Completed,Bank Transfer,0.7976186987624854
PAY_003322,CLM_001314,POL_010283,2026-03-13,132173.25,Completed,UPI,0.7737289734501639
PAY_003323,CLM_004074,POL_017929,2024-04-20,124862.49,Completed,Bank Transfer,0.8354958477969171
PAY_003324,CLM_007924,POL_003650,2026-07-23,158406.23,Completed,UPI,0.9633298936997541
PAY_003325,CLM_002399,POL_001165,2025-10-26,332750.7,Completed,UPI,0.8706591518277484
PAY_003326,CLM_002495,POL_004128,2024-11-24,233795.94,Completed,Bank Transfer,0.8538091248435965
PAY_003327,CLM_004312,POL_010244,2025-06-27,266179.8,Completed,UPI,0.7774431156583465
PAY_003328,CLM_000774,POL_011932,2024-07-12,202889.35,Completed,Bank Transfer,0.8481537766374084
PAY_003329,CLM_002478,POL_016879,2025-04-23,39976.3,Completed,Bank Transfer,0.7858160249754583
PAY_003330,CLM_002330,POL_013936,2025-12-31,150255.53,Completed,UPI,0.9972989293684797
PAY_003331,CLM_009681,POL_001150,2025-06-21,148468.21,Completed,Bank Transfer,0.911610870889612
PAY_003332,CLM_000621,POL_023813,2026-01-27,360369.62,Completed,Bank Transfer,0.8985072900166776
PAY_003333,CLM_002588,POL_019797,2026-07-10,46621.06,Completed,Cheque,0.8338678587379118
PAY_003334,CLM_006629,POL_023803,2025-02-25,749115.32,Completed,Bank Transfer,0.9838244755394271
PAY_003335,CLM_008645,POL_010264,2025-03-31,357940.71,Completed,Bank Transfer,0.8392022984634849
PAY_003336,CLM_006254,POL_023408,2024-09-15,162713.15,Completed,UPI,0.8188363951665886
PAY_003337,CLM_006505,POL_021809,2025-12-01,236830.47,Completed,Cheque,0.8363134171448395
PAY_003338,CLM_000333,POL_002405,2026-08-08,172119.53,Completed,UPI,0.9777267756309741
PAY_003339,CLM_008426,POL_006780,2025-10-18,188022.71,Completed,Cheque,0.9889445669897986
PAY_003340,CLM_003168,POL_017256,2025-01-03,80153.09,Completed,Bank Transfer,0.942013793888041
PAY_003341,CLM_006110,POL_008573,2025-04-13,586191.53,Completed,Cheque,0.955343998072987
PAY_003342,CLM_005638,POL_010178,2026-07-21,161039.25,Completed,UPI,0.8073954336822637
PAY_003343,CLM_008008,POL_022438,2025-06-08,183899.08,Completed,Cheque,0.8120147701765926
PAY_003344,CLM_009367,POL_018866,2025-07-02,744310.48,Completed,Bank Transfer,0.9101061678981743
PAY_003345,CLM_009550,POL_002336,2025-10-12,110397.21,Completed,Bank Transfer,0.8173220536090938
PAY_003346,CLM_002782,POL_002470,2024-09-28,43070.33,Completed,Bank Transfer,0.881616783136624
PAY_003347,CLM_007664,POL_018115,2026-09-26,103306.87,Completed,UPI,0.7647524106605762
PAY_003348,CLM_008894,POL_017559,2024-09-23,798151.91,Completed,Bank Transfer,0.999787742119289
PAY_003349,CLM_007814,POL_010203,2024-11-03,154064.39,Completed,Cheque,0.9866780484287188
PAY_003350,CLM_009164,POL_011607,2024-07-14,96115.11,Completed,UPI,0.8068417990834845
PAY_003351,CLM_002854,POL_015474,2026-06-20,100687.3,Completed,NEFT,0.8975352552102833
PAY_003352,CLM_003811,POL_013802,2026-09-22,212626.06,Completed,Bank Transfer,0.920284320017479
PAY_003353,CLM_008361,POL_004195,2024-07-06,406437.49,Completed,Bank Transfer,0.8508571940928742
PAY_003354,CLM_003171,POL_003987,2026-07-28,262984.11,Completed,NEFT,0.8405720978917178
PAY_003355,CLM_001612,POL_006741,2025-03-23,78096.48,Completed,Bank Transfer,0.800547882352905
PAY_003356,CLM_008276,POL_016627,2025-08-06,881818.3,Completed,UPI,0.9260383538265562
PAY_003357,CLM_001179,POL_015939,2025-10-01,212252.27,Completed,Cheque,0.8235881744634831
PAY_003358,CLM_008123,POL_020773,2025-11-11,420003.38,Completed,UPI,0.9497069544490745
PAY_003359,CLM_005848,POL_024247,2026-10-08,585853.61,Completed,UPI,0.9015798086271107
PAY_003360,CLM_007822,POL_004732,2026-06-07,148815.49,Completed,Cheque,0.9910163859623021
PAY_003361,CLM_008610,POL_006140,2026-02-17,134081.42,Completed,Bank Transfer,0.8518441009658368
PAY_003362,CLM_002431,POL_006424,2026-10-08,230630.17,Completed,Cheque,0.8003791412944213
PAY_003363,CLM_006545,POL_002624,2025-08-18,306541.08,Completed,Bank Transfer,0.9447961621944294
PAY_003364,CLM_000188,POL_020633,2025-05-09,88223.07,Completed,Cheque,0.7737365826449434
PAY_003365,CLM_002348,POL_007063,2024-05-13,167425.01,Completed,Cheque,0.8296591546818072
PAY_003366,CLM_009542,POL_006484,2025-04-19,228870.37,Completed,Bank Transfer,0.858123058779516
PAY_003367,CLM_007367,POL_000570,2026-05-31,638834.66,Completed,UPI,0.9634812749851693
PAY_003368,CLM_008882,POL_024005,2026-03-11,124676.47,Completed,UPI,0.8866988280707155
PAY_003369,CLM_001715,POL_007657,2025-11-26,51033.38,Completed,UPI,0.7529658145471976
PAY_003370,CLM_006286,POL_017474,2025-05-04,717591.85,Completed,Bank Transfer,0.8563486713335733
PAY_003371,CLM_001281,POL_005359,2026-01-02,159682.35,Completed,UPI,0.8681830649705957
PAY_003372,CLM_004261,POL_006107,2025-12-07,415497.28,Completed,Cheque,0.8567437006295634
PAY_003373,CLM_005304,POL_008881,2026-08-14,19310.78,Completed,UPI,0.8165238124836416
PAY_003374,CLM_003461,POL_016684,2025-11-03,174815.64,Completed,UPI,0.8921055113307677
PAY_003375,CLM_007764,POL_005133,2026-10-08,85108.61,Completed,Cheque,0.7601040746030533
PAY_003376,CLM_005766,POL_018928,2025-07-09,502945.18,Completed,Cheque,0.8413501525125913
PAY_003377,CLM_001178,POL_015497,2025-11-18,266646.78,Completed,UPI,0.8871551032678977
PAY_003378,CLM_001618,POL_021908,2024-10-14,303573.16,Completed,UPI,0.9634472116908597
PAY_003379,CLM_006263,POL_017564,2025-02-04,289287.73,Completed,Bank Transfer,0.8162602611060121
PAY_003380,CLM_003326,POL_001405,2023-12-15,124947.5,Completed,UPI,0.8216294009672471
PAY_003381,CLM_004508,POL_005819,2025-03-06,211480.98,Completed,UPI,0.8525736878386136
PAY_003382,CLM_007391,POL_000588,2026-08-07,76395.69,Completed,UPI,0.9536845195911459
PAY_003383,CLM_006797,POL_011193,2026-06-05,110028.4,Completed,UPI,0.7783824012133971
PAY_003384,CLM_006567,POL_001966,2026-06-18,429276.87,Completed,NEFT,0.871117784696905
PAY_003385,CLM_004367,POL_011651,2026-07-16,40699.32,Completed,NEFT,0.7841549500656427
PAY_003386,CLM_001828,POL_021593,2024-08-03,47252.37,Completed,UPI,0.9670685172052815
PAY_003387,CLM_001436,POL_021305,2026-04-01,75802.22,Completed,Bank Transfer,0.9720924035255399
PAY_003388,CLM_002110,POL_007957,2026-08-08,337434.35,Completed,Bank Transfer,0.7551064131793338
PAY_003389,CLM_002481,POL_002003,2024-06-10,49299.47,Completed,Bank Transfer,0.813828397237708
PAY_003390,CLM_007588,POL_006413,2026-05-23,253479.79,Completed,Bank Transfer,0.9525270396451191
PAY_003391,CLM_004948,POL_016260,2026-09-02,355035.29,Completed,UPI,0.8986853262108505
PAY_003392,CLM_000503,POL_015273,2026-03-30,515579.23,Completed,NEFT,0.9065064608066269
PAY_003393,CLM_009797,POL_016447,2026-09-08,340167.37,Completed,Bank Transfer,0.8994601875065211
PAY_003394,CLM_005341,POL_021209,2024-06-20,147400.52,Completed,UPI,0.9368240860309089
PAY_003395,CLM_005437,POL_022956,2025-08-10,15156.98,Completed,UPI,0.7670707242468962
PAY_003396,CLM_008819,POL_009677,2025-11-25,386108.22,Completed,UPI,0.9331447555843573
PAY_003397,CLM_002142,POL_001932,2024-09-05,141094.56,Completed,UPI,0.9026120783876207
PAY_003398,CLM_009564,POL_007372,2024-12-11,641399.52,Completed,Cheque,0.8578549816334101
PAY_003399,CLM_006706,POL_015811,2026-09-20,224948.14,Completed,Bank Transfer,0.8536613170621118
PAY_003400,CLM_004455,POL_006317,2025-02-11,336023.14,Completed,Bank Transfer,0.9489650399089983
PAY_003401,CLM_001777,POL_019103,2026-03-20,110258.54,Completed,UPI,0.8474456890875357
PAY_003402,CLM_005963,POL_015871,2026-07-30,105887.2,Completed,Bank Transfer,0.9376862703390273
PAY_003403,CLM_004964,POL_011211,2026-04-08,160619.49,Completed,UPI,0.9456363354409162
PAY_003404,CLM_009991,POL_022886,2026-10-04,391446.12,Completed,Cheque,0.9503625191273126
PAY_003405,CLM_009456,POL_004841,2025-03-19,62012.46,Completed,NEFT,0.9088567589527853
PAY_003406,CLM_009665,POL_023699,2026-05-08,116283.78,Completed,UPI,0.7974064970470586
PAY_003407,CLM_009354,POL_010693,2026-04-03,500656.06,Completed,UPI,0.8417389104951929
PAY_003408,CLM_000073,POL_006737,2025-07-26,45823.5,Completed,Cheque,0.885220819838868
PAY_003409,CLM_005998,POL_014929,2026-02-04,199548.53,Completed,UPI,0.9629939753919566
PAY_003410,CLM_009883,POL_002759,2025-09-11,157644.49,Completed,Bank Transfer,0.9472744192776511
PAY_003411,CLM_007013,POL_009980,2025-01-21,55542.11,Completed,UPI,0.8017647682087083
PAY_003412,CLM_004394,POL_009515,2025-02-23,246268.16,Completed,Bank Transfer,0.8377357907780476
PAY_003413,CLM_000220,POL_007539,2026-08-21,100805.41,Completed,UPI,0.7891743768831916
PAY_003414,CLM_006170,POL_003530,2026-03-08,353086.79,Completed,Bank Transfer,0.9838655067115039
PAY_003415,CLM_002270,POL_022767,2026-04-21,262293.93,Completed,Bank Transfer,0.9532026278038815
PAY_003416,CLM_002276,POL_018556,2025-02-09,23269.69,Completed,Cheque,0.7752126532914329
PAY_003417,CLM_002131,POL_005268,2025-03-14,215560.09,Completed,Cheque,0.9501362481411392
PAY_003418,CLM_006281,POL_006117,2025-11-30,57119.22,Completed,UPI,0.9612808232122869
PAY_003419,CLM_004471,POL_009626,2025-02-27,314154.04,Completed,Bank Transfer,0.7694355097893519
PAY_003420,CLM_002116,POL_013220,2025-05-02,201435.7,Completed,Cheque,0.8178901370307868
PAY_003421,CLM_009757,POL_000338,2026-10-03,236200.4,Completed,Bank Transfer,0.8442217319962247
PAY_003422,CLM_004405,POL_020573,2026-10-08,74275.83,Completed,Bank Transfer,0.875457112569031
PAY_003423,CLM_007675,POL_003366,2025-05-14,418493.27,Completed,Bank Transfer,0.9509666009477962
PAY_003424,CLM_005049,POL_004503,2024-11-01,211594.82,Completed,UPI,0.9564384506167575
PAY_003425,CLM_002963,POL_017396,2025-08-24,441209.97,Completed,UPI,0.9804782785857181
PAY_003426,CLM_009790,POL_005386,2026-06-16,313810.85,Completed,Cheque,0.8130748328409106
PAY_003427,CLM_006295,POL_008799,2026-04-04,107344.27,Completed,NEFT,0.9376965031094576
PAY_003428,CLM_006133,POL_024154,2024-08-19,830014.91,Completed,Bank Transfer,0.8408558798708817
PAY_003429,CLM_009850,POL_015143,2024-10-20,47066.67,Completed,Bank Transfer,0.8177321971257989
PAY_003430,CLM_007490,POL_010997,2026-08-01,275528.19,Completed,Bank Transfer,0.8893453512751617
PAY_003431,CLM_004032,POL_010799,2025-01-09,304682.65,Completed,Bank Transfer,0.7727134450792508
PAY_003432,CLM_000632,POL_013403,2026-07-19,254685.89,Completed,NEFT,0.9380214142964446
PAY_003433,CLM_005741,POL_007280,2026-10-08,34155.94,Completed,UPI,0.8276062762110511
PAY_003434,CLM_009666,POL_011573,2026-02-08,79573.64,Completed,UPI,0.7938662891825725
PAY_003435,CLM_004224,POL_012989,2025-06-03,501858.56,Completed,Cheque,0.970429636688247
PAY_003436,CLM_006663,POL_003184,2024-04-26,188824.27,Completed,Bank Transfer,0.9085542232501379
PAY_003437,CLM_002272,POL_024760,2024-05-14,41774.39,Completed,Cheque,0.776017396418509
PAY_003438,CLM_006520,POL_005005,2026-08-20,46581.71,Completed,Bank Transfer,0.7531031220297534
PAY_003439,CLM_003965,POL_018614,2025-05-09,230713.47,Completed,Bank Transfer,0.897428265457241
PAY_003440,CLM_007378,POL_018515,2024-03-11,72358.5,Completed,Bank Transfer,0.8491334575375182
PAY_003441,CLM_002277,POL_019424,2026-10-06,388852.56,Completed,UPI,0.8053263480439542
PAY_003442,CLM_009872,POL_008338,2026-03-24,423961.06,Completed,UPI,0.9305976429923271
PAY_003443,CLM_001412,POL_013045,2026-04-26,22823.32,Completed,Bank Transfer,0.937121402800526
PAY_003444,CLM_001793,POL_010980,2024-12-30,152119.52,Completed,Bank Transfer,0.8137563995520153
PAY_003445,CLM_004208,POL_019922,2025-01-01,311184.95,Completed,Cheque,0.9813136173940575
PAY_003446,CLM_003327,POL_002788,2024-07-27,85455.75,Completed,Cheque,0.9714682655348298
PAY_003447,CLM_009832,POL_010605,2026-04-21,654627.44,Completed,Bank Transfer,0.8151501394183271
PAY_003448,CLM_008184,POL_001079,2025-07-11,473136.91,Completed,UPI,0.9733701878097888
PAY_003449,CLM_008126,POL_009819,2026-04-05,256367.44,Completed,UPI,0.9646779184573548
PAY_003450,CLM_009756,POL_017410,2024-09-19,51774.78,Completed,UPI,0.7645073923121607
PAY_003451,CLM_003182,POL_020253,2026-06-16,446601.63,Completed,UPI,0.8882592092413626
PAY_003452,CLM_009620,POL_014054,2026-06-09,79858.29,Completed,Bank Transfer,0.9948188832775661
PAY_003453,CLM_002153,POL_002648,2025-04-25,172906.17,Completed,UPI,0.925578490002289
PAY_003454,CLM_000653,POL_022373,2025-07-21,133033.17,Completed,Bank Transfer,0.804640115848964
PAY_003455,CLM_003370,POL_018324,2026-09-20,75307.03,Completed,Bank Transfer,0.8792242020238249
PAY_003456,CLM_005369,POL_021104,2024-10-03,219470.83,Completed,NEFT,0.9223353457765273
PAY_003457,CLM_004880,POL_017056,2026-07-03,65029.3,Completed,Bank Transfer,0.7540704355519686
PAY_003458,CLM_005618,POL_004187,2026-07-28,397766.5,Completed,Bank Transfer,0.870802198748378
PAY_003459,CLM_006215,POL_017803,2024-12-23,393600.6,Completed,Bank Transfer,0.9946886084800157
PAY_003460,CLM_003440,POL_010757,2025-06-19,404935.26,Completed,Cheque,0.8291536489207608
PAY_003461,CLM_008989,POL_006396,2025-11-02,41969.04,Completed,UPI,0.952246156610752
PAY_003462,CLM_005798,POL_004574,2025-11-21,280160.62,Completed,UPI,0.8712016588866834
PAY_003463,CLM_006562,POL_005647,2026-08-07,18565.07,Completed,UPI,0.7521545612036372
PAY_003464,CLM_002223,POL_007309,2026-07-19,75010.37,Completed,Bank Transfer,0.9175350342896599
PAY_003465,CLM_008885,POL_021478,2024-12-02,713093.36,Completed,UPI,0.9224973414080221
PAY_003466,CLM_001667,POL_017672,2026-09-13,116143.16,Completed,NEFT,0.9838230982740025
PAY_003467,CLM_006550,POL_010426,2026-07-20,256739.12,Completed,Cheque,0.8741423423485997
PAY_003468,CLM_002981,POL_008035,2024-05-24,294101.28,Completed,Cheque,0.9850751877722322
PAY_003469,CLM_001901,POL_001934,2024-01-01,149732.0,Completed,NEFT,0.916650616975435
PAY_003470,CLM_002881,POL_020685,2026-09-30,236936.63,Completed,Bank Transfer,0.9186376488217841
PAY_003471,CLM_000257,POL_009275,2025-01-03,63741.1,Completed,NEFT,0.8547867837277904
PAY_003472,CLM_005446,POL_000781,2024-08-25,70141.63,Completed,UPI,0.9320558502951641
PAY_003473,CLM_004876,POL_011830,2026-08-12,144425.23,Completed,UPI,0.7766194809356286
PAY_003474,CLM_005895,POL_013080,2026-03-22,295521.26,Completed,Bank Transfer,0.8165605803744789
PAY_003475,CLM_002004,POL_011587,2025-09-05,591659.72,Completed,Bank Transfer,0.9195913317153206
PAY_003476,CLM_008729,POL_009810,2026-09-30,196987.49,Completed,Cheque,0.833426123103502
PAY_003477,CLM_000594,POL_010717,2024-09-30,371433.4,Completed,UPI,0.7766227221507362
PAY_003478,CLM_006137,POL_001186,2026-02-04,64836.55,Completed,Bank Transfer,0.7932030236785659
PAY_003479,CLM_004927,POL_020409,2024-09-25,198944.24,Completed,UPI,0.8142807073653996
PAY_003480,CLM_001361,POL_019379,2026-07-02,52475.48,Completed,Bank Transfer,0.9476665313428696
PAY_003481,CLM_001155,POL_016708,2026-10-04,266490.24,Completed,UPI,0.8110937090728887
PAY_003482,CLM_004748,POL_021046,2025-04-06,297647.05,Completed,Bank Transfer,0.8669870516319572
PAY_003483,CLM_009369,POL_012025,2025-04-28,22861.09,Completed,Cheque,0.7645317650143401
PAY_003484,CLM_003928,POL_022241,2025-01-10,23527.1,Completed,Cheque,0.9940921759147368
PAY_003485,CLM_008527,POL_020352,2026-05-31,460445.29,Completed,UPI,0.8562927139521628
PAY_003486,CLM_006146,POL_024483,2026-01-15,200669.96,Completed,NEFT,0.8837251026465827
PAY_003487,CLM_000360,POL_012032,2026-06-05,253331.11,Completed,UPI,0.9925007033431021
PAY_003488,CLM_005751,POL_023838,2026-07-22,35274.48,Completed,NEFT,0.8911540634192728
PAY_003489,CLM_009808,POL_020245,2026-10-08,224659.74,Completed,Cheque,0.8930570675495537
PAY_003490,CLM_004553,POL_002304,2024-07-31,138086.28,Completed,Cheque,0.9567558803721533
PAY_003491,CLM_003186,POL_015466,2025-05-16,152441.91,Completed,UPI,0.8699001430603734
PAY_003492,CLM_000948,POL_015113,2025-05-26,154914.53,Completed,Cheque,0.9421442091055019
PAY_003493,CLM_002524,POL_016923,2024-12-27,73194.18,Completed,Cheque,0.9153194643904913
PAY_003494,CLM_006858,POL_015218,2024-11-16,308642.34,Completed,Bank Transfer,0.8521010215748003
PAY_003495,CLM_004985,POL_024847,2026-01-06,88186.9,Completed,Cheque,0.9050141950293588
PAY_003496,CLM_007136,POL_023762,2025-06-18,117887.35,Completed,UPI,0.8502314226316369
PAY_003497,CLM_008471,POL_006973,2026-06-12,363462.58,Completed,Bank Transfer,0.9746639845228341
PAY_003498,CLM_006793,POL_012908,2024-09-02,678009.07,Completed,Cheque,0.9654442507047469
PAY_003499,CLM_000037,POL_015349,2026-10-08,189956.2,Completed,Bank Transfer,0.7889314802458961
PAY_003500,CLM_007922,POL_001591,2026-09-16,59008.79,Completed,Bank Transfer,0.815091674484856
PAY_003501,CLM_001577,POL_018425,2026-08-02,575728.01,Completed,Bank Transfer,0.8407230368692197
PAY_003502,CLM_005650,POL_002943,2026-10-08,390973.79,Completed,Cheque,0.8375195480741457
PAY_003503,CLM_003846,POL_001688,2025-06-19,104653.76,Completed,NEFT,0.9247166329118196
PAY_003504,CLM_008367,POL_021190,2025-09-30,473666.79,Completed,Bank Transfer,0.9692885868365433
PAY_003505,CLM_008661,POL_007211,2025-08-15,76194.12,Completed,Cheque,0.9676997044350991
PAY_003506,CLM_000156,POL_013832,2025-06-30,19441.94,Completed,UPI,0.8524848506107987
PAY_003507,CLM_004048,POL_006661,2026-04-14,53919.99,Completed,NEFT,0.7714850101951363
PAY_003508,CLM_003286,POL_014795,2025-09-15,216123.09,Completed,Bank Transfer,0.8485249865088733
PAY_003509,CLM_004903,POL_000980,2025-01-19,36040.88,Completed,Cheque,0.8472547875544038
PAY_003510,CLM_008752,POL_005140,2026-09-28,605830.28,Completed,UPI,0.9598229603304149
PAY_003511,CLM_009487,POL_020255,2024-07-19,50564.13,Completed,Bank Transfer,0.8136955205665021
PAY_003512,CLM_006696,POL_019456,2026-06-02,168083.8,Completed,Bank Transfer,0.9379798821033711
PAY_003513,CLM_000079,POL_018050,2024-11-21,421140.91,Completed,Bank Transfer,0.8603076746453082
PAY_003514,CLM_001896,POL_021203,2024-02-08,283439.08,Completed,Bank Transfer,0.8559114171084214
PAY_003515,CLM_001015,POL_006234,2025-05-06,109486.88,Completed,Bank Transfer,0.922560745686933
PAY_003516,CLM_007286,POL_024519,2026-06-01,276536.45,Completed,NEFT,0.810191617142602
PAY_003517,CLM_001776,POL_000462,2026-03-16,23447.67,Completed,UPI,0.8654093793124829
PAY_003518,CLM_002860,POL_020652,2026-06-24,367590.06,Completed,UPI,0.9507763611878767
PAY_003519,CLM_000387,POL_012879,2024-09-29,180547.26,Completed,Cheque,0.7539727302863102
PAY_003520,CLM_006290,POL_013725,2026-07-26,65378.59,Completed,NEFT,0.8337754172761022
PAY_003521,CLM_007684,POL_021696,2024-12-11,363843.25,Completed,UPI,0.8504652412836974
PAY_003522,CLM_002620,POL_011513,2026-05-23,157122.66,Completed,Cheque,0.7887490111312027
PAY_003523,CLM_008665,POL_020951,2026-09-08,330929.22,Completed,UPI,0.7509292013439651
PAY_003524,CLM_001000,POL_017373,2025-01-09,70569.68,Completed,UPI,0.8230385597121439
PAY_003525,CLM_007807,POL_006325,2024-07-11,65412.38,Completed,NEFT,0.9603964306442379
PAY_003526,CLM_009415,POL_005838,2025-04-07,195464.2,Completed,UPI,0.9253072144718614
PAY_003527,CLM_008172,POL_019069,2025-05-29,343666.24,Completed,Cheque,0.8530314508370308
PAY_003528,CLM_009225,POL_013663,2026-03-29,270451.42,Completed,Bank Transfer,0.7941882697026298
PAY_003529,CLM_001655,POL_021347,2025-08-29,178333.71,Completed,UPI,0.9649775050690973
PAY_003530,CLM_003950,POL_012403,2026-09-16,423932.5,Completed,UPI,0.8185639468973263
PAY_003531,CLM_006698,POL_016308,2026-05-18,275350.05,Completed,Cheque,0.9507281554319922
PAY_003532,CLM_006305,POL_008770,2026-08-27,137270.57,Completed,UPI,0.9014931546369898
PAY_003533,CLM_001362,POL_000743,2026-01-24,110954.6,Completed,Bank Transfer,0.7786680058686466
PAY_003534,CLM_001499,POL_011342,2025-05-03,462496.67,Completed,Cheque,0.9061459749176204
PAY_003535,CLM_005759,POL_022237,2026-10-08,26761.17,Completed,Bank Transfer,0.9021527335785714
PAY_003536,CLM_008082,POL_012303,2026-09-17,230919.58,Completed,Bank Transfer,0.9798669479821756
PAY_003537,CLM_001952,POL_017720,2026-08-05,598183.82,Completed,Bank Transfer,0.9158264448777751
PAY_003538,CLM_009601,POL_014286,2026-08-27,164249.02,Completed,UPI,0.9241931984376456
PAY_003539,CLM_006626,POL_016455,2024-06-07,318688.29,Completed,UPI,0.9695258050584639
PAY_003540,CLM_003969,POL_010420,2025-03-22,210403.16,Completed,Bank Transfer,0.774245023084961
PAY_003541,CLM_007097,POL_006614,2026-05-19,96912.81,Completed,Bank Transfer,0.8120773712750979
PAY_003542,CLM_003388,POL_008073,2026-06-12,91214.32,Completed,UPI,0.9322220510918521
PAY_003543,CLM_004266,POL_003697,2025-09-18,457213.12,Completed,UPI,0.7717053670922577
PAY_003544,CLM_000162,POL_018446,2026-10-08,63303.59,Completed,Bank Transfer,0.8047344431597956
PAY_003545,CLM_009476,POL_001910,2026-08-29,142290.97,Completed,Bank Transfer,0.8195629948720784
PAY_003546,CLM_004837,POL_010338,2024-11-10,54785.6,Completed,Bank Transfer,0.8294111404357764
PAY_003547,CLM_009953,POL_016968,2026-08-06,257130.75,Completed,Bank Transfer,0.8303736040589466
PAY_003548,CLM_004441,POL_009002,2026-04-01,182827.92,Completed,Bank Transfer,0.9323904436414487
PAY_003549,CLM_006115,POL_007483,2026-03-24,216445.05,Completed,Bank Transfer,0.8376058853636701
PAY_003550,CLM_007405,POL_007318,2026-10-08,212093.87,Completed,UPI,0.9187903206172716
PAY_003551,CLM_007179,POL_012756,2026-10-02,171781.88,Completed,Bank Transfer,0.8800068153932603
PAY_003552,CLM_004016,POL_003959,2025-11-27,55438.93,Completed,UPI,0.835097832906412
PAY_003553,CLM_009016,POL_014159,2024-07-23,1339060.58,Completed,UPI,0.7663828192872374
PAY_003554,CLM_005494,POL_019800,2026-04-21,176237.89,Completed,NEFT,0.8048239323819243
PAY_003555,CLM_008363,POL_016249,2025-06-23,125151.04,Completed,Bank Transfer,0.8496787236308999
PAY_003556,CLM_008917,POL_014660,2026-09-15,359761.33,Completed,Cheque,0.8372837958698668
PAY_003557,CLM_000110,POL_008865,2026-02-28,145084.46,Completed,UPI,0.8821408928076111
PAY_003558,CLM_004305,POL_009171,2024-10-03,242994.17,Completed,Bank Transfer,0.7603265064283394
PAY_003559,CLM_002813,POL_014979,2025-10-27,344589.32,Completed,UPI,0.816281139538205
PAY_003560,CLM_002453,POL_012064,2026-09-03,105479.32,Completed,Bank Transfer,0.9017204694687261
PAY_003561,CLM_005038,POL_009799,2026-01-25,138815.41,Completed,Bank Transfer,0.9951700182537507
PAY_003562,CLM_006428,POL_019552,2024-09-09,914354.51,Completed,Bank Transfer,0.766383177394313
PAY_003563,CLM_008976,POL_019574,2026-09-12,627220.51,Completed,Bank Transfer,0.8657899532502518
PAY_003564,CLM_005571,POL_003778,2025-08-24,107085.31,Completed,Bank Transfer,0.772753477524907
PAY_003565,CLM_006462,POL_020319,2024-06-10,106851.91,Completed,NEFT,0.8022856585949237
PAY_003566,CLM_002780,POL_017705,2026-09-26,388852.96,Completed,UPI,0.9796760525560898
PAY_003567,CLM_006168,POL_020248,2026-07-14,189992.3,Completed,UPI,0.8253120968159863
PAY_003568,CLM_009848,POL_016119,2025-07-20,82793.14,Completed,Bank Transfer,0.9281760882477116
PAY_003569,CLM_007024,POL_004442,2026-10-08,68427.31,Completed,NEFT,0.9055836062675254
PAY_003570,CLM_004969,POL_004538,2025-09-22,317360.14,Completed,Bank Transfer,0.9599979357754526
PAY_003571,CLM_002304,POL_007287,2024-06-03,87378.86,Completed,UPI,0.9861638437010362
PAY_003572,CLM_009727,POL_016104,2025-07-20,305655.17,Completed,Cheque,0.9694549313211553
PAY_003573,CLM_001812,POL_013706,2025-12-26,375408.08,Completed,Cheque,0.9953092619672891
PAY_003574,CLM_005747,POL_011303,2026-01-14,404245.71,Completed,Bank Transfer,0.7806493124632193
PAY_003575,CLM_004374,POL_011552,2026-10-08,192202.32,Completed,Bank Transfer,0.7798919501555241
PAY_003576,CLM_006102,POL_020386,2026-10-08,219876.86,Completed,Bank Transfer,0.936871760629511
PAY_003577,CLM_009762,POL_011438,2025-05-25,206487.47,Completed,UPI,0.761107845131657
PAY_003578,CLM_007017,POL_006976,2026-10-08,240295.13,Completed,Bank Transfer,0.8425405633824942
PAY_003579,CLM_008615,POL_024440,2025-06-01,309111.68,Completed,Bank Transfer,0.9288778131598772
PAY_003580,CLM_007778,POL_009859,2025-05-07,141532.82,Completed,Bank Transfer,0.9149718292814114
PAY_003581,CLM_004800,POL_022105,2024-06-01,309746.94,Completed,Cheque,0.8102251820474299
PAY_003582,CLM_000978,POL_009032,2026-09-19,417915.71,Completed,UPI,0.8678138129045064
PAY_003583,CLM_003128,POL_011255,2024-05-29,145487.86,Completed,Bank Transfer,0.8122254881435889
PAY_003584,CLM_006543,POL_024634,2025-08-08,327980.25,Completed,Bank Transfer,0.9723036270858243
PAY_003585,CLM_008790,POL_000632,2024-09-21,174511.54,Completed,UPI,0.9210230860677422
PAY_003586,CLM_001471,POL_000938,2024-11-07,359370.69,Completed,Bank Transfer,0.8426944334226832
PAY_003587,CLM_000804,POL_020251,2025-09-11,22353.86,Completed,Cheque,0.8218330882352941
PAY_003588,CLM_006591,POL_020787,2026-07-23,182718.63,Completed,Bank Transfer,0.9069960237218567
PAY_003589,CLM_006249,POL_016553,2026-01-01,110772.7,Completed,UPI,0.8495231796378314
PAY_003590,CLM_001754,POL_015248,2025-08-07,145888.41,Completed,UPI,0.8555368451053277
PAY_003591,CLM_005702,POL_016316,2025-09-19,201386.83,Completed,NEFT,0.7938375180320119
PAY_003592,CLM_006035,POL_011407,2024-08-03,142816.04,Completed,Bank Transfer,0.9928272119224879
PAY_003593,CLM_005990,POL_007158,2025-11-12,30594.17,Completed,Bank Transfer,0.8901800252091158
PAY_003594,CLM_002168,POL_015371,2025-09-15,50933.6,Completed,UPI,0.9980137149096002
PAY_003595,CLM_006197,POL_014158,2025-01-22,133183.22,Completed,Cheque,0.8546753358264078
PAY_003596,CLM_006508,POL_012841,2024-08-03,34325.37,Completed,UPI,0.7567051176743688
PAY_003597,CLM_004571,POL_011171,2026-02-26,275313.14,Completed,Cheque,0.7568818943962348
PAY_003598,CLM_006812,POL_002397,2026-06-17,96242.07,Completed,UPI,0.8306256589453974
PAY_003599,CLM_006814,POL_024282,2024-11-22,133663.57,Completed,Bank Transfer,0.9211684591963457
PAY_003600,CLM_000374,POL_005599,2026-10-08,69430.02,Completed,UPI,0.864274466503928
PAY_003601,CLM_009321,POL_015761,2025-06-03,467175.04,Completed,Cheque,0.9276577344657081
PAY_003602,CLM_001659,POL_020703,2025-05-03,55839.44,Completed,Cheque,0.795414242758474
PAY_003603,CLM_004501,POL_005483,2025-09-06,368563.97,Completed,NEFT,0.8868115488491568
PAY_003604,CLM_003011,POL_021985,2026-10-08,302921.33,Completed,Bank Transfer,0.778343546670782
PAY_003605,CLM_007088,POL_005742,2024-01-18,675909.72,Completed,Bank Transfer,0.982421535277343
PAY_003606,CLM_002728,POL_016353,2024-03-30,125825.14,Completed,UPI,0.8050255547744344
PAY_003607,CLM_008219,POL_018231,2025-04-06,25872.06,Completed,UPI,0.7533599303248507
PAY_003608,CLM_008565,POL_007828,2025-05-22,204429.36,Completed,Bank Transfer,0.9788373111561802
PAY_003609,CLM_000965,POL_008400,2026-02-22,239767.88,Completed,Bank Transfer,0.7601350063954369
PAY_003610,CLM_006727,POL_014474,2024-12-02,238391.4,Completed,UPI,0.7834626367189979
PAY_003611,CLM_008614,POL_019436,2024-11-15,511592.21,Completed,Bank Transfer,0.8707355519522849
PAY_003612,CLM_006418,POL_018408,2026-07-15,280561.84,Completed,Cheque,0.7888491383434542
PAY_003613,CLM_001446,POL_013097,2026-04-06,149000.81,Completed,Bank Transfer,0.7731854616392865
PAY_003614,CLM_008065,POL_004706,2025-07-21,95321.69,Completed,Cheque,0.9534630841683324
PAY_003615,CLM_004038,POL_019051,2026-06-01,402319.5,Completed,Bank Transfer,0.903071965892605
PAY_003616,CLM_004005,POL_015539,2026-10-08,164514.15,Completed,UPI,0.9181598177277449
PAY_003617,CLM_002552,POL_003907,2024-05-23,1024269.44,Completed,UPI,0.9698443913379696
PAY_003618,CLM_001792,POL_009754,2024-11-18,410110.97,Completed,NEFT,0.9869120576347
PAY_003619,CLM_008861,POL_019130,2026-05-30,53050.36,Completed,Bank Transfer,0.9426059065186486
PAY_003620,CLM_007652,POL_013986,2026-08-03,132187.0,Completed,Cheque,0.9779278762747788
PAY_003621,CLM_006232,POL_012760,2025-02-21,71074.1,Completed,Bank Transfer,0.9786886218829423
PAY_003622,CLM_006650,POL_008762,2026-08-28,28416.12,Completed,Bank Transfer,0.8842179157301815
PAY_003623,CLM_008140,POL_000899,2024-11-19,178459.5,Completed,UPI,0.8057869627133072
PAY_003624,CLM_009870,POL_021088,2025-04-26,604360.71,Completed,UPI,0.9571843741054024
PAY_003625,CLM_003117,POL_019133,2026-10-08,53495.31,Completed,Bank Transfer,0.8542716368449158
PAY_003626,CLM_004155,POL_022496,2025-10-20,81701.73,Completed,Bank Transfer,0.9645606436659044
PAY_003627,CLM_001651,POL_011886,2025-01-23,193598.68,Completed,Bank Transfer,0.8340773948965919
PAY_003628,CLM_001310,POL_022472,2025-02-14,67430.79,Completed,Bank Transfer,0.8726953857694207
PAY_003629,CLM_009431,POL_022174,2026-10-08,59122.8,Completed,Bank Transfer,0.8781177682547242
PAY_003630,CLM_001889,POL_010170,2026-09-27,125011.97,Completed,Cheque,0.8644011659862637
PAY_003631,CLM_009326,POL_015101,2026-08-24,142616.18,Completed,UPI,0.9338094566487218
PAY_003632,CLM_002328,POL_020725,2025-07-08,246224.55,Completed,UPI,0.8023004567834192
PAY_003633,CLM_008767,POL_005831,2026-07-18,197249.9,Completed,UPI,0.7637455292308116
PAY_003634,CLM_002184,POL_022185,2025-11-12,376416.05,Completed,UPI,0.9040612619974551
PAY_003635,CLM_001211,POL_005050,2026-06-10,117772.84,Completed,UPI,0.9541937289829456
PAY_003636,CLM_000512,POL_005554,2025-09-08,120741.29,Completed,Cheque,0.9837917277965207
PAY_003637,CLM_000190,POL_022851,2026-06-22,219751.12,Completed,Cheque,0.8795334666081568
PAY_003638,CLM_000422,POL_024568,2025-06-04,766904.64,Completed,Bank Transfer,0.8842057232310557
PAY_003639,CLM_002229,POL_004029,2026-02-17,119178.54,Completed,UPI,0.9655883995747404
PAY_003640,CLM_001453,POL_009069,2025-07-11,305582.7,Completed,NEFT,0.8232838167615634
PAY_003641,CLM_000551,POL_006343,2025-12-27,34912.39,Completed,UPI,0.9383033218662653
PAY_003642,CLM_006899,POL_020509,2026-10-05,180515.53,Completed,UPI,0.9756222961913901
PAY_003643,CLM_006607,POL_023892,2025-12-11,35651.02,Completed,Cheque,0.9809251964820873
PAY_003644,CLM_006908,POL_012668,2024-09-14,204028.42,Completed,UPI,0.9245915290844815
PAY_003645,CLM_001098,POL_004028,2026-09-15,105232.43,Completed,Bank Transfer,0.8141690302142345
PAY_003646,CLM_006416,POL_017832,2024-10-17,74117.79,Completed,Cheque,0.918445733319372
PAY_003647,CLM_007981,POL_004572,2024-10-24,76217.37,Completed,Bank Transfer,0.8393267094493586
PAY_003648,CLM_007267,POL_008197,2024-07-14,39203.3,Completed,UPI,0.96190088985518
PAY_003649,CLM_007759,POL_021791,2025-07-04,150309.44,Completed,Bank Transfer,0.9901099954318153
PAY_003650,CLM_005999,POL_001194,2024-04-25,755449.47,Completed,Bank Transfer,0.8756126989557281
PAY_003651,CLM_006840,POL_020080,2026-08-04,237581.72,Completed,Bank Transfer,0.9914291118920098
PAY_003652,CLM_008110,POL_000770,2026-02-03,209656.12,Completed,Cheque,0.8630726704911903
PAY_003653,CLM_007729,POL_008274,2024-09-23,151659.88,Completed,Bank Transfer,0.8099924282792155
PAY_003654,CLM_002033,POL_017269,2024-11-11,74257.29,Completed,UPI,0.8319111756209985
PAY_003655,CLM_009556,POL_024522,2026-10-08,67955.09,Completed,Cheque,0.8105187313010219
PAY_003656,CLM_009585,POL_003028,2024-01-29,74297.77,Completed,UPI,0.8146087748607038
PAY_003657,CLM_003883,POL_020577,2025-05-17,158188.51,Completed,Bank Transfer,0.9651436423530424
PAY_003658,CLM_002758,POL_016282,2025-12-16,228796.45,Completed,UPI,0.8182399749832121
PAY_003659,CLM_006069,POL_019205,2026-05-17,210091.53,Completed,Cheque,0.7681977234177058
PAY_003660,CLM_005075,POL_021329,2026-06-05,147859.14,Completed,Bank Transfer,0.9066098719021353
PAY_003661,CLM_009002,POL_010835,2024-02-27,152971.39,Completed,UPI,0.8525339735630487
PAY_003662,CLM_009053,POL_018925,2025-04-29,567858.19,Completed,Cheque,0.7946361288612115
PAY_003663,CLM_005770,POL_006944,2024-11-19,557838.5,Completed,Bank Transfer,0.9713414497606134
PAY_003664,CLM_007988,POL_007145,2026-09-18,26831.83,Completed,Bank Transfer,0.8501443214042426
PAY_003665,CLM_004355,POL_008666,2026-03-13,316330.06,Completed,Bank Transfer,0.9641142498789942
PAY_003666,CLM_008579,POL_020865,2024-04-27,232333.78,Completed,Bank Transfer,0.8366331545918648
PAY_003667,CLM_007682,POL_003963,2024-04-30,75839.72,Completed,UPI,0.8409958607636612
PAY_003668,CLM_006652,POL_024757,2026-10-08,68108.71,Completed,UPI,0.9369927507221902
PAY_003669,CLM_003832,POL_013081,2025-04-18,92973.29,Completed,UPI,0.7999970572301618
PAY_003670,CLM_005498,POL_016953,2024-08-07,101916.52,Completed,UPI,0.8969039213429237
PAY_003671,CLM_000081,POL_012886,2024-08-27,376438.06,Completed,Cheque,0.974002052856262
PAY_003672,CLM_000103,POL_016653,2026-06-13,466796.55,Completed,Bank Transfer,0.8908449602850632
PAY_003673,CLM_001146,POL_024812,2025-04-04,1518581.09,Completed,UPI,0.874032731684438
PAY_003674,CLM_003434,POL_020736,2025-03-16,56597.68,Completed,Cheque,0.8834548809995251
PAY_003675,CLM_003203,POL_014963,2024-10-26,325092.41,Completed,UPI,0.9547772459434382
PAY_003676,CLM_007322,POL_004659,2025-06-30,299489.86,Completed,Cheque,0.9084627152913404
PAY_003677,CLM_001130,POL_023167,2025-03-12,49844.85,Completed,UPI,0.9886873358381344
PAY_003678,CLM_005772,POL_006906,2026-09-22,156142.59,Completed,NEFT,0.8558181845686493
PAY_003679,CLM_009728,POL_008335,2025-06-19,44202.12,Completed,Bank Transfer,0.8985244578010543
PAY_003680,CLM_004494,POL_019648,2025-09-04,957000.54,Completed,Bank Transfer,0.8124678753821686
PAY_003681,CLM_004424,POL_000009,2026-04-05,76659.8,Completed,UPI,0.9438584952226428
PAY_003682,CLM_000172,POL_013517,2024-10-25,69840.17,Completed,UPI,0.9834229427902419
PAY_003683,CLM_003161,POL_006429,2026-05-30,223969.74,Completed,Bank Transfer,0.9283552015391556
PAY_003684,CLM_005556,POL_009296,2026-10-08,222380.24,Completed,Bank Transfer,0.9252459650448959
PAY_003685,CLM_005965,POL_010030,2026-03-07,210511.89,Completed,Bank Transfer,0.9696922642366738
PAY_003686,CLM_007796,POL_018913,2025-02-04,125970.89,Completed,UPI,0.8115001063246378
PAY_003687,CLM_005481,POL_010351,2026-10-08,547316.26,Completed,Bank Transfer,0.9853248567068232
PAY_003688,CLM_009292,POL_017092,2026-10-08,210243.07,Completed,Cheque,0.7736695297369363
PAY_003689,CLM_007731,POL_004008,2025-09-10,669016.12,Completed,Bank Transfer,0.9804051912625522
PAY_003690,CLM_001312,POL_012739,2026-08-10,138973.85,Completed,UPI,0.8082466088256434
PAY_003691,CLM_003098,POL_004121,2026-10-02,227942.94,Completed,NEFT,0.9403845006632608
PAY_003692,CLM_002644,POL_022536,2026-10-08,32991.16,Completed,NEFT,0.7771785617448894
PAY_003693,CLM_003284,POL_023655,2026-05-20,78018.58,Completed,Cheque,0.819479256724458
PAY_003694,CLM_009356,POL_009904,2026-09-24,497025.69,Completed,NEFT,0.7994296420620571
PAY_003695,CLM_005182,POL_011848,2026-06-12,47342.06,Completed,Bank Transfer,0.9845664383933423
PAY_003696,CLM_001818,POL_022798,2026-03-04,214451.83,Completed,Bank Transfer,0.9939756182572921
PAY_003697,CLM_003546,POL_009413,2025-12-28,67995.37,Completed,UPI,0.9352551659860846
PAY_003698,CLM_007556,POL_010800,2026-02-28,93686.97,Completed,Bank Transfer,0.9417095219169399
PAY_003699,CLM_006420,POL_000134,2025-02-10,459593.45,Completed,NEFT,0.7914610298132774
PAY_003700,CLM_004991,POL_004374,2025-07-03,345136.17,Completed,UPI,0.9173956020979815
PAY_003701,CLM_001713,POL_017496,2026-03-20,111139.91,Completed,Bank Transfer,0.9265991017467333
PAY_003702,CLM_007541,POL_007317,2025-06-20,196410.15,Completed,Bank Transfer,0.9800830372860407
PAY_003703,CLM_008213,POL_022246,2025-03-09,338381.79,Completed,UPI,0.7973684435626105
PAY_003704,CLM_005200,POL_002552,2025-01-03,150304.33,Completed,UPI,0.8721760920963567
PAY_003705,CLM_000638,POL_015084,2025-02-03,36474.58,Completed,UPI,0.8081811250586893
PAY_003706,CLM_007678,POL_003022,2024-06-14,36949.88,Completed,UPI,0.9004108274814561
PAY_003707,CLM_002027,POL_017706,2026-07-25,119559.89,Completed,Bank Transfer,0.8129927872323296
PAY_003708,CLM_004239,POL_008843,2026-06-02,278837.45,Completed,Cheque,0.9573627046272485
PAY_003709,CLM_004116,POL_016521,2026-09-01,453320.93,Completed,NEFT,0.9947459082457841
PAY_003710,CLM_002100,POL_003472,2026-08-06,402330.51,Completed,UPI,0.8773246249203751
PAY_003711,CLM_006151,POL_020481,2024-03-14,152977.76,Completed,Bank Transfer,0.8932773675014303
PAY_003712,CLM_009513,POL_021344,2026-10-08,138888.05,Completed,UPI,0.9941528902489617
PAY_003713,CLM_004932,POL_011400,2026-05-17,53169.33,Completed,UPI,0.7806498871075302
PAY_003714,CLM_001525,POL_001373,2024-12-26,368116.74,Completed,Bank Transfer,0.8924188213988956
PAY_003715,CLM_005500,POL_016140,2026-01-16,329230.89,Completed,Cheque,0.7776574789340025
PAY_003716,CLM_007340,POL_008763,2025-11-08,18517.39,Completed,Cheque,0.7663867222582292
PAY_003717,CLM_004658,POL_019683,2025-06-07,111376.04,Completed,Cheque,0.9155776634840621
PAY_003718,CLM_008558,POL_022417,2026-02-09,588648.16,Completed,Bank Transfer,0.7630584546603094
PAY_003719,CLM_005272,POL_021569,2025-11-29,242232.8,Completed,Cheque,0.8818462705210823
PAY_003720,CLM_001340,POL_017338,2025-11-18,55470.74,Completed,Bank Transfer,0.8300002094798615
PAY_003721,CLM_002046,POL_005489,2024-05-18,489022.84,Completed,Bank Transfer,0.9230753084602772
PAY_003722,CLM_003374,POL_012706,2024-07-20,128319.7,Completed,UPI,0.9212477106057814
PAY_003723,CLM_007068,POL_007424,2026-05-19,71098.51,Completed,Cheque,0.8125180920486866
PAY_003724,CLM_002614,POL_001942,2025-11-02,62170.49,Completed,Bank Transfer,0.8320526310295235
PAY_003725,CLM_006660,POL_023490,2024-09-13,97505.85,Completed,Bank Transfer,0.8294214634761291
PAY_003726,CLM_008595,POL_021906,2026-02-21,375490.0,Completed,UPI,0.9942663330467847
PAY_003727,CLM_007733,POL_021519,2026-03-05,1301651.1,Completed,Bank Transfer,0.8988314462204738
PAY_003728,CLM_007018,POL_016916,2026-10-07,56247.96,Completed,Cheque,0.9744085904898083
PAY_003729,CLM_009174,POL_003798,2026-09-12,455699.75,Completed,NEFT,0.9203250888087944
PAY_003730,CLM_002158,POL_015287,2024-03-16,38609.95,Completed,Bank Transfer,0.9028179836150365
PAY_003731,CLM_008077,POL_020944,2026-07-14,160018.35,Completed,UPI,0.7636862170826944
PAY_003732,CLM_002091,POL_009764,2026-10-08,163090.91,Completed,NEFT,0.9877548516244113
PAY_003733,CLM_006635,POL_009111,2024-11-16,54310.44,Completed,UPI,0.8678785120550402
PAY_003734,CLM_002876,POL_004242,2026-10-08,173636.28,Completed,UPI,0.8595339725161045
PAY_003735,CLM_007601,POL_013262,2026-01-24,60607.28,Completed,UPI,0.9497441953467497
PAY_003736,CLM_005007,POL_024975,2024-01-26,73956.1,Completed,UPI,0.8035442559908004
PAY_003737,CLM_008456,POL_006697,2026-04-08,220150.28,Completed,UPI,0.9290214190753534
PAY_003738,CLM_008479,POL_011609,2026-09-21,50567.5,Completed,Bank Transfer,0.873090979472801
PAY_003739,CLM_009579,POL_007804,2026-10-08,407670.99,Completed,Bank Transfer,0.9314055423144549
PAY_003740,CLM_005683,POL_008473,2026-01-26,337022.72,Completed,Bank Transfer,0.7804282891601719
PAY_003741,CLM_004643,POL_024925,2026-06-08,531877.27,Completed,UPI,0.8776107540044662
PAY_003742,CLM_008086,POL_007849,2026-09-18,169868.45,Completed,Cheque,0.8772610839982442
PAY_003743,CLM_009212,POL_020412,2025-08-14,48183.08,Completed,Cheque,0.769062733982116
PAY_003744,CLM_006632,POL_021150,2025-11-08,73598.41,Completed,UPI,0.7955845186285383
PAY_003745,CLM_007631,POL_008104,2025-01-14,129041.63,Completed,Bank Transfer,0.9529464274966767
PAY_003746,CLM_000009,POL_020973,2024-12-18,126832.41,Completed,UPI,0.7985258119838925
PAY_003747,CLM_004253,POL_024958,2026-10-08,327275.36,Completed,Bank Transfer,0.7895486098085338
PAY_003748,CLM_005325,POL_024850,2026-10-08,45366.94,Completed,UPI,0.7776799541143021
PAY_003749,CLM_003531,POL_003546,2025-01-21,176533.34,Completed,Bank Transfer,0.9622361218339144
PAY_003750,CLM_004783,POL_022698,2026-06-13,63987.76,Completed,Bank Transfer,0.939935311266971
PAY_003751,CLM_000994,POL_017596,2025-06-15,58028.64,Completed,UPI,0.8699112633737188
PAY_003752,CLM_002775,POL_021897,2024-10-19,142348.2,Completed,UPI,0.9887569927570812
PAY_003753,CLM_006533,POL_010924,2025-07-07,164375.1,Completed,UPI,0.9794718905294615
PAY_003754,CLM_009203,POL_020455,2026-05-22,279489.78,Completed,Cheque,0.7616321215037049
PAY_003755,CLM_009807,POL_012101,2026-08-16,74798.95,Completed,Bank Transfer,0.8992065472772893
PAY_003756,CLM_007899,POL_009844,2024-05-02,369879.46,Completed,UPI,0.8121177329156313
PAY_003757,CLM_006568,POL_014342,2024-01-07,166528.54,Completed,NEFT,0.8679045328956578
PAY_003758,CLM_003702,POL_003378,2026-06-09,301013.98,Completed,Cheque,0.8036769744531767
PAY_003759,CLM_009123,POL_012922,2026-02-16,369190.71,Completed,Cheque,0.8697711556131136
PAY_003760,CLM_006408,POL_020331,2026-09-11,501975.96,Completed,UPI,0.827927715282277
PAY_003761,CLM_009199,POL_007294,2026-08-10,103303.83,Completed,Bank Transfer,0.9503898339841836
PAY_003762,CLM_005835,POL_004483,2025-10-17,66360.73,Completed,Bank Transfer,0.9015428494418265
PAY_003763,CLM_001539,POL_001222,2025-05-12,276404.69,Completed,Bank Transfer,0.8755193517060254
PAY_003764,CLM_004131,POL_018708,2026-10-08,107138.06,Completed,Bank Transfer,0.9941360315234237
PAY_003765,CLM_006361,POL_024390,2026-01-07,33817.57,Completed,Cheque,0.8685351187438569
PAY_003766,CLM_007170,POL_019394,2026-09-08,333517.47,Completed,UPI,0.889850093059837
PAY_003767,CLM_003196,POL_018569,2025-02-24,103682.64,Completed,Cheque,0.7845076991477473
PAY_003768,CLM_002123,POL_019009,2025-08-27,71827.69,Completed,Cheque,0.8070448075395219
PAY_003769,CLM_009300,POL_022520,2026-08-04,87951.61,Completed,Bank Transfer,0.7546932998019386
PAY_003770,CLM_002699,POL_020205,2026-10-08,33506.62,Completed,NEFT,0.8673411435562038
PAY_003771,CLM_004893,POL_006536,2026-02-25,92642.06,Completed,Bank Transfer,0.864279669606962
PAY_003772,CLM_006213,POL_008305,2025-11-09,64429.39,Completed,Cheque,0.9281668682059716
PAY_003773,CLM_001524,POL_013134,2023-12-18,74472.02,Completed,Bank Transfer,0.8821438297270499
PAY_003774,CLM_005280,POL_003436,2026-06-12,671241.12,Completed,NEFT,0.9815479988073578
PAY_003775,CLM_002889,POL_009801,2025-10-13,218510.15,Completed,Cheque,0.9241215564749069
PAY_003776,CLM_007889,POL_021697,2025-09-03,149334.82,Completed,Bank Transfer,0.8220947131762121
PAY_003777,CLM_007123,POL_017478,2026-10-08,108153.02,Completed,Bank Transfer,0.9571904011396399
PAY_003778,CLM_007705,POL_017159,2026-02-06,248184.61,Completed,UPI,0.8945891948118683
PAY_003779,CLM_003790,POL_003984,2026-10-04,86455.9,Completed,NEFT,0.9874212600988199
PAY_003780,CLM_003503,POL_008678,2024-03-18,87155.64,Completed,Bank Transfer,0.8311494859365542
PAY_003781,CLM_007920,POL_011402,2026-02-27,53374.92,Completed,Bank Transfer,0.932079545490265
PAY_003782,CLM_001643,POL_019575,2026-04-10,204220.31,Completed,Bank Transfer,0.991645272582827
PAY_003783,CLM_002105,POL_016348,2025-11-20,142365.18,Completed,UPI,0.7528604854747528
PAY_003784,CLM_006018,POL_018003,2024-12-04,82782.7,Completed,UPI,0.9704474510114691
PAY_003785,CLM_009066,POL_008114,2026-04-04,349553.47,Completed,Cheque,0.9195546921394072
PAY_003786,CLM_004787,POL_019774,2025-11-26,281273.69,Completed,UPI,0.947411295835982
PAY_003787,CLM_009935,POL_006023,2026-06-26,170921.83,Completed,NEFT,0.8553696163574225
PAY_003788,CLM_006123,POL_013889,2026-07-19,436271.16,Completed,Bank Transfer,0.9003453629530423
PAY_003789,CLM_004766,POL_010673,2026-09-05,268342.85,Completed,UPI,0.9727990383624376
PAY_003790,CLM_004233,POL_009600,2025-04-28,88285.54,Completed,Bank Transfer,0.8584732154300002
PAY_003791,CLM_000313,POL_020515,2025-02-03,174119.97,Completed,Cheque,0.8432425733547796
PAY_003792,CLM_009266,POL_007995,2025-07-23,199875.49,Completed,UPI,0.8285355010269877
PAY_003793,CLM_000069,POL_010270,2026-03-02,84638.74,Completed,NEFT,0.7834718669336904
PAY_003794,CLM_000834,POL_021520,2026-07-12,21620.52,Completed,NEFT,0.8122994660442945
PAY_003795,CLM_001789,POL_017585,2024-12-09,92285.18,Completed,NEFT,0.7907791144919276
PAY_003796,CLM_007629,POL_003730,2026-01-13,38810.24,Completed,Bank Transfer,0.8578507446191252
PAY_003797,CLM_004323,POL_009843,2024-08-31,144458.16,Completed,Bank Transfer,0.881091777252331
PAY_003798,CLM_009677,POL_012366,2024-08-13,519439.93,Completed,Bank Transfer,0.8610542764303534
PAY_003799,CLM_004809,POL_016371,2024-04-20,378228.87,Completed,Bank Transfer,0.7515926805786146
PAY_003800,CLM_008994,POL_000882,2025-02-01,63322.67,Completed,UPI,0.8317905836133656
PAY_003801,CLM_003248,POL_006667,2026-04-20,87064.51,Completed,UPI,0.8431273620941787
PAY_003802,CLM_006775,POL_002133,2026-09-28,297516.08,Completed,Bank Transfer,0.9106520203781583
PAY_003803,CLM_000375,POL_016779,2025-12-27,181483.08,Completed,UPI,0.8983134634103602
PAY_003804,CLM_001608,POL_022080,2026-09-12,1837044.04,Completed,NEFT,0.9745386890064411
PAY_003805,CLM_003280,POL_021757,2026-09-10,59105.0,Completed,UPI,0.7925105374201606
PAY_003806,CLM_007888,POL_023279,2024-10-18,539968.88,Completed,Bank Transfer,0.9208278118850455
PAY_003807,CLM_008533,POL_024060,2026-06-11,152432.67,Completed,NEFT,0.8064274256068786
PAY_003808,CLM_002762,POL_023702,2026-04-22,837280.98,Completed,Bank Transfer,0.9531987020674771
PAY_003809,CLM_000558,POL_018270,2024-09-09,105610.32,Completed,Bank Transfer,0.8986415246346243
PAY_003810,CLM_002437,POL_003780,2024-05-21,698370.8,Completed,UPI,0.8038467193124641
PAY_003811,CLM_002329,POL_009942,2024-10-12,429499.64,Completed,UPI,0.7654834302818763
PAY_003812,CLM_005109,POL_014635,2024-11-23,129549.42,Completed,Bank Transfer,0.7982102020038462
PAY_003813,CLM_007808,POL_014380,2025-07-27,324378.88,Completed,Bank Transfer,0.9930930230550351
PAY_003814,CLM_003873,POL_017164,2026-01-10,399784.24,Completed,Cheque,0.8750253073510758
PAY_003815,CLM_009096,POL_019815,2024-10-14,86782.68,Completed,Bank Transfer,0.9905817736071187
PAY_003816,CLM_007105,POL_004598,2025-03-08,209840.64,Completed,UPI,0.8147242556617417
PAY_003817,CLM_008764,POL_022424,2026-08-18,187010.22,Completed,Bank Transfer,0.903835426266574
PAY_003818,CLM_002238,POL_015638,2025-01-22,668573.28,Completed,Cheque,0.9049322552090535
PAY_003819,CLM_005165,POL_006987,2025-09-23,30772.88,Completed,UPI,0.8739792695728041
PAY_003820,CLM_008548,POL_010003,2026-06-02,196985.45,Completed,Cheque,0.7721688308394554
PAY_003821,CLM_003941,POL_000730,2024-08-11,189695.42,Completed,NEFT,0.9884966333242923
PAY_003822,CLM_004540,POL_023010,2024-06-13,244933.21,Completed,NEFT,0.7948718730908746
PAY_003823,CLM_006427,POL_007342,2026-02-06,96099.26,Completed,Cheque,0.8610060355106351
PAY_003824,CLM_000293,POL_001839,2025-08-31,49487.1,Completed,Bank Transfer,0.8083988892480893
PAY_003825,CLM_001311,POL_002388,2026-10-08,75669.3,Completed,UPI,0.7859346414569766
PAY_003826,CLM_001867,POL_017623,2025-02-15,86202.41,Completed,NEFT,0.9231195685918098
PAY_003827,CLM_008857,POL_007034,2025-10-07,18586.54,Completed,NEFT,0.8529598029245585
PAY_003828,CLM_002666,POL_002290,2025-05-24,995332.51,Completed,UPI,0.799569123999537
PAY_003829,CLM_002635,POL_005767,2026-01-26,128968.85,Completed,UPI,0.8409164499642753
PAY_003830,CLM_003548,POL_004129,2025-12-01,484669.97,Completed,UPI,0.8427859098818414
PAY_003831,CLM_008224,POL_021732,2025-09-14,1730380.22,Completed,Bank Transfer,0.9775376410809308
PAY_003832,CLM_000147,POL_011906,2026-10-08,82676.72,Completed,UPI,0.8673026718975444
PAY_003833,CLM_001390,POL_018070,2024-11-01,190670.86,Completed,Bank Transfer,0.9330132581041062
PAY_003834,CLM_002565,POL_011314,2025-04-04,222537.83,Completed,UPI,0.9785571044910334
PAY_003835,CLM_002976,POL_010576,2025-09-19,905763.99,Completed,Bank Transfer,0.8387772663802937
PAY_003836,CLM_003855,POL_021907,2024-05-21,143882.04,Completed,Bank Transfer,0.8204287278043905
PAY_003837,CLM_005448,POL_016625,2026-07-20,130656.18,Completed,Cheque,0.8342287433214576
PAY_003838,CLM_009821,POL_000383,2025-08-24,177612.36,Completed,NEFT,0.7617119210427316
PAY_003839,CLM_000462,POL_012980,2026-05-11,278956.56,Completed,Bank Transfer,0.9268710151838137
PAY_003840,CLM_009346,POL_004273,2026-09-22,884892.81,Completed,Bank Transfer,0.8840402150953556
PAY_003841,CLM_006188,POL_014475,2026-01-31,29152.02,Completed,NEFT,0.8644420465129519
PAY_003842,CLM_007259,POL_010984,2024-11-11,125556.65,Completed,Cheque,0.9191157981378697
PAY_003843,CLM_006623,POL_008829,2025-06-24,51734.71,Completed,Bank Transfer,0.768352378014558
PAY_003844,CLM_003493,POL_005212,2026-01-10,434838.72,Completed,UPI,0.8899108809464206
PAY_003845,CLM_002536,POL_008476,2024-07-04,74567.85,Completed,Bank Transfer,0.8768228817273287
PAY_003846,CLM_005538,POL_024718,2025-09-02,160071.07,Completed,UPI,0.7811927694838384
PAY_003847,CLM_007034,POL_003061,2026-09-14,472416.98,Completed,Cheque,0.9640760699696527
PAY_003848,CLM_006214,POL_019238,2026-06-17,243274.48,Completed,Bank Transfer,0.8058791022737716
PAY_003849,CLM_008372,POL_022457,2023-12-08,51932.66,Completed,UPI,0.8264866409009565
PAY_003850,CLM_003833,POL_017133,2026-06-10,683890.03,Completed,Bank Transfer,0.7509816161324843
PAY_003851,CLM_008460,POL_021053,2024-12-07,191797.97,Completed,Bank Transfer,0.9565960162990126
PAY_003852,CLM_008144,POL_001236,2025-05-10,438862.39,Completed,Bank Transfer,0.9261034421481718
PAY_003853,CLM_005704,POL_023092,2026-10-04,166685.02,Completed,Bank Transfer,0.9149355156753461
PAY_003854,CLM_008405,POL_019669,2026-09-24,23983.61,Completed,UPI,0.7723762161967195
PAY_003855,CLM_004135,POL_009465,2024-09-25,232484.07,Completed,Bank Transfer,0.9452021645433668
PAY_003856,CLM_005596,POL_004257,2025-09-28,100137.27,Completed,NEFT,0.7576039361979321
PAY_003857,CLM_002448,POL_000794,2024-05-26,70278.37,Completed,Bank Transfer,0.8518096769665952
PAY_003858,CLM_007710,POL_014087,2025-05-03,88603.16,Completed,Cheque,0.8606245016496495
PAY_003859,CLM_007654,POL_015940,2026-06-12,229417.23,Completed,UPI,0.9452666997004463
PAY_003860,CLM_003519,POL_014200,2025-09-20,39566.43,Completed,Bank Transfer,0.8526250053064911
PAY_003861,CLM_007117,POL_016407,2024-10-12,65217.96,Completed,UPI,0.8545845268451715
PAY_003862,CLM_007531,POL_016351,2024-06-16,77978.19,Completed,Bank Transfer,0.7721602918393992
PAY_003863,CLM_001979,POL_011086,2026-04-20,53242.35,Completed,Bank Transfer,0.8662288640293841
PAY_003864,CLM_000240,POL_002179,2026-04-25,142321.31,Completed,UPI,0.7716451744426878
PAY_003865,CLM_001243,POL_015046,2026-07-04,132067.39,Completed,UPI,0.830593291928841
PAY_003866,CLM_009275,POL_001424,2026-03-22,328657.56,Completed,Bank Transfer,0.8157861273181388
PAY_003867,CLM_009222,POL_013083,2026-03-12,61878.29,Completed,Bank Transfer,0.9249887811366436
PAY_003868,CLM_005018,POL_009098,2024-08-28,763398.89,Completed,Bank Transfer,0.9297088429968533
PAY_003869,CLM_004725,POL_016741,2026-07-27,109185.7,Completed,UPI,0.8370724142536222
PAY_003870,CLM_009501,POL_017465,2025-01-18,95099.12,Completed,Bank Transfer,0.8724858001851412
PAY_003871,CLM_008738,POL_017128,2026-09-06,46723.45,Completed,Bank Transfer,0.8982043583147838
PAY_003872,CLM_008084,POL_024425,2025-02-21,421628.7,Completed,Cheque,0.9261082071038516
PAY_003873,CLM_007118,POL_003944,2026-03-29,66796.47,Completed,UPI,0.9334945047389229
PAY_003874,CLM_002787,POL_006671,2025-05-23,373324.08,Completed,Cheque,0.7996038949699678
PAY_003875,CLM_004713,POL_010237,2026-09-12,129335.35,Completed,NEFT,0.9272126922732534
PAY_003876,CLM_003541,POL_017120,2024-12-12,117631.44,Completed,UPI,0.8535026957599438
PAY_003877,CLM_008473,POL_013913,2026-09-16,61325.97,Completed,Bank Transfer,0.7559514285622715
PAY_003878,CLM_006204,POL_021613,2026-01-15,34189.53,Completed,UPI,0.9232481065592562
PAY_003879,CLM_002910,POL_001745,2026-09-05,47176.15,Completed,Cheque,0.8027410108385686
PAY_003880,CLM_007853,POL_016191,2025-06-07,189308.47,Completed,UPI,0.8794428400505344
PAY_003881,CLM_008955,POL_004188,2024-12-09,417585.54,Completed,Bank Transfer,0.8424832278296372
PAY_003882,CLM_007347,POL_024004,2024-11-26,354611.16,Completed,Bank Transfer,0.7678106989169923
PAY_003883,CLM_004842,POL_020417,2026-09-09,562465.8,Completed,Cheque,0.885103371016901
PAY_003884,CLM_000027,POL_015270,2026-10-08,894977.86,Completed,Bank Transfer,0.8579255236847031
PAY_003885,CLM_005255,POL_017678,2026-05-08,252686.58,Completed,Bank Transfer,0.895593266354616
PAY_003886,CLM_009299,POL_004831,2026-08-24,170038.84,Completed,UPI,0.8778852012192796
PAY_003887,CLM_000001,POL_011277,2025-02-07,230757.87,Completed,Cheque,0.8993863958016399
PAY_003888,CLM_005173,POL_015048,2026-04-11,470164.72,Completed,Cheque,0.9342804969791384
PAY_003889,CLM_009983,POL_013455,2025-02-02,926155.18,Completed,Bank Transfer,0.8706436790696467
PAY_003890,CLM_003101,POL_014674,2024-08-16,580265.83,Completed,Bank Transfer,0.8506628979040326
PAY_003891,CLM_001965,POL_010139,2026-10-08,78851.57,Completed,Bank Transfer,0.7817071092491509
PAY_003892,CLM_008648,POL_015392,2025-08-06,472553.64,Completed,Cheque,0.953223789926466
PAY_003893,CLM_009193,POL_008238,2024-07-25,361317.87,Completed,NEFT,0.9999913373426953
PAY_003894,CLM_006043,POL_009206,2025-11-04,70010.69,Completed,UPI,0.9479983160704374
PAY_003895,CLM_004027,POL_014413,2025-01-13,60188.8,Completed,Bank Transfer,0.8508845615446796
PAY_003896,CLM_006025,POL_020539,2024-01-29,851566.23,Completed,Cheque,0.8884833993763029
PAY_003897,CLM_000572,POL_009811,2025-02-27,25398.24,Completed,Bank Transfer,0.814393576233964
PAY_003898,CLM_007603,POL_023326,2026-02-14,395247.55,Completed,Bank Transfer,0.9583764756967555
PAY_003899,CLM_004431,POL_022286,2024-09-15,529801.71,Completed,Bank Transfer,0.9238851851931292
PAY_003900,CLM_000252,POL_014211,2026-07-29,516043.63,Completed,UPI,0.842625330614714
PAY_003901,CLM_007828,POL_004784,2026-02-13,29031.98,Completed,Bank Transfer,0.935540107861739
PAY_003902,CLM_007927,POL_009711,2025-07-07,587462.42,Completed,Bank Transfer,0.8730447525063709
PAY_003903,CLM_002592,POL_001072,2024-11-29,333186.57,Completed,UPI,0.9315336023613148
PAY_003904,CLM_006449,POL_003052,2025-10-11,212397.52,Completed,Bank Transfer,0.8726778189127186
PAY_003905,CLM_009628,POL_019604,2025-07-07,198032.39,Completed,Bank Transfer,0.8263618646801729
PAY_003906,CLM_007266,POL_006563,2026-01-16,223967.89,Completed,UPI,0.9930662509615612
PAY_003907,CLM_001175,POL_019814,2026-02-24,419501.71,Completed,Bank Transfer,0.818076770780406
PAY_003908,CLM_002247,POL_005323,2026-01-12,482287.42,Completed,UPI,0.990608608792048
PAY_003909,CLM_006936,POL_013354,2026-04-17,567901.93,Completed,Bank Transfer,0.7923380542699078
PAY_003910,CLM_002572,POL_011773,2024-02-08,101369.6,Completed,Bank Transfer,0.7851861123831395
PAY_003911,CLM_003246,POL_016785,2026-04-02,174556.67,Completed,Bank Transfer,0.8673437171435625
PAY_003912,CLM_003450,POL_014639,2024-10-11,409912.43,Completed,Bank Transfer,0.8333209934820377
PAY_003913,CLM_005539,POL_014056,2026-09-29,171560.28,Completed,Bank Transfer,0.8483786282517337
PAY_003914,CLM_009687,POL_005503,2024-03-05,335032.9,Completed,UPI,0.9887690408624903
PAY_003915,CLM_008385,POL_010461,2026-02-07,146563.58,Completed,Bank Transfer,0.9987103486378867
PAY_003916,CLM_007581,POL_008357,2026-04-13,1290614.93,Completed,NEFT,0.9727143442571397
PAY_003917,CLM_006140,POL_015646,2026-08-23,189639.44,Completed,Bank Transfer,0.958076888878111
PAY_003918,CLM_008656,POL_002152,2026-05-05,20071.27,Completed,Bank Transfer,0.9345136855455665
PAY_003919,CLM_006953,POL_008221,2026-09-17,394224.62,Completed,UPI,0.8874142245146983
PAY_003920,CLM_006644,POL_000697,2024-07-28,161183.9,Completed,Cheque,0.8753902990549401
PAY_003921,CLM_002616,POL_000242,2026-04-11,105237.95,Completed,Cheque,0.977644720295172
PAY_003922,CLM_000883,POL_013012,2025-06-10,287348.46,Completed,NEFT,0.7694184683432341
PAY_003923,CLM_008323,POL_003680,2025-01-23,99690.76,Completed,Cheque,0.8008222001098763
PAY_003924,CLM_009615,POL_007496,2026-09-05,309478.97,Completed,Bank Transfer,0.9334976340485858
PAY_003925,CLM_007171,POL_000247,2026-03-31,87019.5,Completed,UPI,0.9514616205161759
PAY_003926,CLM_000801,POL_010074,2025-07-26,371111.69,Completed,Bank Transfer,0.8659844576204033
PAY_003927,CLM_001688,POL_010356,2026-03-09,108884.01,Completed,UPI,0.7537669479689436
PAY_003928,CLM_001760,POL_002010,2025-06-05,173707.71,Completed,Cheque,0.7625661772265615
PAY_003929,CLM_001271,POL_002476,2024-09-24,427014.43,Completed,Bank Transfer,0.7624626332280308
PAY_003930,CLM_001916,POL_004989,2024-11-02,142623.42,Completed,Bank Transfer,0.9464306676529343
PAY_003931,CLM_006143,POL_010684,2025-07-22,50841.77,Completed,NEFT,0.8928959115255958
PAY_003932,CLM_001445,POL_007290,2025-10-08,487080.82,Completed,Bank Transfer,0.8824111414491012
PAY_003933,CLM_001020,POL_019429,2025-01-02,169549.1,Completed,Bank Transfer,0.9646982848136737
PAY_003934,CLM_003853,POL_001211,2025-01-27,204345.22,Completed,Bank Transfer,0.8418523491978939
PAY_003935,CLM_007162,POL_023519,2025-05-17,680204.34,Completed,Cheque,0.7670101283480985
PAY_003936,CLM_002641,POL_015791,2025-11-10,142791.16,Completed,Bank Transfer,0.9516121894939776
PAY_003937,CLM_009309,POL_001371,2025-01-04,191537.46,Completed,UPI,0.9237016825492189
PAY_003938,CLM_003989,POL_015237,2026-05-28,44498.9,Completed,UPI,0.8038668214464686
PAY_003939,CLM_002098,POL_013846,2024-08-24,348239.89,Completed,Bank Transfer,0.8900874327660958
PAY_003940,CLM_008406,POL_006837,2024-07-30,304939.83,Completed,Bank Transfer,0.8310003414041478
PAY_003941,CLM_009230,POL_006094,2026-10-08,64388.6,Completed,NEFT,0.7690977244771419
PAY_003942,CLM_005690,POL_012453,2025-01-31,50979.66,Completed,Bank Transfer,0.7505334225892044
PAY_003943,CLM_001252,POL_021647,2025-02-22,239086.44,Completed,Bank Transfer,0.9772158860580946
PAY_003944,CLM_007830,POL_021795,2025-05-16,1020724.83,Completed,NEFT,0.8581360712266382
PAY_003945,CLM_002350,POL_019464,2025-09-21,61888.14,Completed,NEFT,0.7571062039433097
PAY_003946,CLM_003057,POL_010379,2024-12-03,618589.46,Completed,UPI,0.8887467642479158
PAY_003947,CLM_006763,POL_017260,2024-03-24,190110.89,Completed,NEFT,0.8249091903374779
PAY_003948,CLM_005013,POL_013833,2026-09-07,55775.1,Completed,Bank Transfer,0.7770318842324179
PAY_003949,CLM_008059,POL_019915,2024-07-28,306411.26,Completed,UPI,0.8253002660094961
PAY_003950,CLM_008095,POL_023249,2026-10-08,275815.37,Completed,Cheque,0.9749442681437959
PAY_003951,CLM_002143,POL_008210,2024-10-03,330150.46,Completed,Bank Transfer,0.8467956338595695
PAY_003952,CLM_006413,POL_010959,2025-09-22,138328.26,Completed,Bank Transfer,0.8721176819497551
PAY_003953,CLM_005979,POL_003477,2024-01-15,398136.62,Completed,UPI,0.9157321258158634
PAY_003954,CLM_001058,POL_004915,2026-10-08,30785.39,Completed,Bank Transfer,0.8543952437555836
PAY_003955,CLM_008742,POL_014858,2024-08-29,592766.49,Completed,Bank Transfer,0.9850395310999944
PAY_003956,CLM_001121,POL_006268,2025-05-01,336375.28,Completed,UPI,0.9712417681283226
PAY_003957,CLM_003724,POL_008134,2025-09-05,83346.36,Completed,UPI,0.8137604256929104
PAY_003958,CLM_002763,POL_006959,2025-05-13,149228.92,Completed,Cheque,0.7937579313868616
PAY_003959,CLM_005401,POL_014409,2026-05-03,665669.41,Completed,Cheque,0.9654264145205644
PAY_003960,CLM_009322,POL_024258,2025-10-30,464391.52,Completed,UPI,0.7814378796948359
PAY_003961,CLM_008647,POL_020472,2026-06-11,301790.49,Completed,NEFT,0.9009414418269781
PAY_003962,CLM_004744,POL_022161,2026-08-03,185454.36,Completed,UPI,0.7721580951222281
PAY_003963,CLM_001616,POL_018452,2024-10-30,335869.3,Completed,Bank Transfer,0.9891688625827272
PAY_003964,CLM_005207,POL_024552,2024-04-25,577062.86,Completed,UPI,0.8154775475227127
PAY_003965,CLM_008149,POL_024135,2026-08-03,46387.13,Completed,Bank Transfer,0.9454460778069348
PAY_003966,CLM_008952,POL_008841,2024-09-10,695100.83,Completed,Bank Transfer,0.9980228660822039
PAY_003967,CLM_004278,POL_007668,2025-04-26,96909.32,Completed,UPI,0.9878566479569594
PAY_003968,CLM_003401,POL_021356,2025-08-14,174332.6,Completed,Bank Transfer,0.8170480750610071
PAY_003969,CLM_001721,POL_010202,2025-01-05,38535.95,Completed,Bank Transfer,0.8335783065160702
PAY_003970,CLM_002871,POL_009149,2025-08-07,89092.36,Completed,UPI,0.8546259276028517
PAY_003971,CLM_000268,POL_009911,2026-03-10,188383.35,Completed,UPI,0.9716581367417134
PAY_003972,CLM_002175,POL_013902,2026-09-04,43889.45,Completed,Bank Transfer,0.848589050763237
PAY_003973,CLM_008015,POL_004866,2024-10-08,248116.19,Completed,UPI,0.8548069556005857
PAY_003974,CLM_000842,POL_004757,2024-07-12,72234.28,Completed,Bank Transfer,0.7728413347932603
PAY_003975,CLM_003032,POL_018314,2025-04-27,181592.62,Completed,UPI,0.8704266471816108
PAY_003976,CLM_002068,POL_013798,2025-11-23,72763.03,Completed,Bank Transfer,0.884697020302562
PAY_003977,CLM_001110,POL_013256,2025-12-01,458516.72,Completed,UPI,0.8340957314883796
PAY_003978,CLM_003674,POL_021153,2026-10-01,329517.34,Completed,Cheque,0.7996946128197723
PAY_003979,CLM_003403,POL_020708,2025-02-11,348929.2,Completed,NEFT,0.8924151697883026
PAY_003980,CLM_009912,POL_016566,2026-10-08,124785.25,Completed,Cheque,0.8636277817050111
PAY_003981,CLM_002639,POL_023596,2024-09-04,57715.53,Completed,Bank Transfer,0.8298958480569055
PAY_003982,CLM_000181,POL_005467,2025-07-14,149462.85,Completed,UPI,0.9733481822649261
PAY_003983,CLM_000247,POL_017913,2024-01-13,802618.7,Completed,NEFT,0.8989413034349689
PAY_003984,CLM_005326,POL_016763,2024-08-25,145857.32,Completed,NEFT,0.7813142369040147
PAY_003985,CLM_008946,POL_004733,2024-07-22,144877.78,Completed,Bank Transfer,0.9174889447474219
PAY_003986,CLM_002591,POL_022884,2024-05-07,109877.42,Completed,Cheque,0.7795332112499471
PAY_003987,CLM_006417,POL_006449,2025-01-14,95207.07,Completed,Bank Transfer,0.8008332589617481
PAY_003988,CLM_009931,POL_007570,2025-08-11,302251.58,Completed,Bank Transfer,0.7753420009916631
PAY_003989,CLM_003664,POL_020828,2025-11-24,33468.65,Completed,UPI,0.7909386956429266
PAY_003990,CLM_009213,POL_010657,2026-10-08,231154.07,Completed,UPI,0.8169749887413887
PAY_003991,CLM_006634,POL_008043,2025-03-18,79965.14,Completed,UPI,0.844859850605923
PAY_003992,CLM_003780,POL_013449,2026-04-23,276815.87,Completed,UPI,0.9347372655849302
PAY_003993,CLM_007107,POL_005439,2025-08-19,886568.38,Completed,Bank Transfer,0.9837790181746062
PAY_003994,CLM_002956,POL_001557,2026-09-29,390986.35,Completed,Bank Transfer,0.9571820858416173
PAY_003995,CLM_000968,POL_017782,2025-12-28,178720.12,Completed,UPI,0.9868619126444468
PAY_003996,CLM_002711,POL_015588,2026-09-01,567407.54,Completed,UPI,0.8476335838360545
PAY_003997,CLM_007365,POL_003085,2026-10-05,270304.84,Completed,UPI,0.9117593020130227
PAY_003998,CLM_003700,POL_012953,2026-10-08,168985.02,Completed,UPI,0.8468534275973104
PAY_003999,CLM_003167,POL_011031,2025-06-25,56676.79,Completed,Bank Transfer,0.8239462398418306
PAY_004000,CLM_005212,POL_022645,2025-06-03,93809.52,Completed,UPI,0.8033807077168533
PAY_004001,CLM_009450,POL_014105,2026-04-21,474129.5,Completed,UPI,0.8616211025701462
PAY_004002,CLM_003383,POL_003037,2026-02-27,294201.95,Completed,Bank Transfer,0.9745024224273722
PAY_004003,CLM_002088,POL_011548,2025-12-29,114440.83,Completed,Bank Transfer,0.9831101965415802
PAY_004004,CLM_008229,POL_014218,2026-09-06,509053.65,Completed,Cheque,0.9271347436304588
PAY_004005,CLM_000482,POL_021141,2025-05-02,98800.68,Completed,Cheque,0.8396212144646363
PAY_004006,CLM_004795,POL_009479,2024-09-26,127150.82,Completed,UPI,0.9089745917683106
PAY_004007,CLM_006447,POL_012385,2024-12-03,188076.88,Completed,Bank Transfer,0.8202926174664078
PAY_004008,CLM_008826,POL_023386,2025-12-13,553328.04,Completed,UPI,0.8598125473655711
PAY_004009,CLM_003592,POL_021765,2026-06-06,840478.74,Completed,NEFT,0.8790201888800182
PAY_004010,CLM_001056,POL_012500,2026-07-18,419407.86,Completed,Bank Transfer,0.9879457565286055
PAY_004011,CLM_007892,POL_011228,2025-02-01,88675.99,Completed,Bank Transfer,0.8637090598684196
PAY_004012,CLM_001417,POL_017947,2025-12-01,278299.56,Completed,Bank Transfer,0.8160230229692518
PAY_004013,CLM_006960,POL_016706,2026-01-04,169787.91,Completed,Cheque,0.767500113008652
PAY_004014,CLM_009443,POL_003666,2024-09-01,309136.42,Completed,Bank Transfer,0.8156376599735179
PAY_004015,CLM_002752,POL_010858,2024-12-27,171459.78,Completed,Bank Transfer,0.9255804008179623
PAY_004016,CLM_005008,POL_015886,2025-02-25,102500.08,Completed,NEFT,0.7967433819825758
PAY_004017,CLM_009695,POL_010738,2026-04-26,1222996.35,Completed,NEFT,0.9135283661712281
PAY_004018,CLM_009178,POL_013408,2024-10-17,205440.61,Completed,Bank Transfer,0.8657687012058355
PAY_004019,CLM_009729,POL_002401,2026-06-30,47866.9,Completed,Bank Transfer,0.7664117932907807
PAY_004020,CLM_006323,POL_012387,2025-03-23,34169.89,Completed,Cheque,0.7543504992593345
PAY_004021,CLM_005349,POL_012271,2026-06-27,262672.66,Completed,UPI,0.8897394438295634
PAY_004022,CLM_009582,POL_024940,2025-10-13,107859.5,Completed,NEFT,0.9512202370794705
PAY_004023,CLM_005601,POL_010715,2026-07-14,173054.06,Completed,Bank Transfer,0.9882027181361352
PAY_004024,CLM_001882,POL_020822,2025-07-31,176251.88,Completed,UPI,0.8412160040198481
PAY_004025,CLM_006967,POL_002873,2026-04-09,21701.81,Completed,NEFT,0.9346203604491318
PAY_004026,CLM_009187,POL_009836,2026-07-17,139642.08,Completed,UPI,0.7700901103406218
PAY_004027,CLM_000972,POL_022973,2026-09-26,388758.02,Completed,UPI,0.9154214425072447
PAY_004028,CLM_002561,POL_014403,2026-04-25,108219.31,Completed,Cheque,0.8444780909523217
PAY_004029,CLM_002146,POL_022228,2025-12-26,298983.55,Completed,Bank Transfer,0.7976626664395382
PAY_004030,CLM_006720,POL_003643,2024-09-10,153065.34,Completed,Bank Transfer,0.8694544815048842
PAY_004031,CLM_000716,POL_014285,2024-12-27,35368.77,Completed,UPI,0.8911411891870099
PAY_004032,CLM_005197,POL_001157,2024-03-26,163439.93,Completed,Bank Transfer,0.9603293442200476
PAY_004033,CLM_007318,POL_016841,2024-12-07,157271.83,Completed,UPI,0.952785995741562
PAY_004034,CLM_007037,POL_011072,2024-07-31,713603.05,Completed,UPI,0.7774990322978539
PAY_004035,CLM_003292,POL_002881,2026-09-11,684481.99,Completed,Bank Transfer,0.8915299869865758
PAY_004036,CLM_009284,POL_020229,2025-10-16,130223.92,Completed,Bank Transfer,0.7820491786148478
PAY_004037,CLM_009207,POL_018603,2026-01-13,520312.22,Completed,UPI,0.8126518122256446
PAY_004038,CLM_008705,POL_001227,2026-07-02,223179.62,Completed,Bank Transfer,0.9703747366824667
PAY_004039,CLM_001572,POL_016871,2026-07-17,252131.02,Completed,Cheque,0.8531357441993146
PAY_004040,CLM_009423,POL_002474,2025-04-13,240763.52,Completed,Cheque,0.840234631287708
PAY_004041,CLM_009185,POL_020766,2026-02-21,78998.72,Completed,UPI,0.825607887170389
PAY_004042,CLM_001014,POL_014295,2026-10-08,261633.87,Completed,Bank Transfer,0.8968945754638393
PAY_004043,CLM_001852,POL_002507,2025-04-04,260452.64,Completed,Cheque,0.8818996179173504
PAY_004044,CLM_004552,POL_009666,2024-11-23,399105.57,Completed,NEFT,0.996297300651144
PAY_004045,CLM_008327,POL_012349,2025-09-05,199209.76,Completed,UPI,0.9444293157736243
PAY_004046,CLM_008171,POL_001824,2025-01-16,115574.41,Completed,UPI,0.9810028663339743
PAY_004047,CLM_002322,POL_004914,2026-01-08,34186.66,Completed,Bank Transfer,0.7537125457667708
PAY_004048,CLM_005259,POL_011958,2026-03-13,456299.54,Completed,Bank Transfer,0.8217318562890923
PAY_004049,CLM_005283,POL_012295,2025-08-06,645096.1,Completed,Cheque,0.8228446578901566
PAY_004050,CLM_005607,POL_020231,2025-01-20,126714.24,Completed,Bank Transfer,0.8684616878722503
PAY_004051,CLM_003637,POL_004300,2026-06-04,526564.87,Completed,Bank Transfer,0.9213055949708545
PAY_004052,CLM_006998,POL_011397,2026-10-08,327920.48,Completed,UPI,0.9327992672791693
PAY_004053,CLM_007506,POL_010914,2024-07-20,197085.0,Completed,Cheque,0.9364875773854917
PAY_004054,CLM_000091,POL_007852,2024-03-22,157760.45,Completed,Bank Transfer,0.8241823372837481
PAY_004055,CLM_002472,POL_015902,2025-09-23,78703.31,Completed,UPI,0.955494408104
PAY_004056,CLM_007970,POL_000617,2026-08-02,507440.21,Completed,Bank Transfer,0.7923039902897522
PAY_004057,CLM_003231,POL_002280,2025-06-14,230635.21,Completed,UPI,0.9426908570698684
PAY_004058,CLM_007046,POL_011419,2025-05-04,347704.39,Completed,UPI,0.9116667194117457
PAY_004059,CLM_009535,POL_014041,2026-10-08,676453.26,Completed,Cheque,0.7848319612617768
PAY_004060,CLM_006006,POL_020066,2026-03-03,105031.12,Completed,Bank Transfer,0.8612642203842003
PAY_004061,CLM_007895,POL_023472,2025-11-29,111330.54,Completed,Bank Transfer,0.8040031986649553
PAY_004062,CLM_001181,POL_015181,2025-07-06,63591.23,Completed,UPI,0.986956257218889
PAY_004063,CLM_001775,POL_018803,2025-05-24,121915.43,Completed,Bank Transfer,0.8189138989111233
PAY_004064,CLM_002401,POL_018304,2026-07-19,241961.53,Completed,Bank Transfer,0.9138200548771984
PAY_004065,CLM_008392,POL_016013,2025-08-15,287209.39,Completed,Cheque,0.896591481042346
PAY_004066,CLM_004090,POL_008556,2025-02-20,617862.53,Completed,UPI,0.9092607651657162
PAY_004067,CLM_004913,POL_021666,2024-02-01,33413.12,Completed,UPI,0.8809797077192297
PAY_004068,CLM_007299,POL_003333,2026-06-13,65669.85,Completed,UPI,0.9010392641070527
PAY_004069,CLM_003368,POL_015674,2026-08-16,404860.14,Completed,Bank Transfer,0.7880494251597393
PAY_004070,CLM_005924,POL_008934,2024-09-30,442423.96,Completed,UPI,0.8533899523558749
PAY_004071,CLM_006662,POL_010954,2025-04-30,99718.15,Completed,UPI,0.9538336703984396
PAY_004072,CLM_003568,POL_023511,2024-12-24,308467.87,Completed,NEFT,0.8824889994942539
PAY_004073,CLM_007770,POL_017795,2026-03-20,130903.14,Completed,Cheque,0.9237034326861097
PAY_004074,CLM_003887,POL_018351,2025-06-03,385771.37,Completed,NEFT,0.9042454215134779
PAY_004075,CLM_008930,POL_024615,2026-07-02,232766.58,Completed,Bank Transfer,0.9686481236302303
PAY_004076,CLM_008544,POL_005111,2026-07-26,187431.83,Completed,Bank Transfer,0.8922730423109811
PAY_004077,CLM_007404,POL_004488,2026-10-08,136529.5,Completed,Bank Transfer,0.8372159392811716
PAY_004078,CLM_001663,POL_018054,2026-09-05,639743.0,Completed,Cheque,0.9129336855267154
PAY_004079,CLM_000574,POL_016552,2026-08-22,171730.45,Completed,Bank Transfer,0.780668147081985
PAY_004080,CLM_009215,POL_023453,2026-06-09,533823.58,Completed,Cheque,0.8353703336072604
PAY_004081,CLM_005920,POL_011199,2026-03-30,51536.89,Completed,Cheque,0.8181474271885811
PAY_004082,CLM_001131,POL_021202,2026-01-24,80791.02,Completed,UPI,0.7598334839218575
PAY_004083,CLM_008604,POL_008413,2025-12-25,312380.31,Completed,UPI,0.7528930304150598
PAY_004084,CLM_006684,POL_024152,2025-03-02,67737.64,Completed,Cheque,0.8957436544652275
PAY_004085,CLM_002025,POL_003921,2024-05-05,230336.18,Completed,Bank Transfer,0.8782690651682336
PAY_004086,CLM_002375,POL_006599,2026-05-20,355112.35,Completed,UPI,0.9204573407095231
PAY_004087,CLM_006182,POL_015547,2025-08-28,411757.48,Completed,Bank Transfer,0.8014419659505756
PAY_004088,CLM_009758,POL_013492,2026-08-13,58237.96,Completed,Bank Transfer,0.9607158375528339
PAY_004089,CLM_004459,POL_020686,2025-11-15,414384.1,Completed,Bank Transfer,0.9023848263221468
PAY_004090,CLM_005397,POL_005853,2025-08-02,476110.88,Completed,NEFT,0.7645815137600409
PAY_004091,CLM_004833,POL_013607,2024-08-15,80906.43,Completed,UPI,0.8744947870093476
PAY_004092,CLM_003166,POL_007355,2024-12-04,190438.46,Completed,UPI,0.9124619720588123
PAY_004093,CLM_001420,POL_022802,2025-06-08,201083.28,Completed,Cheque,0.9169023596535982
PAY_004094,CLM_003315,POL_012856,2024-06-29,157630.62,Completed,Bank Transfer,0.7630322471465426
PAY_004095,CLM_005390,POL_023901,2025-04-21,87453.14,Completed,UPI,0.9931195017705737
PAY_004096,CLM_001881,POL_008423,2025-06-07,343162.03,Completed,UPI,0.7663522309637433
PAY_004097,CLM_009413,POL_024543,2024-05-28,57354.2,Completed,Bank Transfer,0.7703492979388117
PAY_004098,CLM_006593,POL_020151,2024-05-20,287597.02,Completed,UPI,0.7574457211827106
PAY_004099,CLM_005823,POL_012452,2026-10-08,412724.86,Completed,Cheque,0.9178948376940756
PAY_004100,CLM_002808,POL_014145,2025-09-15,66096.99,Completed,Bank Transfer,0.9420693602715677
PAY_004101,CLM_007839,POL_018344,2024-03-20,448447.05,Completed,Cheque,0.9200730589387763
PAY_004102,CLM_000611,POL_015472,2025-10-06,47652.07,Completed,Bank Transfer,0.8916652289618249
PAY_004103,CLM_009401,POL_009511,2026-09-27,77335.47,Completed,UPI,0.8976005710438961
PAY_004104,CLM_002723,POL_006292,2024-11-20,104849.07,Completed,Cheque,0.8607932651791382
PAY_004105,CLM_009079,POL_015537,2026-10-08,136710.21,Completed,UPI,0.7821864420423965
PAY_004106,CLM_005572,POL_020831,2026-10-08,131447.39,Completed,Cheque,0.8350739682486441
PAY_004107,CLM_005159,POL_017881,2026-08-07,1370819.11,Completed,Bank Transfer,0.8447147487110948
PAY_004108,CLM_001215,POL_005338,2026-10-04,46570.28,Completed,NEFT,0.8135736176625299
PAY_004109,CLM_009466,POL_015150,2026-10-08,86520.83,Completed,Cheque,0.9825664270765999
PAY_004110,CLM_000194,POL_006136,2026-06-06,715529.18,Completed,Bank Transfer,0.9406105992540205
PAY_004111,CLM_008292,POL_018699,2026-09-03,408921.09,Completed,Bank Transfer,0.9979152967595538
PAY_004112,CLM_001999,POL_017330,2025-10-24,184404.87,Completed,Bank Transfer,0.9224581820830337
PAY_004113,CLM_005230,POL_021021,2025-02-17,773728.32,Completed,UPI,0.9470078133057059
PAY_004114,CLM_007971,POL_022318,2025-05-06,92014.9,Completed,Cheque,0.956744376735703
PAY_004115,CLM_009800,POL_022627,2024-10-08,38852.79,Completed,Bank Transfer,0.9285764475431417
PAY_004116,CLM_005425,POL_017277,2026-07-03,274849.83,Completed,Bank Transfer,0.7981503866102313
PAY_004117,CLM_001656,POL_019611,2025-06-03,251229.1,Completed,Bank Transfer,0.788719986040771
PAY_004118,CLM_003214,POL_001772,2025-10-15,338160.46,Completed,NEFT,0.8139591885327037
PAY_004119,CLM_002557,POL_021422,2026-04-14,306727.91,Completed,UPI,0.7579916546460425
PAY_004120,CLM_005598,POL_000915,2024-11-14,511816.87,Completed,Cheque,0.8812479223216064
PAY_004121,CLM_006475,POL_002563,2024-12-01,366478.89,Completed,Bank Transfer,0.9304749443066608
PAY_004122,CLM_000664,POL_010904,2026-08-15,125186.95,Completed,Bank Transfer,0.8391174459910974
PAY_004123,CLM_009149,POL_008504,2026-02-21,64623.42,Completed,Bank Transfer,0.797160816894869
PAY_004124,CLM_001371,POL_023810,2026-09-09,401555.5,Completed,Cheque,0.834882208684469
PAY_004125,CLM_005273,POL_005752,2024-09-05,19810.26,Completed,Cheque,0.7504810251261992
PAY_004126,CLM_001934,POL_005979,2025-05-15,35363.35,Completed,NEFT,0.8932642735716324
PAY_004127,CLM_007983,POL_015486,2025-06-22,70577.2,Completed,UPI,0.9912805147222514
PAY_004128,CLM_002295,POL_015350,2026-06-22,703302.11,Completed,UPI,0.9555976037167785
PAY_004129,CLM_003189,POL_011131,2025-02-01,92505.61,Completed,Cheque,0.9074731720601148
PAY_004130,CLM_000937,POL_003958,2026-10-08,34586.61,Completed,Bank Transfer,0.9706838224274358
PAY_004131,CLM_009632,POL_015533,2024-09-18,94442.18,Completed,Bank Transfer,0.8958990135282939
PAY_004132,CLM_005457,POL_015492,2026-09-05,231383.45,Completed,UPI,0.7645928218962796
PAY_004133,CLM_006891,POL_001077,2024-03-13,770689.55,Completed,UPI,0.913568199685791
PAY_004134,CLM_008951,POL_003922,2026-08-24,29978.63,Completed,Bank Transfer,0.9523080866976684
PAY_004135,CLM_001548,POL_018845,2024-12-28,412304.83,Completed,Bank Transfer,0.8225251673693426
PAY_004136,CLM_000214,POL_011935,2026-07-24,565799.51,Completed,Bank Transfer,0.9351326449122584
PAY_004137,CLM_003267,POL_004293,2026-04-12,206578.05,Completed,UPI,0.7847254846090282
PAY_004138,CLM_006371,POL_018108,2026-10-08,218072.31,Completed,UPI,0.8992890631739854
PAY_004139,CLM_001578,POL_016400,2025-03-24,168115.36,Completed,Bank Transfer,0.8979018149418788
PAY_004140,CLM_004194,POL_012938,2026-05-06,78042.96,Completed,Bank Transfer,0.9025667358253593
PAY_004141,CLM_008477,POL_021267,2026-10-06,144225.35,Completed,Cheque,0.8670420864123097
PAY_004142,CLM_001341,POL_021912,2025-01-18,229886.48,Completed,Bank Transfer,0.9806970909678843
PAY_004143,CLM_004151,POL_021745,2025-05-29,61959.77,Completed,UPI,0.8253523445701644
PAY_004144,CLM_006430,POL_022009,2026-09-30,138315.72,Completed,NEFT,0.7896005161105583
PAY_004145,CLM_009177,POL_006022,2025-06-22,181083.78,Completed,Bank Transfer,0.8895198009812217
PAY_004146,CLM_004618,POL_008234,2025-01-29,52312.17,Completed,UPI,0.7680104260688129
PAY_004147,CLM_009541,POL_011163,2026-09-04,161314.67,Completed,Bank Transfer,0.9122133582147579
PAY_004148,CLM_007434,POL_017785,2025-01-24,192449.42,Completed,Bank Transfer,0.8724732653801022
PAY_004149,CLM_008864,POL_024256,2026-10-08,128106.95,Completed,Bank Transfer,0.8991879671171955
PAY_004150,CLM_008657,POL_012283,2025-04-24,86811.19,Completed,Bank Transfer,0.811956653089658
PAY_004151,CLM_009314,POL_007106,2023-12-30,77939.14,Completed,Cheque,0.7984385508497973
PAY_004152,CLM_002432,POL_018025,2024-11-05,155900.38,Completed,Bank Transfer,0.795046773777922
PAY_004153,CLM_009753,POL_007194,2024-03-26,133909.42,Completed,Cheque,0.8515948250588603
PAY_004154,CLM_009946,POL_003957,2024-03-07,589715.74,Completed,UPI,0.8331979887812752
PAY_004155,CLM_006747,POL_001622,2024-07-08,176019.3,Completed,UPI,0.9731342128359467
PAY_004156,CLM_005458,POL_010886,2026-05-18,496109.04,Completed,UPI,0.9157788947988766
PAY_004157,CLM_009119,POL_017738,2026-07-30,828635.89,Completed,NEFT,0.9763166743800905
PAY_004158,CLM_009105,POL_020308,2024-08-11,163673.54,Completed,Bank Transfer,0.8708709414950414
PAY_004159,CLM_001428,POL_002366,2026-10-08,336209.54,Completed,Bank Transfer,0.8652769799900467
PAY_004160,CLM_002605,POL_021940,2026-08-15,325187.3,Completed,Bank Transfer,0.9220171813213912
PAY_004161,CLM_000861,POL_011358,2025-05-17,56852.31,Completed,Bank Transfer,0.9471195574490883
PAY_004162,CLM_009525,POL_021804,2026-04-04,145162.24,Completed,UPI,0.8038484453420011
PAY_004163,CLM_006928,POL_004224,2026-09-11,56959.34,Completed,Bank Transfer,0.961879022722291
PAY_004164,CLM_009869,POL_022510,2025-08-24,70696.54,Completed,Cheque,0.8027496486237109
PAY_004165,CLM_009940,POL_002218,2026-01-01,108933.69,Completed,Bank Transfer,0.9932365009936588
PAY_004166,CLM_006342,POL_021434,2026-08-08,346245.24,Completed,UPI,0.8746023725099539
PAY_004167,CLM_007956,POL_008728,2026-04-29,433341.06,Completed,UPI,0.8220874596170965
PAY_004168,CLM_005070,POL_021186,2025-02-14,373199.05,Completed,Bank Transfer,0.8127125508964708
PAY_004169,CLM_002021,POL_016981,2024-10-17,229890.99,Completed,NEFT,0.9779531620774802
PAY_004170,CLM_000372,POL_009703,2024-12-21,547415.43,Completed,UPI,0.7629291522760877
PAY_004171,CLM_005059,POL_024877,2026-01-25,182513.28,Completed,Bank Transfer,0.8727374970323106
PAY_004172,CLM_007153,POL_021987,2024-10-23,108277.72,Completed,UPI,0.9790580427812525
PAY_004173,CLM_009137,POL_022966,2026-07-30,494654.81,Completed,Bank Transfer,0.814763167377032
PAY_004174,CLM_007049,POL_024527,2025-02-23,34113.55,Completed,Cheque,0.760073321283938
PAY_004175,CLM_005503,POL_014176,2025-08-21,42991.04,Completed,Cheque,0.9478480137453378
PAY_004176,CLM_008331,POL_018151,2024-08-27,166510.23,Completed,Bank Transfer,0.9727611481217984
PAY_004177,CLM_003410,POL_019149,2026-07-30,144445.95,Completed,Bank Transfer,0.91581261866034
PAY_004178,CLM_007221,POL_004986,2025-02-20,223233.04,Completed,UPI,0.859009298669229
PAY_004179,CLM_005289,POL_020622,2026-03-03,138624.67,Completed,NEFT,0.9762643084243379
PAY_004180,CLM_000349,POL_000879,2026-01-26,649605.44,Completed,Bank Transfer,0.7709235149640506
PAY_004181,CLM_002286,POL_006366,2025-08-06,138905.1,Completed,UPI,0.8675339314163723
PAY_004182,CLM_009709,POL_017943,2025-06-05,92149.63,Completed,Bank Transfer,0.9624560221632109
PAY_004183,CLM_009282,POL_009679,2025-06-20,684462.89,Completed,Bank Transfer,0.8172630331685649
PAY_004184,CLM_001333,POL_009760,2025-01-20,130796.44,Completed,Bank Transfer,0.8973022025938502
PAY_004185,CLM_006171,POL_023682,2026-07-10,58445.85,Completed,Bank Transfer,0.8030093900377447
PAY_004186,CLM_000984,POL_004918,2026-09-22,51674.92,Completed,UPI,0.8016463910963825
PAY_004187,CLM_005134,POL_020746,2025-04-18,129247.28,Completed,NEFT,0.9641452029503091
PAY_004188,CLM_002729,POL_005642,2026-08-18,125559.49,Completed,UPI,0.8059212344226815
PAY_004189,CLM_006958,POL_017801,2025-10-17,58603.69,Completed,UPI,0.8026773493646853
PAY_004190,CLM_005629,POL_003808,2025-08-23,121673.65,Completed,Cheque,0.9595628209306967
PAY_004191,CLM_003848,POL_007347,2026-10-08,141938.01,Completed,Cheque,0.8448979744903189
PAY_004192,CLM_003679,POL_014374,2025-08-25,627722.14,Completed,Bank Transfer,0.8883515756695298
PAY_004193,CLM_002548,POL_006379,2024-11-27,219017.1,Completed,Bank Transfer,0.928395440823693
PAY_004194,CLM_004297,POL_018666,2024-12-26,24564.17,Completed,Cheque,0.8773428596021839
PAY_004195,CLM_003282,POL_024019,2026-07-04,669875.16,Completed,NEFT,0.9562294606992748
PAY_004196,CLM_005968,POL_012577,2025-04-07,101782.56,Completed,UPI,0.7585188135209993
PAY_004197,CLM_005252,POL_022712,2025-11-24,237619.42,Completed,UPI,0.758537526375061
PAY_004198,CLM_001007,POL_023566,2025-07-01,287810.03,Completed,Bank Transfer,0.8395059909849301
PAY_004199,CLM_000897,POL_019093,2024-09-16,81825.01,Completed,NEFT,0.9682697480262445
PAY_004200,CLM_004554,POL_011858,2026-10-08,133592.42,Completed,Bank Transfer,0.9582251114699241
PAY_004201,CLM_003228,POL_002800,2026-07-25,289707.92,Completed,NEFT,0.8512658038156586
PAY_004202,CLM_009571,POL_014009,2026-05-22,116069.11,Completed,UPI,0.8705232434563256
PAY_004203,CLM_007611,POL_021600,2026-05-26,555715.33,Completed,Bank Transfer,0.8740624063656789
PAY_004204,CLM_002716,POL_013764,2025-02-09,77653.97,Completed,Bank Transfer,0.9870130216777144
PAY_004205,CLM_006833,POL_019756,2025-03-11,76798.34,Completed,Bank Transfer,0.9916006510618749
PAY_004206,CLM_000363,POL_005662,2025-02-16,413988.5,Completed,Bank Transfer,0.7598173700690888
PAY_004207,CLM_004170,POL_003019,2026-02-02,52064.06,Completed,Bank Transfer,0.7970575163965031
PAY_004208,CLM_004021,POL_006755,2025-02-20,478135.27,Completed,UPI,0.9013128280720007
PAY_004209,CLM_004752,POL_013973,2026-09-23,130714.62,Completed,Cheque,0.845830554116877
PAY_004210,CLM_005019,POL_014202,2025-11-04,116100.15,Completed,UPI,0.9522465772480125
PAY_004211,CLM_003251,POL_023446,2026-04-15,380675.77,Completed,Bank Transfer,0.904972741161227
PAY_004212,CLM_000701,POL_014235,2026-10-08,83382.46,Completed,Bank Transfer,0.7592094220773008
PAY_004213,CLM_003153,POL_024314,2026-10-08,558240.27,Completed,Bank Transfer,0.7581705488233199
PAY_004214,CLM_006331,POL_024927,2024-09-12,155530.59,Completed,Bank Transfer,0.8304240747638322
PAY_004215,CLM_003628,POL_024426,2025-09-27,52363.61,Completed,Bank Transfer,0.9417232887616239
PAY_004216,CLM_000010,POL_001125,2026-06-28,64572.55,Completed,Cheque,0.9163093645900221
PAY_004217,CLM_005209,POL_007579,2025-12-21,44882.72,Completed,UPI,0.7840307779811103
PAY_004218,CLM_008495,POL_016574,2026-01-27,120854.66,Completed,Bank Transfer,0.7935986343669265
PAY_004219,CLM_003446,POL_005207,2026-08-27,855985.71,Completed,Bank Transfer,0.9631360390481671
PAY_004220,CLM_002594,POL_019060,2024-03-19,413243.57,Completed,Bank Transfer,0.873758709443063
PAY_004221,CLM_003239,POL_001129,2026-10-08,388403.3,Completed,Cheque,0.8116022105566192
PAY_004222,CLM_001463,POL_000777,2024-11-21,182520.09,Completed,UPI,0.8902915249673676
PAY_004223,CLM_006754,POL_004581,2026-01-23,28753.86,Completed,Cheque,0.7969895302107181
PAY_004224,CLM_001543,POL_003468,2026-04-01,412600.92,Completed,UPI,0.9531128652209012
PAY_004225,CLM_002845,POL_014210,2024-11-23,101774.72,Completed,UPI,0.9323352242392619
PAY_004226,CLM_005642,POL_013023,2026-07-02,218700.24,Completed,Cheque,0.9909117587930408
PAY_004227,CLM_007092,POL_008203,2025-11-27,170856.29,Completed,Cheque,0.9639142085314523
PAY_004228,CLM_005506,POL_024139,2024-12-01,66434.65,Completed,UPI,0.8428032645652483
PAY_004229,CLM_008933,POL_003428,2024-07-28,415135.18,Completed,Bank Transfer,0.9687759019412101
PAY_004230,CLM_004340,POL_022570,2025-09-19,369980.81,Completed,Cheque,0.8878048496047768
PAY_004231,CLM_001124,POL_016147,2024-08-01,215604.89,Completed,NEFT,0.9109837387175365
PAY_004232,CLM_009694,POL_007771,2024-03-08,379615.32,Completed,Bank Transfer,0.764814304496552
PAY_004233,CLM_002499,POL_005092,2025-05-11,234261.61,Completed,Bank Transfer,0.9985735918018123
PAY_004234,CLM_003981,POL_024619,2026-07-17,239308.81,Completed,UPI,0.9071401660395828
PAY_004235,CLM_001580,POL_024113,2025-11-20,39582.0,Completed,UPI,0.9546130708336308
PAY_004236,CLM_007902,POL_001771,2024-12-27,110045.47,Completed,UPI,0.9418528090065547
PAY_004237,CLM_009078,POL_023218,2026-08-30,254564.05,Completed,Bank Transfer,0.9682560759232137
PAY_004238,CLM_008135,POL_003358,2025-09-18,87604.66,Completed,UPI,0.8429965818114495
PAY_004239,CLM_003703,POL_010863,2025-12-31,592364.23,Completed,Bank Transfer,0.8588683592682341
PAY_004240,CLM_008235,POL_023607,2025-08-06,76673.0,Completed,UPI,0.7913220743695989
PAY_004241,CLM_003257,POL_010783,2024-09-28,134873.4,Completed,Bank Transfer,0.8624614837237599
PAY_004242,CLM_002468,POL_011737,2026-06-03,51010.7,Completed,UPI,0.7701984838123894
PAY_004243,CLM_000893,POL_005260,2026-10-08,23395.46,Completed,Bank Transfer,0.9355089336447503
PAY_004244,CLM_000484,POL_011733,2024-11-07,179948.79,Completed,UPI,0.7590668177751992
PAY_004245,CLM_007816,POL_003119,2025-08-24,455743.72,Completed,Bank Transfer,0.8220562229990492
PAY_004246,CLM_005342,POL_001681,2025-11-07,148294.24,Completed,UPI,0.9774309480499329
PAY_004247,CLM_004576,POL_008100,2025-11-15,228470.36,Completed,Bank Transfer,0.7611657428047429
PAY_004248,CLM_000136,POL_009516,2024-08-19,705360.74,Completed,Bank Transfer,0.7681568144708848
PAY_004249,CLM_007732,POL_019230,2025-11-11,159430.4,Completed,Bank Transfer,0.7825940677623742
PAY_004250,CLM_002204,POL_018352,2025-04-19,402006.22,Completed,Bank Transfer,0.8334646987445955
PAY_004251,CLM_005114,POL_015245,2024-12-28,23501.4,Completed,Cheque,0.9005285596156544
PAY_004252,CLM_005198,POL_015712,2026-06-19,288145.11,Completed,UPI,0.8184995630049985
PAY_004253,CLM_007980,POL_022826,2024-07-20,39488.57,Completed,UPI,0.9241441820103403
PAY_004254,CLM_002177,POL_022821,2026-09-29,195927.77,Completed,Bank Transfer,0.9023267288909074
PAY_004255,CLM_009520,POL_004145,2025-01-26,34944.03,Completed,UPI,0.8114011704749052
PAY_004256,CLM_005223,POL_000301,2024-08-16,343700.72,Completed,Bank Transfer,0.9716635843670088
PAY_004257,CLM_002978,POL_022307,2024-10-14,203722.85,Completed,Bank Transfer,0.9996408173759993
PAY_004258,CLM_000831,POL_000919,2025-06-28,379665.05,Completed,UPI,0.9294671919655697
PAY_004259,CLM_009097,POL_024278,2026-06-24,516758.85,Completed,UPI,0.9059068903544315
PAY_004260,CLM_008337,POL_016453,2026-03-23,225165.96,Completed,Cheque,0.8324962498729992
PAY_004261,CLM_004364,POL_018338,2024-09-08,543460.28,Completed,UPI,0.8200440846274315
PAY_004262,CLM_006330,POL_004588,2026-10-08,498448.74,Completed,Bank Transfer,0.9739764633386087
PAY_004263,CLM_007236,POL_024461,2025-04-12,214446.04,Completed,UPI,0.918771121254364
PAY_004264,CLM_007087,POL_004973,2026-09-02,37679.88,Completed,UPI,0.7529150072544231
PAY_004265,CLM_006673,POL_020913,2025-05-21,174069.88,Completed,Bank Transfer,0.7699143774300066
PAY_004266,CLM_000531,POL_014057,2026-03-21,245067.25,Completed,Bank Transfer,0.9457852535114607
PAY_004267,CLM_002765,POL_005771,2026-08-25,54567.22,Completed,UPI,0.7800418616632421
PAY_004268,CLM_009492,POL_011553,2025-08-01,750191.06,Completed,Bank Transfer,0.9595004756951042
PAY_004269,CLM_008654,POL_015689,2026-10-08,114375.31,Completed,Bank Transfer,0.7920275878994163
PAY_004270,CLM_005224,POL_004329,2026-09-06,111997.95,Completed,Bank Transfer,0.8238366037302828
PAY_004271,CLM_005202,POL_021556,2026-02-15,349522.13,Completed,Cheque,0.967752271990335
PAY_004272,CLM_003358,POL_018575,2025-10-19,132854.66,Completed,UPI,0.9560983803318786
PAY_004273,CLM_006054,POL_018595,2025-01-22,171971.51,Completed,Bank Transfer,0.8697710262024503
PAY_004274,CLM_006218,POL_019021,2024-03-14,47921.7,Completed,Cheque,0.83631364209175
PAY_004275,CLM_009025,POL_004568,2025-04-17,503083.42,Completed,UPI,0.7960703306297751
PAY_004276,CLM_005322,POL_012340,2026-05-03,645349.34,Completed,UPI,0.9928245946295419
PAY_004277,CLM_006147,POL_010625,2025-02-14,138975.77,Completed,UPI,0.7715654327721093
PAY_004278,CLM_006878,POL_008672,2026-01-26,463357.73,Completed,Cheque,0.7837179928805392
PAY_004279,CLM_007639,POL_004768,2025-11-14,397726.01,Completed,NEFT,0.8784246575720654
PAY_004280,CLM_001704,POL_021052,2026-09-28,209027.89,Completed,UPI,0.8805814145609187
PAY_004281,CLM_006977,POL_021597,2026-05-02,589258.66,Completed,NEFT,0.9987729807208885
PAY_004282,CLM_002057,POL_018592,2026-02-03,45941.51,Completed,UPI,0.8064503728086652
PAY_004283,CLM_008981,POL_018118,2026-09-27,348322.94,Completed,NEFT,0.9572889537421885
PAY_004284,CLM_008812,POL_021432,2024-08-05,196824.13,Completed,UPI,0.7812086236922561
PAY_004285,CLM_006554,POL_022641,2025-04-05,133698.56,Completed,Bank Transfer,0.9058401232552057
PAY_004286,CLM_001264,POL_009640,2025-09-12,411686.54,Completed,Cheque,0.7768695300921674
PAY_004287,CLM_003272,POL_006190,2024-11-28,689400.93,Completed,UPI,0.9615806238446036
PAY_004288,CLM_003770,POL_000319,2026-06-08,65529.6,Completed,Cheque,0.8924950284604551
PAY_004289,CLM_008683,POL_009373,2026-05-14,700323.96,Completed,Bank Transfer,0.8373814172229678
PAY_004290,CLM_001216,POL_000778,2026-04-25,43028.2,Completed,Bank Transfer,0.7911419286725285
PAY_004291,CLM_000850,POL_017830,2025-03-09,209056.92,Completed,Bank Transfer,0.7947215056153456
PAY_004292,CLM_000282,POL_015538,2025-02-04,177190.59,Completed,Bank Transfer,0.8624517856790842
PAY_004293,CLM_002346,POL_015172,2025-10-30,32120.84,Completed,UPI,0.7636460721398434
PAY_004294,CLM_002879,POL_002957,2025-10-08,70965.74,Completed,UPI,0.8993183297704404
PAY_004295,CLM_004625,POL_018468,2025-09-06,43159.2,Completed,UPI,0.8648292511674209
PAY_004296,CLM_006163,POL_002663,2026-10-03,26560.35,Completed,UPI,0.8647270252935833
PAY_004297,CLM_001304,POL_014590,2026-09-30,687438.89,Completed,UPI,0.7579128226412996
PAY_004298,CLM_000922,POL_004404,2026-08-22,928881.08,Completed,NEFT,0.9974616344752785
PAY_004299,CLM_007079,POL_019392,2025-03-28,227458.31,Completed,UPI,0.7531089233508477
PAY_004300,CLM_006415,POL_004464,2025-03-28,169348.79,Completed,Bank Transfer,0.8223322762795917
PAY_004301,CLM_002815,POL_013677,2026-08-17,98751.39,Completed,UPI,0.8861990993472193
PAY_004302,CLM_000223,POL_001009,2025-03-09,405481.41,Completed,NEFT,0.889401875151293
PAY_004303,CLM_009878,POL_005643,2025-07-25,46024.5,Completed,Cheque,0.9590073806343208
PAY_004304,CLM_008993,POL_020497,2024-07-23,197795.44,Completed,UPI,0.886241116549756
PAY_004305,CLM_006362,POL_007710,2024-05-24,43893.33,Completed,UPI,0.8370216190343612
PAY_004306,CLM_001266,POL_020130,2024-01-04,113474.25,Completed,Bank Transfer,0.8014763082814327
PAY_004307,CLM_002070,POL_001148,2026-08-02,206423.8,Completed,UPI,0.9190804253587261
PAY_004308,CLM_008446,POL_014440,2025-01-12,159663.17,Completed,UPI,0.9561949705478513
PAY_004309,CLM_006237,POL_000533,2026-02-14,264596.5,Completed,Bank Transfer,0.9839371438061378
PAY_004310,CLM_008827,POL_009725,2026-09-16,183251.49,Completed,Bank Transfer,0.9873937913722043
PAY_004311,CLM_004073,POL_010083,2026-03-17,210885.23,Completed,Cheque,0.9998178013789444
PAY_004312,CLM_002660,POL_016613,2026-10-03,155533.58,Completed,NEFT,0.8143738039994557
PAY_004313,CLM_003791,POL_013436,2025-04-10,356030.15,Completed,Cheque,0.96807483433115
PAY_004314,CLM_004814,POL_000287,2025-05-03,406853.86,Completed,Bank Transfer,0.7926289731087903
PAY_004315,CLM_009184,POL_003310,2023-12-05,77785.72,Completed,Cheque,0.8049375531118307
PAY_004316,CLM_006603,POL_020141,2026-05-11,139810.57,Completed,UPI,0.996851456690578
PAY_004317,CLM_004740,POL_015509,2024-04-16,137586.74,Completed,UPI,0.79717945097433
PAY_004318,CLM_008214,POL_020168,2026-05-07,384357.92,Completed,Bank Transfer,0.9444774908510927
PAY_004319,CLM_007526,POL_003810,2026-03-26,346692.81,Completed,UPI,0.9270713193616216
PAY_004320,CLM_006959,POL_005383,2026-10-08,133184.62,Completed,Bank Transfer,0.799040584610081
PAY_004321,CLM_002988,POL_008289,2026-01-04,218866.38,Completed,Bank Transfer,0.7973667045458852
PAY_004322,CLM_002865,POL_008756,2026-07-06,757437.22,Completed,Cheque,0.8307670229689432
PAY_004323,CLM_000791,POL_016053,2026-10-04,311124.68,Completed,Bank Transfer,0.8814582054940209
PAY_004324,CLM_002090,POL_002445,2026-10-05,1077866.1,Completed,UPI,0.9082122283116982
PAY_004325,CLM_006916,POL_008879,2023-11-03,77488.64,Completed,NEFT,0.8216622341652284
PAY_004326,CLM_003709,POL_001603,2026-06-10,60991.46,Completed,UPI,0.9122945311054474
PAY_004327,CLM_002718,POL_003827,2024-04-20,49423.07,Completed,Cheque,0.9834266489281474
PAY_004328,CLM_007894,POL_002760,2024-04-05,242116.15,Completed,Bank Transfer,0.9560322042507703
PAY_004329,CLM_003938,POL_012909,2024-06-24,269667.18,Completed,UPI,0.9658770380220414
PAY_004330,CLM_002693,POL_002303,2026-10-08,871606.63,Completed,Bank Transfer,0.8070359275476878
PAY_004331,CLM_009647,POL_002332,2026-10-06,743858.62,Completed,UPI,0.912203807600156
PAY_004332,CLM_002989,POL_008236,2026-02-27,67256.37,Completed,Bank Transfer,0.9361813099395082
PAY_004333,CLM_008712,POL_013373,2026-04-10,22806.15,Completed,UPI,0.7500468652877859
PAY_004334,CLM_008992,POL_008749,2026-01-22,25913.85,Completed,NEFT,0.8105466764547556
PAY_004335,CLM_001212,POL_005360,2024-11-25,60760.51,Completed,NEFT,0.9265021300526042
PAY_004336,CLM_004945,POL_003235,2026-08-20,178270.44,Completed,NEFT,0.7984350764871326
PAY_004337,CLM_007976,POL_022218,2026-06-05,136204.58,Completed,UPI,0.9703971148969257
PAY_004338,CLM_003097,POL_009419,2026-09-19,134093.83,Completed,Bank Transfer,0.9804237438702418
PAY_004339,CLM_008619,POL_013253,2024-11-14,180029.83,Completed,Cheque,0.9001739948022565
PAY_004340,CLM_008539,POL_018401,2024-10-02,269606.16,Completed,Bank Transfer,0.9153182892304398
PAY_004341,CLM_000575,POL_001535,2024-07-18,76733.84,Completed,Bank Transfer,0.8527877306068015
PAY_004342,CLM_002875,POL_022734,2026-01-28,550417.23,Completed,Bank Transfer,0.9797830656598405
PAY_004343,CLM_009588,POL_006368,2026-05-16,27532.68,Completed,Cheque,0.7652804940012075
PAY_004344,CLM_001859,POL_007472,2024-06-15,80482.72,Completed,Cheque,0.8291348638912123
PAY_004345,CLM_007036,POL_021230,2024-11-08,231978.45,Completed,UPI,0.9821641474074048
PAY_004346,CLM_007310,POL_003166,2026-08-05,877244.1,Completed,Bank Transfer,0.7801286811460888
PAY_004347,CLM_006048,POL_000057,2025-08-02,51558.87,Completed,Bank Transfer,0.9462869444961913
PAY_004348,CLM_002626,POL_001714,2026-10-08,46644.83,Completed,Bank Transfer,0.8192326565996724
PAY_004349,CLM_001473,POL_018275,2026-05-31,75978.44,Completed,UPI,0.7816096778391414
PAY_004350,CLM_001917,POL_011396,2026-05-03,99904.03,Completed,UPI,0.9428762719704196
PAY_004351,CLM_006186,POL_004246,2024-08-20,104127.21,Completed,Cheque,0.8993327502873053
PAY_004352,CLM_000688,POL_002867,2024-11-04,453308.08,Completed,Bank Transfer,0.791058962840192
PAY_004353,CLM_004006,POL_004053,2025-10-21,101684.25,Completed,Bank Transfer,0.9141292056119505
PAY_004354,CLM_007513,POL_021731,2026-10-07,53704.41,Completed,Bank Transfer,0.8147400001911524
PAY_004355,CLM_002363,POL_018661,2025-01-04,182872.43,Completed,UPI,0.8895516645247403
PAY_004356,CLM_009278,POL_015144,2025-05-01,25332.22,Completed,Bank Transfer,0.7521168318377921
PAY_004357,CLM_008576,POL_000027,2026-08-29,525275.97,Completed,Bank Transfer,0.9539923801344454
PAY_004358,CLM_003593,POL_003275,2026-08-22,1006672.99,Completed,Bank Transfer,0.9597283298192084
PAY_004359,CLM_001753,POL_017346,2025-04-11,301525.67,Completed,Bank Transfer,0.8259533312820024
PAY_004360,CLM_006492,POL_021220,2026-01-02,25014.43,Completed,Bank Transfer,0.8059663165098463
PAY_004361,CLM_007697,POL_024408,2026-10-08,226589.37,Completed,Bank Transfer,0.7996779468897173
PAY_004362,CLM_007809,POL_001104,2024-10-18,236042.64,Completed,Bank Transfer,0.8610945043931963
PAY_004363,CLM_001253,POL_024055,2026-06-11,222383.68,Completed,Cheque,0.986755649213506
PAY_004364,CLM_004240,POL_019519,2025-02-20,427157.59,Completed,Bank Transfer,0.8675540548774296
PAY_004365,CLM_000786,POL_008185,2025-08-09,581556.25,Completed,UPI,0.9831985174225623
PAY_004366,CLM_001645,POL_012921,2025-11-10,33532.28,Completed,NEFT,0.8572123906700322
PAY_004367,CLM_009679,POL_000828,2024-10-21,89475.93,Completed,Bank Transfer,0.8317249456793279
PAY_004368,CLM_004822,POL_011894,2026-05-22,313654.38,Completed,Cheque,0.7683724059066227
PAY_004369,CLM_007177,POL_015437,2026-07-01,166021.68,Completed,UPI,0.7531325314759216
PAY_004370,CLM_004226,POL_021094,2024-11-24,149504.53,Completed,Cheque,0.9612845535961948
PAY_004371,CLM_005906,POL_012005,2026-08-30,267991.52,Completed,Bank Transfer,0.9752884297545024
PAY_004372,CLM_004635,POL_002235,2023-12-18,300167.23,Completed,Bank Transfer,0.9177583741294254
PAY_004373,CLM_008031,POL_003594,2026-09-11,92766.18,Completed,Bank Transfer,0.9089952195680816
PAY_004374,CLM_009873,POL_018588,2026-01-17,287152.34,Completed,Bank Transfer,0.8306874353322407
PAY_004375,CLM_003669,POL_004729,2026-03-10,59405.11,Completed,UPI,0.7908695968216699
PAY_004376,CLM_004010,POL_008136,2026-10-06,117599.58,Completed,NEFT,0.9042632473500993
PAY_004377,CLM_007765,POL_014517,2025-03-18,197344.97,Completed,Bank Transfer,0.9445581224376682
PAY_004378,CLM_008684,POL_013602,2025-05-06,187000.21,Completed,UPI,0.8758009764654744
PAY_004379,CLM_005110,POL_011843,2026-10-08,342694.4,Completed,Bank Transfer,0.8975618239529563
PAY_004380,CLM_006529,POL_017625,2026-03-15,494397.83,Completed,UPI,0.9262620422556453
PAY_004381,CLM_008536,POL_003787,2024-03-10,197041.45,Completed,Bank Transfer,0.7978147309186767
PAY_004382,CLM_003748,POL_022130,2026-04-13,70860.56,Completed,UPI,0.9394860921757708
PAY_004383,CLM_008030,POL_024512,2025-06-24,560250.13,Completed,Cheque,0.9653620092910106
PAY_004384,CLM_006372,POL_000318,2025-01-10,233522.3,Completed,NEFT,0.9764143401373924
PAY_004385,CLM_001564,POL_006836,2026-04-19,399381.02,Completed,Bank Transfer,0.8669484361278272
PAY_004386,CLM_006092,POL_018936,2026-05-14,411374.76,Completed,Bank Transfer,0.8326701014695262
PAY_004387,CLM_002973,POL_012440,2025-01-17,43401.63,Completed,Bank Transfer,0.8321314534259712
PAY_004388,CLM_003481,POL_015433,2024-12-27,88584.11,Completed,Bank Transfer,0.8538061234855957
PAY_004389,CLM_002891,POL_002193,2026-05-14,70139.35,Completed,Bank Transfer,0.7688283578621156
PAY_004390,CLM_007687,POL_015625,2026-05-13,103568.78,Completed,Bank Transfer,0.9114170030509994
PAY_004391,CLM_000319,POL_000289,2025-10-14,158304.34,Completed,Cheque,0.7671406655109312
PAY_004392,CLM_001466,POL_006877,2026-08-26,226326.78,Completed,Bank Transfer,0.7557122733753332
PAY_004393,CLM_002753,POL_023801,2026-06-29,699876.71,Completed,NEFT,0.8073171669429311
PAY_004394,CLM_007074,POL_014837,2026-05-05,134129.74,Completed,NEFT,0.7866097219473217
PAY_004395,CLM_002035,POL_010488,2026-10-02,451793.36,Completed,Bank Transfer,0.76435490348744
PAY_004396,CLM_003108,POL_010639,2025-02-16,122549.27,Completed,Bank Transfer,0.8592632672826709
PAY_004397,CLM_001017,POL_023552,2024-09-24,564590.57,Completed,Cheque,0.9311402684156431
PAY_004398,CLM_001636,POL_010530,2026-10-08,109807.02,Completed,Cheque,0.8453224287039595
PAY_004399,CLM_005541,POL_024614,2025-09-09,367314.95,Completed,UPI,0.7691687939750381
PAY_004400,CLM_002543,POL_013890,2024-01-20,192820.13,Completed,UPI,0.8183746069251626
PAY_004401,CLM_007714,POL_019837,2026-04-11,217444.57,Completed,Bank Transfer,0.7742825725168723
PAY_004402,CLM_003755,POL_014668,2025-12-17,113401.24,Completed,UPI,0.942552549015729
PAY_004403,CLM_004970,POL_012129,2026-04-09,346691.54,Completed,Bank Transfer,0.9402333045054979
PAY_004404,CLM_001500,POL_000821,2026-05-31,114820.25,Completed,Cheque,0.7871921605100654
PAY_004405,CLM_003213,POL_020090,2025-03-09,242441.34,Completed,Cheque,0.9853802472102318
PAY_004406,CLM_006675,POL_021643,2025-09-25,78860.61,Completed,Bank Transfer,0.9250625374271473
PAY_004407,CLM_009885,POL_019028,2025-03-02,130932.88,Completed,Bank Transfer,0.9688758172420583
PAY_004408,CLM_000440,POL_021931,2026-05-22,260568.72,Completed,Bank Transfer,0.8791215583412891
PAY_004409,CLM_003777,POL_003863,2026-06-15,165743.98,Completed,UPI,0.9687305790226765
PAY_004410,CLM_003247,POL_002514,2026-10-08,134420.38,Completed,Bank Transfer,0.8139345540823528
PAY_004411,CLM_008494,POL_003935,2026-03-31,466569.77,Completed,Bank Transfer,0.7993821126337953
PAY_004412,CLM_003617,POL_022801,2026-01-21,131987.56,Completed,Bank Transfer,0.8740785135556196
PAY_004413,CLM_003080,POL_001639,2026-05-14,72845.41,Completed,Cheque,0.784274019030475
PAY_004414,CLM_004462,POL_012571,2026-07-10,158843.28,Completed,UPI,0.7742674759099283
PAY_004415,CLM_009631,POL_014230,2025-06-20,97726.09,Completed,Bank Transfer,0.7914827284561371
PAY_004416,CLM_005639,POL_005319,2024-11-21,282307.15,Completed,NEFT,0.7570529509058634
PAY_004417,CLM_002067,POL_021506,2026-08-12,347419.08,Completed,Cheque,0.7950220349057292
PAY_004418,CLM_007082,POL_006631,2025-03-28,518042.2,Completed,UPI,0.9187873732433879
PAY_004419,CLM_003582,POL_012006,2026-08-30,279156.99,Completed,UPI,0.9191331870812784
PAY_004420,CLM_006423,POL_005755,2026-09-19,35745.84,Completed,Cheque,0.8180466297362401
PAY_004421,CLM_007399,POL_002587,2024-08-25,78791.01,Completed,UPI,0.8704204776303478
PAY_004422,CLM_000652,POL_007885,2026-09-28,125436.36,Completed,Bank Transfer,0.9756568724280732
PAY_004423,CLM_009315,POL_018479,2026-01-04,413937.25,Completed,UPI,0.7820609178377332
PAY_004424,CLM_001860,POL_024980,2026-09-07,148445.4,Completed,UPI,0.9630418559588577
PAY_004425,CLM_005310,POL_006123,2026-09-05,115399.57,Completed,UPI,0.7944022792408763
PAY_004426,CLM_000515,POL_012918,2025-07-17,180139.11,Completed,Bank Transfer,0.8074360412829824
PAY_004427,CLM_008079,POL_005660,2025-12-03,1195054.14,Completed,Bank Transfer,0.8441418671611733
PAY_004428,CLM_007991,POL_014655,2024-10-08,146420.23,Completed,Bank Transfer,0.8931457303254341
PAY_004429,CLM_003495,POL_022473,2025-05-04,66509.36,Completed,Bank Transfer,0.8519860201724458
PAY_004430,CLM_000034,POL_017432,2026-08-12,294452.08,Completed,Bank Transfer,0.859550248070959
PAY_004431,CLM_002947,POL_023205,2024-12-01,57533.37,Completed,UPI,0.7543991693047675
PAY_004432,CLM_002366,POL_022670,2026-08-07,101814.21,Completed,NEFT,0.8253657205523375
PAY_004433,CLM_001022,POL_009660,2025-02-28,64264.65,Completed,Bank Transfer,0.793529167495515
PAY_004434,CLM_007235,POL_013208,2025-02-27,100954.75,Completed,Bank Transfer,0.7890887333279141
PAY_004435,CLM_003920,POL_009357,2026-05-12,113879.26,Completed,Bank Transfer,0.82950864332062
PAY_004436,CLM_001998,POL_019006,2026-01-28,218671.88,Completed,UPI,0.7870548496605709
PAY_004437,CLM_009792,POL_015000,2026-10-08,92043.27,Completed,Bank Transfer,0.946262252961745
PAY_004438,CLM_003507,POL_022843,2024-05-07,92269.81,Completed,Bank Transfer,0.9839147154148521
PAY_004439,CLM_005347,POL_005143,2026-01-26,298090.4,Completed,Cheque,0.8481392361134921
PAY_004440,CLM_003307,POL_003523,2026-02-05,766503.69,Completed,UPI,0.9915410250743671
PAY_004441,CLM_000665,POL_002221,2025-06-24,119132.38,Completed,NEFT,0.8896918417866311
PAY_004442,CLM_005945,POL_012150,2026-04-04,216516.72,Completed,UPI,0.8926356075726098
PAY_004443,CLM_005813,POL_008194,2025-05-22,133128.91,Completed,Bank Transfer,0.8207805228599081
PAY_004444,CLM_002139,POL_013925,2025-06-25,85796.84,Completed,Cheque,0.7630708489351344
PAY_004445,CLM_005237,POL_013116,2026-10-08,108093.81,Completed,Bank Transfer,0.8764061205027697
PAY_004446,CLM_000396,POL_012630,2026-10-08,240345.42,Completed,Bank Transfer,0.7788580424045166
PAY_004447,CLM_006125,POL_018097,2026-03-24,279587.05,Completed,UPI,0.8329970106058898
PAY_004448,CLM_005040,POL_004951,2026-10-03,137112.95,Completed,Cheque,0.9610485472224887
PAY_004449,CLM_007015,POL_019423,2026-07-07,229279.2,Completed,UPI,0.836404745723388
PAY_004450,CLM_003665,POL_015711,2025-11-07,611913.59,Completed,Cheque,0.7689610699578557
PAY_004451,CLM_001983,POL_019549,2025-11-18,164360.21,Completed,NEFT,0.9034317059051026
PAY_004452,CLM_009029,POL_001797,2026-06-06,281601.52,Completed,UPI,0.8929827756412231
PAY_004453,CLM_009560,POL_011746,2024-07-25,75936.86,Completed,Bank Transfer,0.9129060730600304
PAY_004454,CLM_000879,POL_008259,2026-06-02,598067.6,Completed,NEFT,0.892817225471746
PAY_004455,CLM_006184,POL_002277,2026-01-19,487708.7,Completed,Bank Transfer,0.8617964953975199
PAY_004456,CLM_008146,POL_018797,2026-04-04,169196.01,Completed,NEFT,0.9993053718891606
PAY_004457,CLM_009930,POL_011872,2026-10-02,572784.07,Completed,Cheque,0.9447281080839917
PAY_004458,CLM_009414,POL_003045,2025-10-10,18836.87,Completed,UPI,0.9403816766835953
PAY_004459,CLM_009109,POL_023663,2026-08-07,395838.28,Completed,Bank Transfer,0.9287557439207693
PAY_004460,CLM_004942,POL_001374,2026-09-04,222159.1,Completed,UPI,0.8268424302000882
PAY_004461,CLM_008029,POL_021570,2026-09-01,483789.68,Completed,Bank Transfer,0.8577730067544416
PAY_004462,CLM_004268,POL_010979,2025-04-30,440955.39,Completed,UPI,0.7867887025053835
PAY_004463,CLM_009987,POL_023491,2026-09-07,92942.86,Completed,UPI,0.7620975157976215
PAY_004464,CLM_003614,POL_020789,2025-06-24,73205.31,Completed,Bank Transfer,0.8523045831799412
PAY_004465,CLM_007440,POL_019316,2026-03-05,321658.31,Completed,UPI,0.881784593799486
PAY_004466,CLM_007328,POL_021853,2026-01-01,236469.11,Completed,NEFT,0.8200412425389906
PAY_004467,CLM_005789,POL_004682,2026-08-13,191521.85,Completed,UPI,0.8549312769470713
PAY_004468,CLM_005671,POL_012009,2026-06-13,106211.24,Completed,Bank Transfer,0.8444634344684626
PAY_004469,CLM_009641,POL_004934,2026-06-29,117126.63,Completed,Bank Transfer,0.8695057927766957
PAY_004470,CLM_001004,POL_019895,2025-04-23,157214.48,Completed,Bank Transfer,0.8979061124583223
PAY_004471,CLM_006375,POL_022295,2024-10-30,167930.51,Completed,Cheque,0.8432694592009317
PAY_004472,CLM_004613,POL_020459,2025-11-28,153830.19,Completed,Cheque,0.9909448763356047
PAY_004473,CLM_008709,POL_023136,2026-05-08,117564.72,Completed,Bank Transfer,0.7935907228945916
PAY_004474,CLM_005814,POL_003226,2025-05-07,401571.71,Completed,Bank Transfer,0.9589824851575305
PAY_004475,CLM_004041,POL_014151,2024-06-06,185561.52,Completed,Cheque,0.7894155539455777
PAY_004476,CLM_005269,POL_010573,2026-01-05,32279.42,Completed,UPI,0.9978311928624729
PAY_004477,CLM_005746,POL_024332,2026-08-04,151307.28,Completed,UPI,0.8066821846440266
PAY_004478,CLM_003181,POL_012051,2026-05-14,217192.28,Completed,UPI,0.7786210868911433
PAY_004479,CLM_007297,POL_020095,2025-11-08,314153.38,Completed,NEFT,0.9712084541186463
PAY_004480,CLM_003301,POL_013666,2026-06-06,114361.79,Completed,Bank Transfer,0.9306718888510654
PAY_004481,CLM_000757,POL_016818,2026-08-28,105667.09,Completed,Bank Transfer,0.9675123178779811
PAY_004482,CLM_000758,POL_012371,2026-08-23,255947.13,Completed,UPI,0.7562966278572865
PAY_004483,CLM_007823,POL_020357,2026-06-02,247236.2,Completed,UPI,0.8533880360572689
PAY_004484,CLM_008071,POL_018499,2026-08-21,25448.92,Completed,Bank Transfer,0.76077339709154
PAY_004485,CLM_008068,POL_009681,2026-10-08,120771.6,Completed,Bank Transfer,0.9327321151160146
PAY_004486,CLM_007554,POL_008467,2025-01-11,609319.05,Completed,UPI,0.9364710408112941
PAY_004487,CLM_001122,POL_022031,2024-06-16,492718.94,Completed,UPI,0.9141067482398741
PAY_004488,CLM_007837,POL_016520,2024-09-05,370470.56,Completed,Cheque,0.8566224874080939
PAY_004489,CLM_006761,POL_014116,2025-05-07,353068.39,Completed,Bank Transfer,0.9305104479376544
PAY_004490,CLM_000957,POL_015212,2025-03-12,495417.37,Completed,Bank Transfer,0.8663776347541166
PAY_004491,CLM_007466,POL_006116,2025-10-30,181646.72,Completed,Cheque,0.9317456422343998
PAY_004492,CLM_003131,POL_023299,2025-02-18,52853.64,Completed,UPI,0.792597930089729
PAY_004493,CLM_000526,POL_004435,2026-06-02,176148.29,Completed,UPI,0.82488749296392
PAY_004494,CLM_006546,POL_022256,2025-04-26,732387.89,Completed,Cheque,0.8675713478474434
PAY_004495,CLM_005991,POL_013085,2024-06-16,469697.39,Completed,NEFT,0.8862663557100446
PAY_004496,CLM_000542,POL_001041,2025-09-11,125873.18,Completed,Bank Transfer,0.9381925815415739
PAY_004497,CLM_007016,POL_015785,2026-10-08,25679.53,Completed,Cheque,0.947695688164031
PAY_004498,CLM_003158,POL_019764,2026-05-25,251469.23,Completed,Bank Transfer,0.827001573895992
PAY_004499,CLM_008822,POL_009264,2025-12-08,193114.6,Completed,UPI,0.8356584822032264
PAY_004500,CLM_002308,POL_019109,2025-10-18,396788.26,Completed,UPI,0.9810262476047529
PAY_004501,CLM_009072,POL_022511,2024-11-26,574352.95,Completed,Bank Transfer,0.817595804091699
PAY_004502,CLM_005179,POL_012527,2025-05-06,145138.76,Completed,Cheque,0.9162486990659789
PAY_004503,CLM_001396,POL_012433,2025-04-04,452043.09,Completed,Bank Transfer,0.9319437685747346
PAY_004504,CLM_009014,POL_023528,2024-09-18,82440.49,Completed,UPI,0.8547281770085502
PAY_004505,CLM_009376,POL_020826,2025-10-07,462579.0,Completed,NEFT,0.9136524839084391
PAY_004506,CLM_007633,POL_013356,2025-09-25,32422.55,Completed,UPI,0.7755522205552535
PAY_004507,CLM_000513,POL_023060,2026-07-06,750965.79,Completed,UPI,0.7831816132284254
PAY_004508,CLM_005473,POL_004030,2025-11-24,59943.53,Completed,Bank Transfer,0.7755443628205693
PAY_004509,CLM_006672,POL_004286,2026-10-08,794184.46,Completed,Bank Transfer,0.9664194550102922
PAY_004510,CLM_001805,POL_015023,2026-08-09,726654.06,Completed,UPI,0.8299572731725398
PAY_004511,CLM_006963,POL_011164,2024-08-06,206248.48,Completed,Cheque,0.9796494553298881
PAY_004512,CLM_005260,POL_013622,2026-05-08,206779.82,Completed,UPI,0.7729184942571746
PAY_004513,CLM_009268,POL_002232,2026-03-02,725365.52,Completed,UPI,0.8364100730929622
PAY_004514,CLM_003647,POL_020915,2026-10-08,77889.96,Completed,UPI,0.7514227742670417
PAY_004515,CLM_004869,POL_011390,2025-03-10,240786.2,Completed,Bank Transfer,0.9963850007324347
PAY_004516,CLM_002911,POL_001508,2025-09-25,239710.91,Completed,UPI,0.9114647888127257
PAY_004517,CLM_001111,POL_000903,2025-10-08,91617.85,Completed,Cheque,0.8138720922289204
PAY_004518,CLM_009192,POL_024094,2026-03-02,87458.91,Completed,Bank Transfer,0.9927725124132165
PAY_004519,CLM_005077,POL_014719,2024-12-24,141835.74,Completed,NEFT,0.8748848147842704
PAY_004520,CLM_009451,POL_007587,2024-12-02,447969.86,Completed,UPI,0.9642318246753624
PAY_004521,CLM_009147,POL_003858,2026-04-23,53238.38,Completed,Cheque,0.7652641715094863
PAY_004522,CLM_006605,POL_016352,2025-10-24,157586.22,Completed,Cheque,0.8136832387713898
PAY_004523,CLM_002398,POL_022428,2025-06-17,486699.71,Completed,UPI,0.8198102075072763
PAY_004524,CLM_000521,POL_007247,2024-01-14,178567.56,Completed,Bank Transfer,0.9082764561322214
PAY_004525,CLM_008178,POL_014485,2024-05-28,494057.08,Completed,UPI,0.850812329436357
PAY_004526,CLM_006467,POL_016834,2025-05-22,81096.5,Completed,Cheque,0.7645497215872437
PAY_004527,CLM_006153,POL_004508,2026-09-03,40934.61,Completed,UPI,0.9047802292529608
PAY_004528,CLM_000202,POL_014092,2025-10-07,67799.77,Completed,Bank Transfer,0.9857521976314826
PAY_004529,CLM_008799,POL_021377,2025-03-18,927811.91,Completed,UPI,0.9874245677657121
PAY_004530,CLM_004397,POL_010397,2024-02-05,334813.75,Completed,Cheque,0.7938235053815846
PAY_004531,CLM_007904,POL_021086,2024-06-05,52063.13,Completed,UPI,0.8447191031653807
PAY_004532,CLM_000587,POL_021935,2024-07-29,37601.06,Completed,Bank Transfer,0.777743189405947
PAY_004533,CLM_009232,POL_005216,2025-02-07,135424.98,Completed,Bank Transfer,0.874764401382338
PAY_004534,CLM_004929,POL_014974,2026-05-31,83198.01,Completed,Bank Transfer,0.7797105648903866
PAY_004535,CLM_005943,POL_014897,2026-10-08,68213.56,Completed,Bank Transfer,0.8862508750312466
PAY_004536,CLM_005097,POL_008139,2025-06-23,127106.48,Completed,Cheque,0.8030446666558421
PAY_004537,CLM_004653,POL_007100,2025-08-18,143790.57,Completed,Bank Transfer,0.9036521693882019
PAY_004538,CLM_001493,POL_006160,2026-05-01,75890.3,Completed,UPI,0.9023505729291144
PAY_004539,CLM_006536,POL_009435,2026-06-17,121022.26,Completed,UPI,0.8404408238832961
PAY_004540,CLM_001239,POL_007939,2026-07-23,64799.73,Completed,Bank Transfer,0.8254477690652479
PAY_004541,CLM_005584,POL_016214,2025-05-11,42620.14,Completed,Bank Transfer,0.9935688657290036
PAY_004542,CLM_000106,POL_016984,2024-09-26,85363.2,Completed,Bank Transfer,0.8444461986952133
PAY_004543,CLM_003202,POL_014594,2025-05-10,202278.12,Completed,Bank Transfer,0.771588083636684
PAY_004544,CLM_007411,POL_012104,2026-07-26,191253.8,Completed,NEFT,0.7500599938027646
PAY_004545,CLM_009819,POL_018523,2025-09-26,172710.21,Completed,UPI,0.8973028266329504
PAY_004546,CLM_009195,POL_001230,2024-11-09,446149.01,Completed,NEFT,0.9952203441469103
PAY_004547,CLM_007443,POL_006895,2026-06-11,184238.4,Completed,UPI,0.7831241902336713
PAY_004548,CLM_001133,POL_013350,2026-09-24,224982.88,Completed,Bank Transfer,0.8551209259604291
PAY_004549,CLM_003245,POL_013705,2025-05-06,30709.18,Completed,NEFT,0.8574926925486893
PAY_004550,CLM_005831,POL_013305,2024-06-05,231646.13,Completed,Bank Transfer,0.7506903290544729
PAY_004551,CLM_005543,POL_012202,2025-08-16,125706.02,Completed,NEFT,0.7875814688010502
PAY_004552,CLM_008905,POL_023574,2025-10-04,37958.45,Completed,Cheque,0.7795782013969313
PAY_004553,CLM_008971,POL_004678,2026-07-09,440180.63,Completed,UPI,0.7661684362623461
PAY_004554,CLM_005176,POL_012512,2026-10-05,224762.75,Completed,NEFT,0.9094850122337509
PAY_004555,CLM_007495,POL_015540,2025-12-16,939829.29,Completed,Cheque,0.8183358587063093
PAY_004556,CLM_000613,POL_021157,2024-10-28,239609.55,Completed,UPI,0.9962626670726399
PAY_004557,CLM_000568,POL_012810,2026-03-07,170186.26,Completed,Bank Transfer,0.9889232812497094
PAY_004558,CLM_007476,POL_015566,2026-02-02,1013335.03,Completed,Bank Transfer,0.9830171683790344
PAY_004559,CLM_009427,POL_005011,2025-02-06,76303.06,Completed,UPI,0.9270179417552351
PAY_004560,CLM_005972,POL_008731,2024-05-31,95115.57,Completed,Cheque,0.9965810606413034
PAY_004561,CLM_003813,POL_005101,2025-10-09,137675.45,Completed,Bank Transfer,0.8644056346192086
PAY_004562,CLM_009153,POL_022277,2026-07-05,405624.04,Completed,UPI,0.9434848613730487
PAY_004563,CLM_006743,POL_014863,2024-08-21,371501.22,Completed,UPI,0.791336531486879
PAY_004564,CLM_004976,POL_023681,2026-10-08,1111975.94,Completed,Bank Transfer,0.9745001190414458
PAY_004565,CLM_002102,POL_008223,2025-10-27,559691.65,Completed,Bank Transfer,0.824886132107227
PAY_004566,CLM_007210,POL_018119,2026-03-10,39835.67,Completed,Bank Transfer,0.7560508674083501
PAY_004567,CLM_008233,POL_011570,2026-08-22,78414.53,Completed,UPI,0.7761962739583921
PAY_004568,CLM_005463,POL_020242,2026-10-08,163758.3,Completed,Bank Transfer,0.7919868247155266
PAY_004569,CLM_009719,POL_018241,2024-10-18,306900.12,Completed,Bank Transfer,0.9640427583737242
PAY_004570,CLM_009502,POL_008070,2026-07-27,42074.27,Completed,UPI,0.8715388484177593
PAY_004571,CLM_007769,POL_023172,2024-03-15,142837.06,Completed,Bank Transfer,0.7971270467749203
PAY_004572,CLM_003349,POL_013955,2024-05-13,93779.78,Completed,UPI,0.7917940628139521
PAY_004573,CLM_003466,POL_000029,2026-10-08,98836.22,Completed,Bank Transfer,0.808226265561547
PAY_004574,CLM_007791,POL_010792,2026-10-08,88908.43,Completed,Cheque,0.7994039655308833
PAY_004575,CLM_000672,POL_003054,2026-10-08,216825.25,Completed,UPI,0.8589279300381675
PAY_004576,CLM_000226,POL_009123,2024-07-12,259433.35,Completed,Bank Transfer,0.7706586076951569
PAY_004577,CLM_008672,POL_006019,2024-04-24,205115.39,Completed,Bank Transfer,0.8639728209742541
PAY_004578,CLM_008963,POL_005847,2025-09-15,118025.67,Completed,Bank Transfer,0.8293952304265066
PAY_004579,CLM_009566,POL_008737,2026-08-21,97131.3,Completed,Bank Transfer,0.9037901173041157
PAY_004580,CLM_009920,POL_023978,2024-02-15,512306.71,Completed,Bank Transfer,0.8989379248064331
PAY_004581,CLM_002873,POL_009791,2026-10-08,146678.83,Completed,Cheque,0.8260796228162893
PAY_004582,CLM_004393,POL_024201,2024-06-29,52229.38,Completed,Bank Transfer,0.95868906020558
PAY_004583,CLM_001297,POL_006304,2025-12-05,128049.73,Completed,Bank Transfer,0.8305782789408817
PAY_004584,CLM_009015,POL_022293,2024-03-11,85313.44,Completed,Bank Transfer,0.8114011193859508
PAY_004585,CLM_003264,POL_015643,2025-11-02,163366.37,Completed,UPI,0.9264511742237035
PAY_004586,CLM_006374,POL_015092,2024-07-08,94686.74,Completed,Cheque,0.9730581354684554
PAY_004587,CLM_005294,POL_008207,2025-04-30,129359.28,Completed,Bank Transfer,0.8127973825466372
PAY_004588,CLM_008330,POL_017112,2024-01-20,279853.99,Completed,UPI,0.9672101260565975
PAY_004589,CLM_002521,POL_008242,2026-06-01,346823.39,Completed,Bank Transfer,0.843054561835413
PAY_004590,CLM_002221,POL_007630,2026-10-08,39448.98,Completed,Cheque,0.839788125237893
PAY_004591,CLM_004319,POL_000629,2026-08-08,603119.57,Completed,UPI,0.8379654908080836
PAY_004592,CLM_007558,POL_015565,2026-10-08,177848.54,Completed,Bank Transfer,0.760713628383145
PAY_004593,CLM_002921,POL_017638,2025-10-26,306351.08,Completed,UPI,0.8713071008107153
PAY_004594,CLM_001105,POL_017208,2026-04-24,688127.71,Completed,Bank Transfer,0.7865686753506402
PAY_004595,CLM_002166,POL_004839,2024-08-01,302520.5,Completed,Bank Transfer,0.9187135711098525
PAY_004596,CLM_009704,POL_015823,2026-01-04,337284.81,Completed,Bank Transfer,0.8828307314523123
PAY_004597,CLM_006422,POL_003855,2025-04-01,278310.5,Completed,UPI,0.8912439085953213
PAY_004598,CLM_005996,POL_014633,2026-05-18,145355.87,Completed,Cheque,0.8601073413217817
PAY_004599,CLM_009393,POL_013694,2025-07-25,609131.46,Completed,UPI,0.7537123364829689
PAY_004600,CLM_006530,POL_023664,2024-06-22,169476.04,Completed,Cheque,0.9988998759833408
PAY_004601,CLM_004686,POL_000053,2026-05-15,38265.77,Completed,Bank Transfer,0.7519509753157138
PAY_004602,CLM_001180,POL_007418,2026-06-30,96753.15,Completed,UPI,0.9833600568185744
PAY_004603,CLM_002034,POL_012428,2026-01-14,243856.19,Completed,UPI,0.9407017283166523
PAY_004604,CLM_002005,POL_010742,2025-04-26,42673.65,Completed,Bank Transfer,0.832391357056376
PAY_004605,CLM_003066,POL_024676,2025-11-18,61000.57,Completed,Bank Transfer,0.9811898021553804
PAY_004606,CLM_002340,POL_003106,2025-06-26,154894.37,Completed,UPI,0.8733202633114012
PAY_004607,CLM_009598,POL_014943,2026-10-08,689529.39,Completed,Bank Transfer,0.9340720238943185
PAY_004608,CLM_000576,POL_001232,2026-02-01,32124.25,Completed,NEFT,0.8425917862890789
PAY_004609,CLM_001275,POL_016106,2026-08-15,210768.55,Completed,NEFT,0.9544559228706275
PAY_004610,CLM_005080,POL_009670,2023-12-17,236337.48,Completed,Bank Transfer,0.9784322809091892
PAY_004611,CLM_009317,POL_003809,2025-02-18,369536.83,Completed,UPI,0.9621290629856787
PAY_004612,CLM_001714,POL_003145,2026-04-09,54949.18,Completed,Cheque,0.9253596621031188
PAY_004613,CLM_006029,POL_014746,2025-08-07,378858.63,Completed,NEFT,0.9287498970394427
PAY_004614,CLM_008813,POL_015807,2026-05-03,345723.08,Completed,UPI,0.86994800790928
PAY_004615,CLM_003046,POL_003589,2024-09-25,246995.2,Completed,UPI,0.8591588935335002
PAY_004616,CLM_000661,POL_023202,2025-03-01,40051.22,Completed,UPI,0.9220070272981736
PAY_004617,CLM_002785,POL_002576,2025-05-16,45292.45,Completed,Cheque,0.866971567397507
PAY_004618,CLM_001009,POL_017103,2025-11-13,214384.45,Completed,UPI,0.8777471917831664
PAY_004619,CLM_007915,POL_023914,2025-02-05,143855.76,Completed,UPI,0.8348358132022735
PAY_004620,CLM_002788,POL_016924,2025-03-26,26431.91,Completed,Bank Transfer,0.983745002541995
PAY_004621,CLM_003866,POL_008002,2024-09-13,257509.49,Completed,Bank Transfer,0.9294726280037868
PAY_004622,CLM_007431,POL_023833,2025-09-08,154817.12,Completed,Bank Transfer,0.9305644848344379
PAY_004623,CLM_006181,POL_017283,2026-09-11,54287.85,Completed,NEFT,0.8250450684849481
PAY_004624,CLM_008696,POL_012937,2026-06-04,349941.21,Completed,Bank Transfer,0.9311824885716732
PAY_004625,CLM_002691,POL_004709,2026-02-07,596230.68,Completed,Bank Transfer,0.9634983643105606
PAY_004626,CLM_008193,POL_010889,2025-03-29,203469.24,Completed,Bank Transfer,0.9839011849460186
PAY_004627,CLM_008842,POL_012241,2025-01-04,223189.19,Completed,UPI,0.9826121181930069
PAY_004628,CLM_003545,POL_018788,2026-10-08,114523.3,Completed,Cheque,0.9804619561844076
PAY_004629,CLM_004326,POL_022655,2024-11-27,127516.8,Completed,Bank Transfer,0.7883998932368963
PAY_004630,CLM_005133,POL_003625,2026-10-06,137319.03,Completed,Cheque,0.9105044457026333
PAY_004631,CLM_001225,POL_007920,2024-07-14,40458.23,Completed,Bank Transfer,0.8589110077466718
PAY_004632,CLM_000787,POL_010245,2025-01-12,41158.46,Completed,Bank Transfer,0.8288756774892425
PAY_004633,CLM_005307,POL_016610,2026-10-08,28597.03,Completed,Cheque,0.7780046135568053
PAY_004634,CLM_005953,POL_006264,2024-09-02,325372.29,Completed,Bank Transfer,0.7507761988752626
PAY_004635,CLM_005238,POL_019891,2024-12-11,142935.53,Completed,NEFT,0.8075744307860119
PAY_004636,CLM_009352,POL_002068,2026-03-08,179425.92,Completed,Bank Transfer,0.8991220094167671
PAY_004637,CLM_008483,POL_018712,2026-09-26,61060.3,Completed,UPI,0.9286812502062755
PAY_004638,CLM_006855,POL_013737,2025-11-16,73326.45,Completed,UPI,0.8242653757159417
PAY_004639,CLM_004228,POL_012149,2026-07-31,126874.71,Completed,Bank Transfer,0.965900567779539
PAY_004640,CLM_003594,POL_016474,2025-10-01,238179.21,Completed,Bank Transfer,0.9950971520189952
PAY_004641,CLM_001518,POL_020368,2025-04-23,267002.36,Completed,UPI,0.9277914304381145
PAY_004642,CLM_002796,POL_016539,2025-05-05,128890.4,Completed,Cheque,0.8291592445275595
PAY_004643,CLM_003595,POL_018939,2026-03-14,268517.29,Completed,UPI,0.8061384405134708
PAY_004644,CLM_007386,POL_001347,2026-06-09,217885.83,Completed,NEFT,0.8360052709742577
PAY_004645,CLM_000336,POL_018722,2026-10-03,85516.88,Completed,Bank Transfer,0.9511832330264827
PAY_004646,CLM_001650,POL_003745,2024-10-27,61306.42,Completed,Bank Transfer,0.7952570285641197
PAY_004647,CLM_008309,POL_012967,2026-02-08,92423.77,Completed,Bank Transfer,0.9010701941316615
PAY_004648,CLM_006051,POL_024919,2025-03-30,386308.48,Completed,Bank Transfer,0.8033853829536344
PAY_004649,CLM_007396,POL_002950,2026-05-20,157004.09,Completed,UPI,0.9788092079981466
PAY_004650,CLM_007520,POL_004185,2026-06-19,81435.09,Completed,Bank Transfer,0.867343968523229
PAY_004651,CLM_007719,POL_019346,2025-05-01,102649.6,Completed,Bank Transfer,0.9025639510596529
PAY_004652,CLM_004245,POL_018260,2025-12-10,493184.8,Completed,NEFT,0.9254381593105702
PAY_004653,CLM_007931,POL_006399,2026-08-02,154248.65,Completed,UPI,0.8620889315810614
PAY_004654,CLM_007693,POL_007389,2025-04-30,79387.55,Completed,UPI,0.9330935196835448
PAY_004655,CLM_006736,POL_008247,2025-08-01,212177.66,Completed,Cheque,0.9500828454690539
PAY_004656,CLM_005575,POL_003210,2026-03-13,1529721.12,Completed,Bank Transfer,0.8379285817206955
PAY_004657,CLM_004463,POL_024098,2026-04-21,363707.29,Completed,Bank Transfer,0.7815836410967653
PAY_004658,CLM_008935,POL_014630,2024-10-12,35748.43,Completed,UPI,0.7634387131467144
PAY_004659,CLM_005803,POL_017857,2026-04-20,220239.51,Completed,Bank Transfer,0.9707782062628822
PAY_004660,CLM_008618,POL_004120,2026-06-27,211060.22,Completed,Bank Transfer,0.7519102958343195
PAY_004661,CLM_004593,POL_003665,2026-08-20,49333.7,Completed,Bank Transfer,0.7927875085471767
PAY_004662,CLM_002611,POL_011618,2026-06-06,103027.19,Completed,UPI,0.929521274916099
PAY_004663,CLM_000871,POL_014077,2026-10-08,160358.64,Completed,Bank Transfer,0.8283563516347779
PAY_004664,CLM_003891,POL_016445,2026-10-08,179221.08,Completed,Bank Transfer,0.933698822312902
PAY_004665,CLM_005881,POL_008196,2026-07-28,59099.33,Completed,UPI,0.8086676194731012
PAY_004666,CLM_000812,POL_017613,2026-10-08,157288.85,Completed,Bank Transfer,0.9466488542028532
PAY_004667,CLM_007848,POL_009714,2024-07-24,338387.88,Completed,Cheque,0.9018524697210978
PAY_004668,CLM_007029,POL_010675,2026-03-12,559069.29,Completed,Bank Transfer,0.8024867662074772
PAY_004669,CLM_000346,POL_011128,2026-09-22,32344.06,Completed,Bank Transfer,0.8773031062504747
PAY_004670,CLM_006306,POL_011410,2026-10-08,121187.19,Completed,UPI,0.9272164498852333
PAY_004671,CLM_006919,POL_021786,2025-08-07,83678.41,Completed,Bank Transfer,0.7685328495256093
PAY_004672,CLM_000584,POL_010821,2026-08-26,176687.28,Completed,Bank Transfer,0.9263433259786759
PAY_004673,CLM_002081,POL_014364,2026-06-12,161428.05,Completed,Bank Transfer,0.9603166638280577
PAY_004674,CLM_000367,POL_024743,2026-03-08,379376.2,Completed,UPI,0.8644991261152061
PAY_004675,CLM_006694,POL_007369,2025-03-28,74720.44,Completed,UPI,0.9739164754232869
PAY_004676,CLM_009128,POL_020735,2024-10-29,103628.06,Completed,Bank Transfer,0.8992571856012024
PAY_004677,CLM_002419,POL_018212,2024-02-11,363021.58,Completed,Bank Transfer,0.8237978276131465
PAY_004678,CLM_002466,POL_010385,2024-04-30,402759.29,Completed,Bank Transfer,0.850965894263815
PAY_004679,CLM_003547,POL_018490,2026-04-24,198324.01,Completed,NEFT,0.8392028529611939
PAY_004680,CLM_006712,POL_019313,2026-10-08,247589.13,Completed,Bank Transfer,0.7954376180056687
PAY_004681,CLM_000478,POL_018629,2024-12-05,272438.71,Completed,Bank Transfer,0.912848429284453
PAY_004682,CLM_006966,POL_005772,2024-04-09,720794.48,Completed,Bank Transfer,0.751633843732563
PAY_004683,CLM_002294,POL_024039,2024-10-19,251711.35,Completed,UPI,0.7582167317663425
PAY_004684,CLM_006498,POL_004088,2025-11-01,321082.01,Completed,Bank Transfer,0.8623005798040789
PAY_004685,CLM_005308,POL_017453,2025-08-10,133547.88,Completed,Cheque,0.7968319059543233
PAY_004686,CLM_009911,POL_015787,2025-04-27,86502.77,Completed,Bank Transfer,0.9664250122894044
PAY_004687,CLM_003970,POL_022739,2026-02-16,108753.45,Completed,Bank Transfer,0.9103963970374339
PAY_004688,CLM_002185,POL_012251,2026-09-20,43269.57,Completed,UPI,0.9101490728355769
PAY_004689,CLM_007462,POL_017158,2024-02-18,166318.27,Completed,UPI,0.9832621990043598
PAY_004690,CLM_008889,POL_024754,2024-07-25,87176.38,Completed,Bank Transfer,0.830636020343138
PAY_004691,CLM_009264,POL_018459,2026-01-08,333800.75,Completed,Cheque,0.7899648047567797
PAY_004692,CLM_002523,POL_022669,2026-07-09,88621.09,Completed,UPI,0.9544637432633966
PAY_004693,CLM_009864,POL_010515,2026-07-19,882372.62,Completed,UPI,0.8483185758911859
PAY_004694,CLM_005743,POL_019115,2026-04-19,157620.34,Completed,Bank Transfer,0.7655816562329151
PAY_004695,CLM_008357,POL_011403,2026-05-27,577907.86,Completed,UPI,0.9672663541652737
PAY_004696,CLM_008124,POL_023090,2025-06-26,233923.3,Completed,Cheque,0.9949002723518087
PAY_004697,CLM_009343,POL_022720,2024-08-24,157456.74,Completed,NEFT,0.8278160576297242
PAY_004698,CLM_000518,POL_001389,2024-05-24,456414.72,Completed,Bank Transfer,0.9923735810319951
PAY_004699,CLM_009898,POL_014097,2026-10-05,74380.8,Completed,UPI,0.8048464261762069
PAY_004700,CLM_009008,POL_010534,2026-05-18,457465.89,Completed,UPI,0.8616423377860427
PAY_004701,CLM_006315,POL_012898,2026-09-25,873959.94,Completed,Cheque,0.927306334070565
PAY_004702,CLM_008998,POL_009051,2026-06-07,348571.94,Completed,UPI,0.8073887437150172
PAY_004703,CLM_009233,POL_010086,2025-04-05,124271.57,Completed,Cheque,0.8132999265244797
PAY_004704,CLM_003640,POL_020298,2025-10-26,1028617.39,Completed,Bank Transfer,0.7561393252027113
PAY_004705,CLM_008369,POL_024545,2025-10-20,109393.66,Completed,Bank Transfer,0.850835597757926
PAY_004706,CLM_009171,POL_014679,2026-10-02,138764.27,Completed,NEFT,0.8418164743680352
PAY_004707,CLM_004392,POL_003520,2026-06-20,100971.86,Completed,Bank Transfer,0.8857337647561826
PAY_004708,CLM_009209,POL_018126,2024-12-30,928418.46,Completed,UPI,0.9607982944989606
PAY_004709,CLM_002998,POL_005475,2025-12-16,34102.96,Completed,NEFT,0.864824673918391
PAY_004710,CLM_000923,POL_022019,2024-08-12,1210650.37,Completed,Bank Transfer,0.981269069351455
PAY_004711,CLM_003544,POL_017388,2024-09-24,484937.61,Completed,Cheque,0.8976081255795755
PAY_004712,CLM_003802,POL_023013,2025-07-25,115317.58,Completed,Bank Transfer,0.9168216532186864
PAY_004713,CLM_007249,POL_019668,2024-09-02,406805.27,Completed,UPI,0.9679736918247734
PAY_004714,CLM_006265,POL_000641,2024-06-22,208920.08,Completed,Cheque,0.9529022800727966
PAY_004715,CLM_007351,POL_022422,2025-09-04,200188.14,Completed,UPI,0.8887412893088211
PAY_004716,CLM_009247,POL_011695,2024-12-16,123887.77,Completed,Bank Transfer,0.8948071001971588
PAY_004717,CLM_003319,POL_019753,2024-02-19,216100.19,Completed,Bank Transfer,0.7932754892479146
PAY_004718,CLM_007672,POL_009333,2025-10-17,236731.26,Completed,Bank Transfer,0.9081839819878762
PAY_004719,CLM_005160,POL_008651,2025-10-30,124417.27,Completed,UPI,0.8131635652116002
PAY_004720,CLM_005528,POL_013248,2026-01-05,393720.68,Completed,Bank Transfer,0.928316684556121
PAY_004721,CLM_006779,POL_003060,2026-06-01,618076.85,Completed,Cheque,0.8840498391072011
PAY_004722,CLM_005986,POL_008859,2025-10-25,32673.02,Completed,Cheque,0.7985405191915519
PAY_004723,CLM_002148,POL_021782,2026-07-19,292345.65,Completed,Bank Transfer,0.8661801013589497
PAY_004724,CLM_003411,POL_013546,2025-07-02,47272.24,Completed,Bank Transfer,0.8584490574487129
PAY_004725,CLM_005515,POL_016155,2025-11-14,93835.64,Completed,UPI,0.7809991977407233
PAY_004726,CLM_001783,POL_016820,2026-01-12,170495.31,Completed,NEFT,0.8510449647126087
PAY_004727,CLM_003795,POL_016942,2025-05-31,758663.65,Completed,UPI,0.8357721194654187
PAY_004728,CLM_004014,POL_014528,2024-10-05,284546.99,Completed,Cheque,0.782785496898673
PAY_004729,CLM_009142,POL_000210,2025-10-12,259967.14,Completed,Bank Transfer,0.9005725698103845
PAY_004730,CLM_007960,POL_004486,2026-08-03,207542.48,Completed,Bank Transfer,0.9399641636717386
PAY_004731,CLM_005902,POL_016412,2024-03-28,418298.11,Completed,UPI,0.8856784845534369
PAY_004732,CLM_007463,POL_009875,2026-05-15,57728.64,Completed,Bank Transfer,0.7511682548530737
PAY_004733,CLM_004363,POL_018839,2026-10-08,119180.45,Completed,NEFT,0.7586177067502335
PAY_004734,CLM_008581,POL_000737,2026-01-31,74832.29,Completed,UPI,0.9439424100484973
PAY_004735,CLM_009899,POL_021400,2025-03-28,269161.72,Completed,Bank Transfer,0.9622629522943922
PAY_004736,CLM_002477,POL_000129,2026-09-11,284566.7,Completed,Cheque,0.835437977207313
PAY_004737,CLM_004023,POL_011530,2026-01-04,1164440.28,Completed,Cheque,0.7524956299862703
PAY_004738,CLM_007641,POL_019850,2026-10-08,87425.42,Completed,Cheque,0.8994120131856203
PAY_004739,CLM_006848,POL_003657,2024-11-01,34393.46,Completed,NEFT,0.9285318389047288
PAY_004740,CLM_003516,POL_023127,2026-10-01,166509.91,Completed,Cheque,0.9545454180648636
PAY_004741,CLM_003642,POL_011745,2024-12-05,222968.75,Completed,UPI,0.9202908196379613
PAY_004742,CLM_008447,POL_008825,2026-04-27,38632.52,Completed,Bank Transfer,0.8422335457419837
PAY_004743,CLM_007743,POL_023385,2026-08-23,262648.87,Completed,Bank Transfer,0.8863689070776314
PAY_004744,CLM_001027,POL_003682,2026-10-08,189709.17,Completed,Bank Transfer,0.8378042181955392
PAY_004745,CLM_004337,POL_024414,2026-09-08,824894.54,Completed,Bank Transfer,0.7901134534376949
PAY_004746,CLM_008566,POL_001085,2025-08-17,57090.57,Completed,Bank Transfer,0.7938380483653761
PAY_004747,CLM_008636,POL_005851,2025-03-15,441762.1,Completed,UPI,0.8898325790861735
PAY_004748,CLM_000098,POL_001991,2024-06-01,193284.34,Completed,Bank Transfer,0.8767806542111993
PAY_004749,CLM_006325,POL_001484,2026-06-12,444580.23,Completed,NEFT,0.9175036335977199
PAY_004750,CLM_009348,POL_015673,2025-04-08,184097.28,Completed,Bank Transfer,0.7722865754935544
PAY_004751,CLM_001728,POL_003920,2026-01-24,409573.22,Completed,Bank Transfer,0.8575876162281513
PAY_004752,CLM_003693,POL_021836,2026-09-01,181519.15,Completed,UPI,0.9180564524417018
PAY_004753,CLM_001637,POL_016239,2025-12-17,279937.42,Completed,Bank Transfer,0.8248451883552849
PAY_004754,CLM_001797,POL_001243,2024-11-17,230880.33,Completed,UPI,0.789683055986971
PAY_004755,CLM_009927,POL_003539,2026-03-03,68656.1,Completed,Bank Transfer,0.8190758400418414
PAY_004756,CLM_008282,POL_012720,2026-08-12,104448.62,Completed,Bank Transfer,0.9519399324801822
PAY_004757,CLM_004768,POL_009181,2026-09-10,1024760.26,Completed,Bank Transfer,0.9552046279035413
PAY_004758,CLM_005697,POL_023989,2026-04-23,180619.5,Completed,Bank Transfer,0.9409147454490898
PAY_004759,CLM_002254,POL_008870,2026-09-13,53272.57,Completed,Bank Transfer,0.8882430110302221
PAY_004760,CLM_005555,POL_003077,2025-04-02,51565.25,Completed,NEFT,0.7735664337552661
PAY_004761,CLM_005312,POL_014868,2025-10-02,50927.01,Completed,UPI,0.8083447087058107
PAY_004762,CLM_006196,POL_010700,2026-07-26,115041.92,Completed,UPI,0.9684957888310323
PAY_004763,CLM_001947,POL_003442,2025-03-24,196785.38,Completed,Cheque,0.8404485492814485
PAY_004764,CLM_009975,POL_013064,2026-08-08,141523.85,Completed,Bank Transfer,0.9650056547302059
PAY_004765,CLM_000636,POL_002843,2025-07-31,68754.68,Completed,Cheque,0.9224972575184782
PAY_004766,CLM_001599,POL_020197,2024-09-01,203320.74,Completed,Cheque,0.8962260258647456
PAY_004767,CLM_003760,POL_001217,2025-01-31,165565.18,Completed,Bank Transfer,0.9043310399132009
PAY_004768,CLM_007045,POL_021044,2025-07-08,31614.31,Completed,Bank Transfer,0.853847963400547
PAY_004769,CLM_000952,POL_008675,2026-06-06,706175.77,Completed,NEFT,0.9151838460335799
PAY_004770,CLM_002218,POL_020118,2026-04-10,137989.74,Completed,UPI,0.7642896653873832
PAY_004771,CLM_007621,POL_013427,2026-08-18,83937.83,Completed,Bank Transfer,0.9539971456631275
PAY_004772,CLM_007647,POL_000722,2026-08-01,64816.51,Completed,Bank Transfer,0.9971029845013055
PAY_004773,CLM_004064,POL_024789,2024-07-05,369770.08,Completed,Bank Transfer,0.834369188643664
PAY_004774,CLM_004993,POL_015117,2024-07-31,327871.94,Completed,Bank Transfer,0.8617922776172735
PAY_004775,CLM_007196,POL_024405,2026-09-10,232704.43,Completed,UPI,0.8282219569811127
PAY_004776,CLM_000921,POL_012940,2024-03-07,20021.18,Completed,Bank Transfer,0.7509766434522785
PAY_004777,CLM_006768,POL_009715,2026-07-20,145090.76,Completed,Bank Transfer,0.8761606093200441
PAY_004778,CLM_001809,POL_008432,2025-08-05,316406.95,Completed,UPI,0.7552339739362165
PAY_004779,CLM_009830,POL_023032,2026-08-12,270608.44,Completed,UPI,0.8911103092319771
PAY_004780,CLM_000697,POL_009893,2026-04-15,258779.48,Completed,NEFT,0.9023368192517878
PAY_004781,CLM_002265,POL_001486,2025-10-18,140943.33,Completed,Bank Transfer,0.7635472807925101
PAY_004782,CLM_006639,POL_000406,2026-04-25,152857.43,Completed,Bank Transfer,0.9938236391747081
PAY_004783,CLM_002106,POL_018783,2026-07-29,784188.48,Completed,UPI,0.8948858916427899
PAY_004784,CLM_004331,POL_024557,2024-02-25,49059.07,Completed,Bank Transfer,0.9482100504826086
PAY_004785,CLM_007700,POL_022238,2025-12-31,182191.44,Completed,Cheque,0.9426696437524402
PAY_004786,CLM_004656,POL_002695,2026-10-08,138732.51,Completed,Cheque,0.970329968469218
PAY_004787,CLM_005243,POL_011860,2025-08-16,70404.25,Completed,NEFT,0.8209484297102426
PAY_004788,CLM_005890,POL_019138,2026-08-04,40200.21,Completed,Bank Transfer,0.8363232426537605
PAY_004789,CLM_007044,POL_010708,2025-02-22,272197.17,Completed,Bank Transfer,0.8902272343357869
PAY_004790,CLM_004589,POL_020995,2025-08-31,96170.27,Completed,Cheque,0.8720229052036599
PAY_004791,CLM_001550,POL_003659,2025-04-19,873792.07,Completed,Bank Transfer,0.9914675826587999
PAY_004792,CLM_003749,POL_005283,2026-04-29,312961.12,Completed,Bank Transfer,0.8760088333933507
PAY_004793,CLM_002378,POL_004267,2024-09-04,894502.85,Completed,Bank Transfer,0.9692199269378451
PAY_004794,CLM_003443,POL_002956,2026-08-05,177514.17,Completed,Bank Transfer,0.8297308128731037
PAY_004795,CLM_008454,POL_010395,2026-10-03,561023.48,Completed,Bank Transfer,0.935985945516286
PAY_004796,CLM_008587,POL_019408,2024-12-03,817051.05,Completed,Bank Transfer,0.9085879516065806
PAY_004797,CLM_004408,POL_015982,2025-10-11,105005.2,Completed,Cheque,0.8886094374111434
PAY_004798,CLM_005653,POL_009482,2026-03-25,291326.24,Completed,Bank Transfer,0.943789151937825
PAY_004799,CLM_008960,POL_022198,2024-06-03,335746.94,Completed,Cheque,0.8059275037899342
PAY_004800,CLM_009477,POL_006925,2026-05-25,225859.89,Completed,Bank Transfer,0.9560204151473902
PAY_004801,CLM_007098,POL_014226,2026-02-17,323111.72,Completed,Bank Transfer,0.9637231207879466
PAY_004802,CLM_007946,POL_003364,2026-04-08,143487.3,Completed,UPI,0.9214376907536814
PAY_004803,CLM_002039,POL_020565,2026-10-08,74671.47,Completed,UPI,0.8754766546499593
PAY_004804,CLM_002638,POL_022732,2025-09-22,146599.19,Completed,Bank Transfer,0.9772014183230411
PAY_004805,CLM_002570,POL_020641,2025-05-14,39502.08,Completed,NEFT,0.8092771466431313
PAY_004806,CLM_005628,POL_017529,2026-02-19,80092.15,Completed,Bank Transfer,0.7605951989108652
PAY_004807,CLM_002125,POL_021511,2025-03-20,242106.51,Completed,Bank Transfer,0.9035375510894574
PAY_004808,CLM_000052,POL_020981,2026-06-07,196056.65,Completed,Bank Transfer,0.9230962814912643
PAY_004809,CLM_000647,POL_021850,2024-11-22,216985.01,Completed,UPI,0.7835406742035246
PAY_004810,CLM_003356,POL_011200,2025-06-16,58835.41,Completed,Cheque,0.9154285867209868
PAY_004811,CLM_005204,POL_010334,2025-04-11,67776.25,Completed,UPI,0.8695519135049473
PAY_004812,CLM_004524,POL_003513,2026-01-26,63236.76,Completed,UPI,0.7718725202599455
PAY_004813,CLM_001862,POL_022729,2024-04-12,70618.2,Completed,Bank Transfer,0.8953889716001548
PAY_004814,CLM_008411,POL_017340,2025-07-03,486240.76,Completed,UPI,0.7768907571618147
PAY_004815,CLM_006317,POL_021612,2025-04-25,76679.68,Completed,UPI,0.9206070365021972
PAY_004816,CLM_004858,POL_016150,2024-02-16,181969.41,Completed,Bank Transfer,0.8429389011611675
PAY_004817,CLM_003054,POL_002168,2024-05-12,85176.51,Completed,Bank Transfer,0.8642875900344917
PAY_004818,CLM_003757,POL_017038,2025-04-01,375269.67,Completed,NEFT,0.8427593051302273
PAY_004819,CLM_005709,POL_004210,2025-02-22,98205.09,Completed,UPI,0.9697864950898463
PAY_004820,CLM_009640,POL_011074,2026-04-01,36786.71,Completed,Bank Transfer,0.8150519595012118
PAY_004821,CLM_002406,POL_016646,2024-08-13,122283.81,Completed,UPI,0.8656167603327126
PAY_004822,CLM_008666,POL_019870,2026-01-17,92950.48,Completed,Bank Transfer,0.9639736041640955
PAY_004823,CLM_002424,POL_007029,2025-10-30,47544.59,Completed,Bank Transfer,0.7949661795781301
PAY_004824,CLM_007388,POL_024598,2024-05-13,31473.18,Completed,Bank Transfer,0.8946902217140726
PAY_004825,CLM_009973,POL_022937,2026-04-10,265017.17,Completed,Cheque,0.8029714016175764
PAY_004826,CLM_005183,POL_022025,2026-03-18,80554.19,Completed,Bank Transfer,0.981439393939394
PAY_004827,CLM_000534,POL_014233,2025-02-23,292265.86,Completed,Bank Transfer,0.8672260408758943
PAY_004828,CLM_007692,POL_024539,2025-05-17,554321.34,Completed,NEFT,0.8723291220956771
PAY_004829,CLM_009458,POL_007664,2024-01-26,44438.07,Completed,UPI,0.8858833421978676
PAY_004830,CLM_000192,POL_020163,2025-05-31,83322.22,Completed,UPI,0.9605030725596241
PAY_004831,CLM_006283,POL_015840,2024-04-25,145451.81,Completed,Bank Transfer,0.9409177019381888
PAY_004832,CLM_009311,POL_011759,2025-11-04,104100.37,Completed,NEFT,0.7847403152006447
PAY_004833,CLM_008254,POL_014725,2025-03-12,319451.59,Completed,UPI,0.9614688715279921
PAY_004834,CLM_001035,POL_015036,2024-10-09,92882.18,Completed,NEFT,0.7691339099604478
PAY_004835,CLM_004539,POL_013239,2025-03-19,30827.77,Completed,UPI,0.9269455161367239
PAY_004836,CLM_008838,POL_021983,2025-12-15,265527.43,Completed,Bank Transfer,0.8989844894642622
PAY_004837,CLM_006300,POL_000853,2026-10-02,138107.51,Completed,NEFT,0.9028352387830129
PAY_004838,CLM_008109,POL_009110,2025-12-03,95692.26,Completed,Bank Transfer,0.8872940618164814
PAY_004839,CLM_000586,POL_013629,2024-05-10,78857.22,Completed,UPI,0.9127525494542736
PAY_004840,CLM_000031,POL_020009,2025-02-04,22192.96,Completed,UPI,0.9124869456527995
PAY_004841,CLM_001454,POL_022484,2026-05-07,96606.95,Completed,Cheque,0.8010265502956662
PAY_004842,CLM_003426,POL_010644,2026-08-29,403630.5,Completed,Bank Transfer,0.7604825330399605
PAY_004843,CLM_003615,POL_009521,2025-08-22,857450.81,Completed,Bank Transfer,0.9501187306558719
PAY_004844,CLM_003395,POL_002362,2025-08-09,537975.78,Completed,UPI,0.8944045692365308
PAY_004845,CLM_008060,POL_021083,2026-02-15,253828.54,Completed,UPI,0.833244147717117
PAY_004846,CLM_000060,POL_005589,2025-04-14,82585.9,Completed,UPI,0.7700515901436336
PAY_004847,CLM_004034,POL_006401,2024-07-11,1015594.83,Completed,Bank Transfer,0.820442372564681
PAY_004848,CLM_004794,POL_004096,2025-03-19,205270.37,Completed,Bank Transfer,0.7998946075385577
PAY_004849,CLM_004307,POL_002811,2026-08-02,517292.43,Completed,UPI,0.8457029291994546
PAY_004850,CLM_004786,POL_001640,2024-10-13,204385.14,Completed,Bank Transfer,0.9261065909282352
PAY_004851,CLM_006256,POL_001136,2024-11-04,152385.64,Completed,NEFT,0.9430373429089937
PAY_004852,CLM_000015,POL_016296,2024-06-09,83827.58,Completed,UPI,0.8344280021536687
PAY_004853,CLM_006757,POL_021457,2026-03-08,203634.5,Completed,Bank Transfer,0.7656289777716083
PAY_004854,CLM_001712,POL_022584,2025-05-06,358118.43,Completed,Cheque,0.8685080093731953
PAY_004855,CLM_002781,POL_022882,2024-10-06,66431.92,Completed,UPI,0.7871533834768211
PAY_004856,CLM_003553,POL_017271,2025-12-11,998161.74,Completed,Cheque,0.9479826844734182
PAY_004857,CLM_004086,POL_023029,2024-10-22,90454.14,Completed,Bank Transfer,0.8785555711714481
PAY_004858,CLM_005504,POL_023687,2026-06-19,144036.8,Completed,Bank Transfer,0.8978948000986434
PAY_004859,CLM_001486,POL_014849,2024-11-23,96230.62,Completed,Bank Transfer,0.7801436045174912
PAY_004860,CLM_005483,POL_015815,2026-08-09,102837.25,Completed,NEFT,0.8242679997444733
PAY_004861,CLM_004267,POL_002937,2026-06-11,118012.88,Completed,Bank Transfer,0.8709384932135465
PAY_004862,CLM_001395,POL_002934,2025-05-31,359970.88,Completed,UPI,0.7537820829848031
PAY_004863,CLM_004123,POL_021426,2026-07-04,88597.96,Completed,UPI,0.9218589974833503
PAY_004864,CLM_004299,POL_016511,2026-07-18,420768.77,Completed,Cheque,0.9635009601376846
PAY_004865,CLM_004750,POL_021637,2026-05-15,462669.42,Completed,UPI,0.9443538775004094
PAY_004866,CLM_008833,POL_020775,2026-09-18,143725.15,Completed,NEFT,0.8621133532866354
PAY_004867,CLM_001064,POL_014248,2026-06-26,390640.26,Completed,NEFT,0.8460639954808465
PAY_004868,CLM_006257,POL_008534,2025-11-25,303316.96,Completed,Cheque,0.9344802962614437
PAY_004869,CLM_002079,POL_004977,2026-09-30,163161.64,Completed,Cheque,0.8579451012147878
PAY_004870,CLM_004103,POL_010489,2026-05-29,77547.0,Completed,Bank Transfer,0.8882806676875894
PAY_004871,CLM_005669,POL_001731,2026-09-19,176613.08,Completed,Bank Transfer,0.9122410584270368
PAY_004872,CLM_001324,POL_006106,2025-02-19,313259.59,Completed,UPI,0.8060560605184575
PAY_004873,CLM_009198,POL_017708,2026-03-26,150914.78,Completed,Bank Transfer,0.940994921432125
PAY_004874,CLM_009699,POL_022112,2026-08-15,516058.79,Completed,UPI,0.8596801214822848
PAY_004875,CLM_005824,POL_019163,2025-04-26,759911.12,Completed,Cheque,0.995617917176047
PAY_004876,CLM_009237,POL_020466,2026-04-02,271740.09,Completed,Bank Transfer,0.9323914835155409
PAY_004877,CLM_009701,POL_006070,2025-08-13,961581.06,Completed,UPI,0.8011305127296282
PAY_004878,CLM_003956,POL_002383,2026-04-14,104053.19,Completed,Bank Transfer,0.7678804389617602
PAY_004879,CLM_002325,POL_009054,2024-10-14,84267.74,Completed,UPI,0.7895927627249
PAY_004880,CLM_007948,POL_012729,2024-11-18,90331.52,Completed,Bank Transfer,0.8173531107802021
PAY_004881,CLM_001182,POL_001608,2026-10-02,274869.02,Completed,Bank Transfer,0.8684962395466956
PAY_004882,CLM_001982,POL_018483,2024-10-10,270416.47,Completed,UPI,0.8145492958162247
PAY_004883,CLM_005290,POL_009173,2026-07-15,205969.11,Completed,Cheque,0.9750482295202534
PAY_004884,CLM_008995,POL_009089,2025-03-01,620524.63,Completed,UPI,0.887607185399191
PAY_004885,CLM_001232,POL_020346,2026-08-27,82253.0,Completed,Cheque,0.8406957538491729
PAY_004886,CLM_001448,POL_019920,2024-12-20,20878.8,Completed,Bank Transfer,0.7607195479725367
PAY_004887,CLM_007586,POL_021375,2025-09-16,142023.78,Completed,UPI,0.7732948042908934
PAY_004888,CLM_005857,POL_012662,2026-03-29,62487.51,Completed,Bank Transfer,0.8347072243589804
PAY_004889,CLM_002339,POL_023266,2024-08-15,381991.97,Completed,Bank Transfer,0.9881958302795413
PAY_004890,CLM_002388,POL_004235,2025-08-07,839411.3,Completed,UPI,0.9391279004721309
PAY_004891,CLM_006514,POL_008887,2025-11-17,407999.5,Completed,NEFT,0.986655754756545
PAY_004892,CLM_004517,POL_020104,2025-03-31,213017.5,Completed,UPI,0.9779235595623358
PAY_004893,CLM_007628,POL_022258,2025-05-03,157061.97,Completed,Bank Transfer,0.9487738613844641
PAY_004894,CLM_001953,POL_006857,2025-09-16,366093.09,Completed,NEFT,0.994580750220362
PAY_004895,CLM_007825,POL_021385,2024-09-18,191776.94,Completed,UPI,0.9780348173302906
PAY_004896,CLM_004594,POL_016554,2026-04-01,53151.13,Completed,Cheque,0.8589730391630047
PAY_004897,CLM_007033,POL_008773,2025-08-31,61236.56,Completed,Bank Transfer,0.7511809008764555
PAY_004898,CLM_007694,POL_018159,2026-05-13,100570.59,Completed,Bank Transfer,0.9264240150688333
PAY_004899,CLM_006790,POL_001210,2024-03-10,484499.3,Completed,Cheque,0.8312068760414333
PAY_004900,CLM_004597,POL_010938,2024-10-21,270228.75,Completed,Cheque,0.8280721463991014
PAY_004901,CLM_008360,POL_002863,2026-09-26,60014.74,Completed,Cheque,0.8719964919479278
PAY_004902,CLM_001023,POL_003590,2025-11-23,724738.11,Completed,UPI,0.7637089480474553
PAY_004903,CLM_009661,POL_007357,2025-04-17,371001.87,Completed,Bank Transfer,0.9153107902385927
PAY_004904,CLM_004683,POL_014204,2024-11-25,224032.0,Completed,Bank Transfer,0.9868735492498057
PAY_004905,CLM_005229,POL_007440,2026-07-05,295809.23,Completed,Bank Transfer,0.788738777521305
PAY_004906,CLM_003422,POL_015255,2026-09-19,871442.64,Completed,UPI,0.7501411223244099
PAY_004907,CLM_001918,POL_020415,2025-08-14,684065.49,Completed,Bank Transfer,0.8187048121051871
PAY_004908,CLM_009304,POL_020330,2025-05-10,446771.45,Completed,NEFT,0.8992151129639722
PAY_004909,CLM_008236,POL_006124,2025-06-20,50541.59,Completed,Cheque,0.8770158453071843
PAY_004910,CLM_006971,POL_008893,2024-07-15,134538.72,Completed,Bank Transfer,0.9941086641894255
PAY_004911,CLM_006309,POL_009642,2025-04-30,118942.74,Completed,Bank Transfer,0.8863923648305141
PAY_004912,CLM_008387,POL_004744,2025-06-15,850086.44,Completed,Bank Transfer,0.9226817381786449
PAY_004913,CLM_001429,POL_006048,2024-11-11,189150.82,Completed,UPI,0.9144084083634045
PAY_004914,CLM_007965,POL_009377,2026-07-26,75366.82,Completed,UPI,0.9651986200547974
PAY_004915,CLM_009081,POL_022552,2026-08-28,259650.18,Completed,Bank Transfer,0.9504682823847546
PAY_004916,CLM_008627,POL_003401,2025-10-23,154267.79,Completed,Bank Transfer,0.8182850256946347
PAY_004917,CLM_008316,POL_009970,2026-10-08,95942.18,Completed,NEFT,0.8717727241833382
PAY_004918,CLM_005763,POL_009416,2026-09-27,158396.2,Completed,NEFT,0.8006988489273512
PAY_004919,CLM_004966,POL_012506,2025-12-03,141394.75,Completed,Bank Transfer,0.7707648293382084
PAY_004920,CLM_003514,POL_014340,2026-04-17,533587.93,Completed,Bank Transfer,0.8772881259736643
PAY_004921,CLM_005514,POL_011914,2026-08-13,156803.97,Completed,Bank Transfer,0.7757290518263431
PAY_004922,CLM_001740,POL_005343,2026-04-19,124555.48,Completed,Bank Transfer,0.8414229102048388
PAY_004923,CLM_005942,POL_002011,2025-09-16,41873.39,Completed,Bank Transfer,0.7626872321157311
PAY_004924,CLM_002178,POL_001582,2024-12-26,269965.8,Completed,UPI,0.9076315155732149
PAY_004925,CLM_008328,POL_011280,2026-06-17,122956.13,Completed,Bank Transfer,0.9716376553051181
PAY_004926,CLM_002571,POL_005605,2026-08-14,101497.69,Completed,Bank Transfer,0.8491219795249025
PAY_004927,CLM_001468,POL_017547,2025-04-30,90065.84,Completed,Bank Transfer,0.8168594814357909
PAY_004928,CLM_000178,POL_018072,2026-09-07,111442.7,Completed,Bank Transfer,0.9268089801822037
PAY_004929,CLM_001976,POL_005590,2024-01-20,142648.38,Completed,NEFT,0.9104095166158803
PAY_004930,CLM_007701,POL_015669,2026-05-07,110111.38,Completed,Bank Transfer,0.9034444094098493
PAY_004931,CLM_006360,POL_019828,2026-01-12,87189.65,Completed,UPI,0.9607908908856072
PAY_004932,CLM_001286,POL_024640,2024-02-01,433660.27,Completed,UPI,0.9836004471675382
PAY_004933,CLM_003985,POL_006968,2026-07-02,103523.41,Completed,Bank Transfer,0.926659782589431
PAY_004934,CLM_009083,POL_004095,2026-01-02,798970.31,Completed,Bank Transfer,0.9937284697119836
PAY_004935,CLM_006262,POL_023426,2025-07-04,57605.66,Completed,UPI,0.8193442391180513
PAY_004936,CLM_009507,POL_015861,2024-05-05,268571.17,Completed,Cheque,0.8613137592934699
PAY_004937,CLM_008607,POL_016623,2026-05-23,188113.62,Completed,UPI,0.8963345715132905
PAY_004938,CLM_004620,POL_004913,2024-07-19,154763.58,Completed,Bank Transfer,0.8347825721107945
PAY_004939,CLM_001755,POL_008342,2025-01-19,520489.32,Completed,Cheque,0.8852701545325613
PAY_004940,CLM_005508,POL_023617,2026-08-03,458558.85,Completed,Bank Transfer,0.9004626173644604
PAY_004941,CLM_008985,POL_013182,2024-06-05,103669.16,Completed,UPI,0.9794227905886977
PAY_004942,CLM_005788,POL_021398,2025-02-10,168496.15,Completed,UPI,0.8890090382892015
PAY_004943,CLM_008586,POL_011167,2025-08-11,233339.18,Completed,Cheque,0.9832536159369394
PAY_004944,CLM_001794,POL_012617,2025-03-25,90705.27,Completed,Cheque,0.8979418230862378
PAY_004945,CLM_003256,POL_019723,2026-06-14,716982.01,Completed,Bank Transfer,0.9038722151307165
PAY_004946,CLM_003916,POL_019587,2025-11-12,373122.58,Completed,UPI,0.8445003618276073
PAY_004947,CLM_000386,POL_010332,2025-01-17,30713.47,Completed,UPI,0.7657159083628121
PAY_004948,CLM_006509,POL_008195,2026-07-29,662188.81,Completed,NEFT,0.8835249355310768
PAY_004949,CLM_001497,POL_012227,2024-12-26,69529.1,Completed,UPI,0.7730631642920026
PAY_004950,CLM_001779,POL_004782,2024-04-28,152059.67,Completed,Bank Transfer,0.8294036391622711
PAY_004951,CLM_001458,POL_008124,2026-05-17,74312.11,Completed,Bank Transfer,0.8308943718483851
PAY_004952,CLM_005453,POL_020394,2026-09-06,264700.36,Completed,UPI,0.87608761976353
PAY_004953,CLM_003597,POL_023059,2025-02-13,19941.92,Completed,Cheque,0.9512786167050195
PAY_004954,CLM_006107,POL_010186,2026-02-12,198779.73,Completed,UPI,0.977655490616698
PAY_004955,CLM_001531,POL_008182,2026-08-14,507477.07,Completed,UPI,0.8301859874043561
PAY_004956,CLM_009286,POL_010720,2026-04-25,37333.98,Completed,Bank Transfer,0.9119639454785285
PAY_004957,CLM_000395,POL_003898,2024-10-25,157277.75,Completed,UPI,0.8458936915639668
PAY_004958,CLM_001511,POL_007325,2025-02-28,367235.15,Completed,UPI,0.8188772701851487
PAY_004959,CLM_001905,POL_012414,2026-05-02,390535.69,Completed,Bank Transfer,0.987662504001185
PAY_004960,CLM_001404,POL_004423,2026-01-03,51823.27,Completed,UPI,0.7696082151309802
PAY_004961,CLM_003385,POL_023311,2026-05-03,415102.1,Completed,Bank Transfer,0.8432435790302328
PAY_004962,CLM_008537,POL_007728,2025-09-27,401732.31,Completed,Cheque,0.768239031975048
PAY_004963,CLM_002767,POL_000945,2025-03-10,252973.47,Completed,UPI,0.9556397269892953
PAY_004964,CLM_007173,POL_000734,2026-05-17,356441.44,Completed,Bank Transfer,0.8584759137231821
PAY_004965,CLM_001844,POL_007941,2024-03-12,24429.47,Completed,Cheque,0.8747469785125541
PAY_004966,CLM_000906,POL_017878,2026-06-18,124777.66,Completed,Bank Transfer,0.8809213828225864
PAY_004967,CLM_007271,POL_015011,2026-10-05,524388.04,Completed,UPI,0.8764719348087904
PAY_004968,CLM_002485,POL_021278,2026-10-04,298836.81,Completed,UPI,0.8099047771747513
PAY_004969,CLM_002014,POL_012196,2026-08-09,113768.64,Completed,UPI,0.9819326377699807
PAY_004970,CLM_008169,POL_001820,2025-02-25,113557.36,Completed,UPI,0.9741542864299796
PAY_004971,CLM_002257,POL_020721,2025-02-13,488635.66,Completed,Bank Transfer,0.9751198350982359
PAY_004972,CLM_002370,POL_010769,2026-10-08,38003.22,Completed,Cheque,0.8989906373327221
PAY_004973,CLM_005086,POL_008755,2025-05-29,82435.1,Completed,Bank Transfer,0.973694511528052
PAY_004974,CLM_003346,POL_015110,2026-06-03,176405.35,Completed,Bank Transfer,0.88678069261504
PAY_004975,CLM_003154,POL_001613,2024-09-09,246300.96,Completed,UPI,0.7922058569290804
PAY_004976,CLM_009943,POL_015860,2025-04-12,326819.77,Completed,UPI,0.840636724764663
PAY_004977,CLM_004523,POL_018734,2026-08-18,100933.66,Completed,Bank Transfer,0.9752863308040067
PAY_004978,CLM_004545,POL_005672,2026-10-08,50106.89,Completed,Cheque,0.9694183786511189
PAY_004979,CLM_001894,POL_005313,2026-10-05,76362.07,Completed,Bank Transfer,0.9590356201241815
PAY_004980,CLM_000837,POL_013587,2025-05-25,111752.66,Completed,NEFT,0.7728814492395997
PAY_004981,CLM_003357,POL_021070,2025-12-07,737925.7,Completed,Bank Transfer,0.8630173154844005
PAY_004982,CLM_001854,POL_005883,2025-08-16,120050.81,Completed,Bank Transfer,0.7537218414119673
PAY_004983,CLM_008246,POL_004838,2026-08-08,308644.34,Completed,UPI,0.9557209891325426
PAY_004984,CLM_007041,POL_019847,2025-11-12,135455.16,Completed,Cheque,0.8997767283624064
PAY_004985,CLM_008313,POL_003845,2026-06-25,108182.96,Completed,UPI,0.9658108044649986
PAY_004986,CLM_002847,POL_007403,2026-02-28,303765.26,Completed,Cheque,0.9725107201314621
PAY_004987,CLM_003764,POL_011555,2026-05-21,70592.11,Completed,UPI,0.9312002243572747
PAY_004988,CLM_000377,POL_012116,2025-02-16,307659.48,Completed,Cheque,0.7761940778103206
PAY_004989,CLM_000920,POL_004665,2026-06-27,873589.2,Completed,Bank Transfer,0.9420427861583347
PAY_004990,CLM_007425,POL_000686,2024-07-27,373560.64,Completed,UPI,0.8921047314258542
PAY_004991,CLM_004390,POL_013852,2026-03-24,56974.61,Completed,Bank Transfer,0.8175141058917236
PAY_004992,CLM_004940,POL_018601,2026-10-08,42704.7,Completed,Bank Transfer,0.7757668392361117
PAY_004993,CLM_008750,POL_007216,2024-07-19,168942.12,Completed,Bank Transfer,0.7671574978101275
PAY_004994,CLM_006253,POL_010896,2024-08-15,36437.54,Completed,UPI,0.958422588736354
PAY_004995,CLM_005719,POL_004000,2025-06-15,483581.42,Completed,Bank Transfer,0.7851318945622818
PAY_004996,CLM_009460,POL_002905,2024-10-23,142092.58,Completed,Bank Transfer,0.9121192962847202
PAY_004997,CLM_002924,POL_000776,2025-07-18,36133.84,Completed,Bank Transfer,0.9748539762962721
PAY_004998,CLM_006193,POL_008147,2025-12-10,223634.05,Completed,Cheque,0.8373290738393825
PAY_004999,CLM_007869,POL_017698,2026-07-10,257239.38,Completed,UPI,0.9809803977724171
PAY_005000,CLM_003016,POL_000555,2025-05-14,108855.2,Completed,Bank Transfer,0.8335545701763137
PAY_005001,CLM_000041,POL_000165,2026-08-28,990354.31,Completed,Bank Transfer,0.9051078247101431
PAY_005002,CLM_002915,POL_009412,2026-07-17,539780.37,Completed,UPI,0.9272736914675418
PAY_005003,CLM_005586,POL_005950,2025-08-01,322722.84,Completed,Bank Transfer,0.8072536727317553
PAY_005004,CLM_009051,POL_014661,2025-04-11,408424.38,Completed,Bank Transfer,0.8445408490611062
PAY_005005,CLM_004577,POL_003825,2026-08-09,1180746.37,Completed,Bank Transfer,0.7550796633716295
PAY_005006,CLM_009312,POL_020209,2025-11-25,210378.0,Completed,Cheque,0.9169342027859496
PAY_005007,CLM_005431,POL_020294,2025-12-30,92588.28,Completed,UPI,0.7501587199732437
PAY_005008,CLM_000179,POL_007065,2025-02-09,149157.47,Completed,Bank Transfer,0.8496320078598559
PAY_005009,CLM_007429,POL_009658,2026-08-14,539191.25,Completed,Bank Transfer,0.8043060578012772
PAY_005010,CLM_009813,POL_003144,2024-07-18,85202.13,Completed,UPI,0.8973663902770045
PAY_005011,CLM_006527,POL_006312,2025-01-07,249391.81,Completed,UPI,0.7504805083670341
PAY_005012,CLM_000020,POL_011989,2025-10-29,97892.06,Completed,Bank Transfer,0.8171606980437306
PAY_005013,CLM_008609,POL_015783,2026-09-06,315651.5,Completed,Bank Transfer,0.7639348286942675
PAY_005014,CLM_006368,POL_014939,2026-04-09,444410.68,Completed,UPI,0.9793120669942655
PAY_005015,CLM_002188,POL_005785,2026-09-17,429905.35,Completed,Bank Transfer,0.7857472773939774
PAY_005016,CLM_003366,POL_009468,2024-09-06,133176.66,Completed,Cheque,0.9151955057949518
PAY_005017,CLM_006598,POL_012813,2024-11-20,598026.77,Completed,Bank Transfer,0.9182801493271657
PAY_005018,CLM_004349,POL_001391,2026-02-06,370480.52,Completed,Cheque,0.7594229303955465
PAY_005019,CLM_005693,POL_009733,2024-09-08,213705.96,Completed,Bank Transfer,0.7595493968254848
PAY_005020,CLM_003325,POL_019191,2024-11-13,191567.27,Completed,NEFT,0.9194384841916433
PAY_005021,CLM_000538,POL_012738,2024-06-01,274933.74,Completed,Cheque,0.9728510900628184
PAY_005022,CLM_007852,POL_008054,2026-05-25,324318.2,Completed,Bank Transfer,0.7827251749581002
PAY_005023,CLM_008622,POL_000736,2026-08-22,238201.89,Completed,Bank Transfer,0.8023982084092551
PAY_005024,CLM_001356,POL_015999,2026-09-11,372719.18,Completed,Bank Transfer,0.7690203379009181
PAY_005025,CLM_009555,POL_005927,2024-12-14,270472.36,Completed,UPI,0.8808305912169186
PAY_005026,CLM_006495,POL_003374,2026-10-08,50342.04,Completed,UPI,0.9658052789843993
PAY_005027,CLM_003065,POL_018001,2025-01-23,86088.78,Completed,Bank Transfer,0.7795759966516425
PAY_005028,CLM_005117,POL_004232,2025-08-12,89302.77,Completed,NEFT,0.9247317584456043
PAY_005029,CLM_008700,POL_023951,2026-03-12,557814.91,Completed,NEFT,0.8336764572011169
PAY_005030,CLM_009085,POL_020373,2025-08-20,233550.44,Completed,Bank Transfer,0.8213060489331498
PAY_005031,CLM_008436,POL_020335,2025-08-17,277962.62,Completed,Bank Transfer,0.8625075242956516
PAY_005032,CLM_005166,POL_016126,2024-08-24,62046.43,Completed,UPI,0.815439785210922
PAY_005033,CLM_000767,POL_004047,2026-01-20,312139.4,Completed,UPI,0.7837082769761036
PAY_005034,CLM_005292,POL_024956,2026-07-19,75086.77,Completed,Cheque,0.9788396503297225
PAY_005035,CLM_006718,POL_020779,2026-04-24,85907.49,Completed,NEFT,0.9159005774788065
PAY_005036,CLM_001836,POL_023374,2024-07-06,110614.31,Completed,Cheque,0.9459947905179114
PAY_005037,CLM_006089,POL_024679,2025-03-07,44343.13,Completed,Bank Transfer,0.8996449351678519
PAY_005038,CLM_002020,POL_019645,2025-03-16,155627.04,Completed,Bank Transfer,0.7555621388733409
PAY_005039,CLM_006886,POL_013797,2024-04-16,563174.82,Completed,UPI,0.7893654322655772
PAY_005040,CLM_005698,POL_005174,2025-09-06,35418.47,Completed,Bank Transfer,0.7915553796467615
PAY_005041,CLM_006245,POL_024840,2026-03-30,509397.78,Completed,UPI,0.8903997394861495
PAY_005042,CLM_002569,POL_015681,2025-01-31,149005.1,Completed,UPI,0.8488389732954714
PAY_005043,CLM_004246,POL_019544,2025-05-31,135145.53,Completed,Bank Transfer,0.9008034312580931
PAY_005044,CLM_002080,POL_008662,2024-02-27,368770.35,Completed,Bank Transfer,0.8112331698204829
PAY_005045,CLM_009809,POL_005089,2026-02-22,115694.84,Completed,Bank Transfer,0.8048731433437256
PAY_005046,CLM_009733,POL_012986,2026-03-28,137796.25,Completed,Bank Transfer,0.7736504008887003
PAY_005047,CLM_005428,POL_018421,2025-12-26,210501.97,Completed,NEFT,0.9317356643297214
PAY_005048,CLM_001841,POL_008531,2026-10-08,473198.71,Completed,UPI,0.7675666924328846
PAY_005049,CLM_006671,POL_021819,2026-06-08,405905.63,Completed,UPI,0.9744864078917371
PAY_005050,CLM_002451,POL_022964,2025-11-30,19585.51,Completed,NEFT,0.8502493160414012
PAY_005051,CLM_001387,POL_006350,2025-05-08,127633.34,Completed,Bank Transfer,0.8101566856489606
PAY_005052,CLM_007423,POL_002100,2024-03-13,155314.72,Completed,NEFT,0.9984593811154261
PAY_005053,CLM_008014,POL_017951,2024-02-01,579910.23,Completed,UPI,0.8931646662405407
PAY_005054,CLM_008851,POL_008448,2025-03-13,65263.56,Completed,Bank Transfer,0.7878696423320056
PAY_005055,CLM_009186,POL_012187,2024-11-24,147835.11,Completed,Bank Transfer,0.8480567991978989
PAY_005056,CLM_000582,POL_021222,2025-12-22,57914.14,Completed,Bank Transfer,0.8755465727697117
PAY_005057,CLM_002954,POL_008051,2024-09-10,207613.74,Completed,Cheque,0.850576399443573
PAY_005058,CLM_009485,POL_013326,2026-08-22,35662.6,Completed,NEFT,0.7963617451779077
PAY_005059,CLM_002822,POL_019958,2024-03-26,287969.83,Completed,UPI,0.7509500970326567
PAY_005060,CLM_000219,POL_023581,2025-09-24,75121.13,Completed,Bank Transfer,0.9913597801938216
PAY_005061,CLM_005534,POL_003860,2026-03-12,537491.02,Completed,UPI,0.7720456987444876
PAY_005062,CLM_001299,POL_009132,2025-10-05,211215.08,Completed,Cheque,0.9251094579950797
PAY_005063,CLM_000500,POL_001931,2026-04-05,54699.53,Completed,Bank Transfer,0.8433467617287492
PAY_005064,CLM_006450,POL_009615,2025-01-02,39129.22,Completed,UPI,0.9858436778018247
PAY_005065,CLM_005874,POL_009973,2024-07-25,104609.11,Completed,Bank Transfer,0.9511009398441039
PAY_005066,CLM_001089,POL_018083,2025-01-12,155866.91,Completed,Bank Transfer,0.8448168992312431
PAY_005067,CLM_004237,POL_018754,2026-10-08,88375.72,Completed,Cheque,0.9995176341748893
PAY_005068,CLM_009954,POL_021660,2025-06-25,48036.66,Completed,Bank Transfer,0.7798089465110295
PAY_005069,CLM_004166,POL_024393,2024-01-12,120463.33,Completed,UPI,0.8854220820338596
PAY_005070,CLM_000438,POL_008069,2026-03-16,96241.48,Completed,Bank Transfer,0.9735678964651147
PAY_005071,CLM_006594,POL_006787,2026-10-08,200296.98,Completed,Cheque,0.8407481117196892
PAY_005072,CLM_000973,POL_001902,2025-02-02,44040.8,Completed,Cheque,0.8149431659633809
PAY_005073,CLM_002843,POL_004401,2026-06-10,91916.13,Completed,NEFT,0.9692172007866682
PAY_005074,CLM_005219,POL_005440,2026-07-09,76077.56,Completed,Bank Transfer,0.9676435711517477
PAY_005075,CLM_000432,POL_015358,2025-11-26,251179.27,Completed,Bank Transfer,0.7915321694098051
PAY_005076,CLM_003320,POL_012903,2026-02-23,129893.56,Completed,Bank Transfer,0.8142437409979763
PAY_005077,CLM_006798,POL_006440,2024-12-03,97781.2,Completed,Bank Transfer,0.8217100906575953
PAY_005078,CLM_003351,POL_009869,2026-07-02,29788.05,Completed,Bank Transfer,0.963139944762135
PAY_005079,CLM_005275,POL_006496,2026-04-17,183094.08,Completed,UPI,0.9564860523003215
PAY_005080,CLM_005417,POL_011411,2025-03-08,358144.81,Completed,UPI,0.7743320313815819
PAY_005081,CLM_002751,POL_024995,2026-05-19,368962.23,Completed,NEFT,0.7946234665992998
PAY_005082,CLM_008785,POL_000784,2026-03-14,400789.26,Completed,Bank Transfer,0.9283636381072077
PAY_005083,CLM_004877,POL_020911,2026-06-26,1067811.42,Completed,Cheque,0.8540031011225788
PAY_005084,CLM_001084,POL_021608,2024-11-18,252698.26,Completed,Bank Transfer,0.7907161462501382
PAY_005085,CLM_005187,POL_023776,2026-01-03,225043.57,Completed,UPI,0.8387784487451658
PAY_005086,CLM_008880,POL_004698,2025-05-17,245188.38,Completed,Bank Transfer,0.9424206360233991
PAY_005087,CLM_001830,POL_013122,2026-10-08,193643.68,Completed,Bank Transfer,0.8964415778775533
PAY_005088,CLM_008918,POL_009464,2025-04-03,71222.44,Completed,Cheque,0.7538401452166873
PAY_005089,CLM_008848,POL_022713,2024-03-12,219655.14,Completed,Bank Transfer,0.9622608083257248
PAY_005090,CLM_005121,POL_017588,2026-06-16,35786.79,Completed,Bank Transfer,0.7968141940500095
PAY_005091,CLM_003051,POL_021304,2025-05-15,223940.52,Completed,Bank Transfer,0.9954792349666047
PAY_005092,CLM_007186,POL_022847,2026-06-09,203131.18,Completed,UPI,0.9306105219447205
PAY_005093,CLM_005849,POL_016692,2026-10-03,424187.84,Completed,NEFT,0.9358441886392098
PAY_005094,CLM_007056,POL_016800,2025-03-04,116630.35,Completed,Cheque,0.9124381223217307
PAY_005095,CLM_006964,POL_004825,2025-11-11,308806.45,Completed,UPI,0.8885999496662382
PAY_005096,CLM_000747,POL_022505,2024-12-03,519460.17,Completed,NEFT,0.9661807821374648
PAY_005097,CLM_008953,POL_018196,2026-01-10,257836.19,Completed,UPI,0.8921011208656415
PAY_005098,CLM_000589,POL_008151,2024-12-15,673547.8,Completed,Bank Transfer,0.9076687811939308
PAY_005099,CLM_007479,POL_021332,2026-02-10,46613.06,Completed,NEFT,0.9129259755925354
PAY_005100,CLM_009964,POL_014887,2024-10-22,318167.09,Completed,Bank Transfer,0.909388602135718
PAY_005101,CLM_009890,POL_022430,2026-09-19,524354.03,Completed,Bank Transfer,0.9296621613990678
PAY_005102,CLM_008686,POL_006289,2025-02-23,471318.98,Completed,Bank Transfer,0.751480426979309
PAY_005103,CLM_000287,POL_005542,2026-02-14,65851.16,Completed,UPI,0.8395852967935928
PAY_005104,CLM_000663,POL_017035,2025-08-05,306006.35,Completed,UPI,0.8192448673433149
PAY_005105,CLM_002933,POL_019307,2025-06-14,1318748.51,Completed,UPI,0.903424036112943
PAY_005106,CLM_003453,POL_010544,2024-07-15,268329.17,Completed,Bank Transfer,0.783479501244978
PAY_005107,CLM_000354,POL_009867,2025-11-07,239180.06,Completed,Bank Transfer,0.8403778881658218
PAY_005108,CLM_008574,POL_013348,2025-03-06,37087.02,Completed,Bank Transfer,0.7848892135832087
PAY_005109,CLM_001613,POL_021507,2024-09-21,398366.82,Completed,Cheque,0.7593069306194693
PAY_005110,CLM_008136,POL_019835,2025-10-13,346902.9,Completed,UPI,0.75778741293955
PAY_005111,CLM_002452,POL_018580,2024-09-30,250790.72,Completed,UPI,0.9225755716860202
PAY_005112,CLM_005561,POL_015178,2024-09-16,319664.44,Completed,UPI,0.8662295040564889
PAY_005113,CLM_001036,POL_009381,2025-03-30,518114.91,Completed,UPI,0.9644636191560603
PAY_005114,CLM_000799,POL_016860,2026-08-23,103510.23,Completed,UPI,0.8339075851021303
PAY_005115,CLM_002078,POL_012695,2024-05-28,551770.89,Completed,Bank Transfer,0.9070843308417282
PAY_005116,CLM_003234,POL_016404,2025-08-09,236326.9,Completed,UPI,0.9762559685597914
PAY_005117,CLM_004470,POL_007637,2025-07-16,545967.82,Completed,UPI,0.8809490904527776
PAY_005118,CLM_009532,POL_006428,2026-10-08,810091.33,Completed,Cheque,0.8313456116694136
PAY_005119,CLM_002749,POL_013212,2025-06-04,181659.55,Completed,NEFT,0.8022177316877539
PAY_005120,CLM_000928,POL_024667,2026-07-15,206175.12,Completed,UPI,0.8167084649767845
PAY_005121,CLM_000443,POL_009720,2025-05-13,200831.67,Completed,Bank Transfer,0.9745162930121897
PAY_005122,CLM_009561,POL_000149,2025-09-10,160325.39,Completed,Bank Transfer,0.9601714715648298
PAY_005123,CLM_000618,POL_005646,2025-04-11,21100.61,Completed,UPI,0.9244812648991622
PAY_005124,CLM_009995,POL_010844,2026-08-24,440825.8,Completed,UPI,0.7530616793850566
PAY_005125,CLM_000148,POL_021761,2026-07-26,265586.84,Completed,Cheque,0.9136463699609012
PAY_005126,CLM_004332,POL_003032,2024-05-03,59270.36,Completed,Bank Transfer,0.8102065446848682
PAY_005127,CLM_006022,POL_006651,2026-05-29,71520.68,Completed,Bank Transfer,0.7576184313083263
PAY_005128,CLM_003094,POL_001414,2026-08-05,405104.43,Completed,Bank Transfer,0.9334244535500144
PAY_005129,CLM_002447,POL_023739,2025-02-28,177696.37,Completed,Bank Transfer,0.9431867774083627
PAY_005130,CLM_000122,POL_012388,2025-07-19,658663.1,Completed,UPI,0.9350499523803358
PAY_005131,CLM_003193,POL_002537,2024-05-16,258206.02,Completed,Bank Transfer,0.8094770054011736
PAY_005132,CLM_004518,POL_003082,2024-03-04,167923.67,Completed,Bank Transfer,0.8444326293062006
PAY_005133,CLM_009826,POL_024225,2025-07-07,571206.25,Completed,NEFT,0.9862746670647177
PAY_005134,CLM_002783,POL_020418,2024-07-13,205728.36,Completed,UPI,0.8855481547173818
PAY_005135,CLM_005753,POL_003784,2025-06-03,101571.59,Completed,Bank Transfer,0.9099070004857182
PAY_005136,CLM_004056,POL_010315,2026-06-29,46318.39,Completed,Bank Transfer,0.7585335948552865
PAY_005137,CLM_000004,POL_002900,2025-04-25,229634.21,Completed,Bank Transfer,0.7728425683965586
PAY_005138,CLM_006165,POL_016055,2026-10-08,202644.53,Completed,Bank Transfer,0.899333764971937
PAY_005139,CLM_001351,POL_021852,2025-08-04,82390.1,Completed,UPI,0.882523790033931
PAY_005140,CLM_008592,POL_021216,2024-08-28,124361.53,Completed,Bank Transfer,0.928497396715268
PAY_005141,CLM_003882,POL_008420,2024-03-01,106602.85,Completed,UPI,0.8677119032564536
PAY_005142,CLM_000866,POL_000182,2025-12-22,456467.57,Completed,Bank Transfer,0.8914725810228427
PAY_005143,CLM_007519,POL_012044,2026-03-14,104325.98,Completed,Bank Transfer,0.8255638866889885
PAY_005144,CLM_004189,POL_000411,2026-10-08,342655.79,Completed,Bank Transfer,0.9328234202589923
PAY_005145,CLM_003473,POL_001857,2025-06-21,109511.79,Completed,Bank Transfer,0.8132546534137014
PAY_005146,CLM_002252,POL_020989,2024-06-24,481253.57,Completed,UPI,0.984714681523536
PAY_005147,CLM_008383,POL_005852,2025-04-19,130406.72,Completed,Bank Transfer,0.7791556025600634
PAY_005148,CLM_000298,POL_024368,2025-11-04,89258.62,Completed,UPI,0.8019238203716775
PAY_005149,CLM_001118,POL_010788,2026-08-11,163591.52,Completed,NEFT,0.8184768417083798
PAY_005150,CLM_004984,POL_021201,2026-06-23,1223234.59,Completed,UPI,0.9306937048773828
PAY_005151,CLM_007862,POL_000739,2025-10-14,312909.24,Completed,Bank Transfer,0.8216026434185978
PAY_005152,CLM_002918,POL_019233,2024-12-18,113069.07,Completed,UPI,0.9646286277206706
PAY_005153,CLM_009077,POL_011291,2025-09-28,78673.24,Completed,Bank Transfer,0.8729404164754033
PAY_005154,CLM_002242,POL_016257,2025-12-03,139909.57,Completed,UPI,0.9117050885955125
PAY_005155,CLM_000229,POL_019443,2024-06-21,481428.14,Completed,UPI,0.788414224342617
PAY_005156,CLM_006670,POL_008868,2024-03-26,120451.64,Completed,Bank Transfer,0.7932341113814604
PAY_005157,CLM_005082,POL_007663,2025-12-16,901639.93,Completed,Bank Transfer,0.7655683802675338
PAY_005158,CLM_007741,POL_002804,2025-05-11,359525.19,Completed,Bank Transfer,0.7774177712343273
PAY_005159,CLM_009491,POL_013568,2025-04-10,439614.41,Completed,Bank Transfer,0.8862338605795013
PAY_005160,CLM_002878,POL_014656,2026-09-16,103123.39,Completed,Bank Transfer,0.90376783956019
PAY_005161,CLM_000384,POL_015341,2024-07-30,48856.14,Completed,Bank Transfer,0.8617122937574012
PAY_005162,CLM_005499,POL_008578,2024-10-23,142805.13,Completed,Bank Transfer,0.9172586615685704
PAY_005163,CLM_005922,POL_024621,2026-02-13,345580.22,Completed,UPI,0.9576027326713654
PAY_005164,CLM_008004,POL_017734,2025-01-11,101319.75,Completed,NEFT,0.9476572409207488
PAY_005165,CLM_005396,POL_013074,2026-04-27,27582.78,Completed,Bank Transfer,0.7941263604665123
PAY_005166,CLM_000570,POL_019585,2024-09-16,507879.02,Completed,Cheque,0.7901808221244585
PAY_005167,CLM_000855,POL_000823,2025-03-31,56529.36,Completed,Cheque,0.7709069803533093
PAY_005168,CLM_009970,POL_020446,2024-11-07,92116.39,Completed,Cheque,0.9493946238371084
PAY_005169,CLM_009269,POL_023177,2024-07-26,68175.31,Completed,NEFT,0.8925756244105985
PAY_005170,CLM_008255,POL_013179,2025-06-10,60154.72,Completed,UPI,0.9517791969575834
PAY_005171,CLM_009547,POL_023149,2024-04-30,58771.44,Completed,UPI,0.8464043458349054
PAY_005172,CLM_000754,POL_005012,2025-12-03,245753.46,Completed,Bank Transfer,0.8367717158185525
PAY_005173,CLM_002520,POL_023991,2026-02-11,467717.74,Completed,Bank Transfer,0.977933251488631
PAY_005174,CLM_002678,POL_022776,2026-07-25,203675.69,Completed,NEFT,0.7553622284784707
PAY_005175,CLM_005637,POL_003915,2024-10-01,61569.73,Completed,Bank Transfer,0.9151210708851105
PAY_005176,CLM_004759,POL_012923,2026-09-06,230518.3,Completed,UPI,0.888025554306426
PAY_005177,CLM_003209,POL_008216,2026-05-03,222458.57,Completed,UPI,0.7801509264728802
PAY_005178,CLM_004588,POL_000712,2026-06-21,222792.67,Completed,UPI,0.9965884955639395
PAY_005179,CLM_000764,POL_021628,2025-08-01,101742.54,Completed,UPI,0.8787158045451118
PAY_005180,CLM_004201,POL_008907,2025-10-28,34248.51,Completed,Bank Transfer,0.9235499298206348
PAY_005181,CLM_006363,POL_024572,2026-04-03,327144.38,Completed,Bank Transfer,0.8445356071518926
PAY_005182,CLM_005546,POL_023877,2025-04-28,200232.32,Completed,Bank Transfer,0.9360778833206908
PAY_005183,CLM_001012,POL_009311,2026-01-25,246958.31,Completed,UPI,0.8522473657314704
PAY_005184,CLM_009441,POL_006367,2025-11-13,260848.82,Completed,Bank Transfer,0.808910754334941
PAY_005185,CLM_006316,POL_023943,2026-06-10,205067.59,Completed,Bank Transfer,0.8599555905947673
PAY_005186,CLM_005181,POL_003973,2026-08-15,109849.92,Completed,Cheque,0.9135830478782736
PAY_005187,CLM_001520,POL_007193,2026-09-10,161142.6,Completed,Bank Transfer,0.9015008958919211
PAY_005188,CLM_000865,POL_014431,2024-07-04,56925.73,Completed,Bank Transfer,0.8278462530712085
PAY_005189,CLM_000753,POL_008475,2024-10-06,461408.1,Completed,Bank Transfer,0.8117686798962347
PAY_005190,CLM_004806,POL_015449,2026-09-10,308732.56,Completed,Bank Transfer,0.9771841283166038
PAY_005191,CLM_005234,POL_020123,2026-07-31,123395.26,Completed,Bank Transfer,0.8933618708498073
PAY_005192,CLM_008272,POL_024166,2025-01-13,178538.47,Completed,UPI,0.8606126685352801
PAY_005193,CLM_007366,POL_000201,2024-09-11,83365.81,Completed,Bank Transfer,0.9966703058856835
PAY_005194,CLM_002301,POL_010242,2026-10-08,132882.75,Completed,UPI,0.9295083123100083
PAY_005195,CLM_005147,POL_014895,2024-08-13,307097.72,Completed,Bank Transfer,0.9559903716641728
PAY_005196,CLM_009527,POL_020833,2026-09-06,58207.54,Completed,UPI,0.7707766250289335
PAY_005197,CLM_002589,POL_019159,2025-08-23,46409.01,Completed,Bank Transfer,0.9491022090973418
PAY_005198,CLM_001139,POL_017416,2026-01-15,268826.61,Completed,Bank Transfer,0.8302129618992206
PAY_005199,CLM_001141,POL_006884,2026-09-22,77048.8,Completed,Bank Transfer,0.8846846925463263
PAY_005200,CLM_008258,POL_015461,2026-09-14,111098.18,Completed,Cheque,0.9697330955775344
PAY_005201,CLM_002650,POL_013178,2024-10-24,630480.78,Completed,Cheque,0.7850316679973598
PAY_005202,CLM_002827,POL_011820,2025-04-26,266531.69,Completed,UPI,0.9259251063245568
PAY_005203,CLM_004600,POL_014976,2025-08-13,363991.24,Completed,Bank Transfer,0.9027606415161584
PAY_005204,CLM_005126,POL_004707,2026-09-01,144213.45,Completed,Cheque,0.9024116548173088
PAY_005205,CLM_001346,POL_009533,2026-03-09,530624.3,Completed,UPI,0.9600889784046325
PAY_005206,CLM_005635,POL_013664,2025-05-22,207268.63,Completed,NEFT,0.9610711003495248
PAY_005207,CLM_007448,POL_006941,2024-07-05,210231.07,Completed,UPI,0.7622261385783371
PAY_005208,CLM_009283,POL_012794,2024-12-26,429419.19,Completed,UPI,0.8930605681383289
PAY_005209,CLM_005940,POL_014106,2026-01-03,148224.91,Completed,Cheque,0.8969687430484502
PAY_005210,CLM_005723,POL_013881,2024-06-11,140047.55,Completed,Bank Transfer,0.9964603515328858
PAY_005211,CLM_008867,POL_005156,2026-09-05,1149421.15,Completed,UPI,0.9463861603574663
PAY_005212,CLM_005859,POL_024647,2025-10-21,483968.01,Completed,UPI,0.8926739145635781
PAY_005213,CLM_001434,POL_013451,2026-09-21,249551.69,Completed,Cheque,0.7706769876668739
PAY_005214,CLM_007724,POL_004943,2026-10-08,21393.82,Completed,Cheque,0.7889181766153157
PAY_005215,CLM_004922,POL_020838,2025-03-31,27591.37,Completed,Bank Transfer,0.822210011034768
PAY_005216,CLM_009141,POL_020086,2026-03-27,265981.65,Completed,NEFT,0.8121727878184732
PAY_005217,CLM_005377,POL_015386,2026-04-25,34711.07,Completed,UPI,0.9632115051248987
PAY_005218,CLM_008422,POL_023185,2026-09-02,116055.95,Completed,Bank Transfer,0.9934231143198046
PAY_005219,CLM_004404,POL_003618,2025-01-11,379068.67,Completed,Cheque,0.8925340455359485
PAY_005220,CLM_004489,POL_017201,2024-11-24,212481.77,Completed,Bank Transfer,0.9880968064528953
PAY_005221,CLM_007190,POL_018356,2024-11-04,59217.33,Completed,UPI,0.9674486712011265
PAY_005222,CLM_004555,POL_021064,2026-03-11,428426.58,Completed,Cheque,0.9467579375446362
PAY_005223,CLM_008090,POL_015340,2026-08-24,1034313.7,Completed,Cheque,0.8382437574399936
PAY_005224,CLM_001593,POL_002172,2026-09-08,1223915.21,Completed,Cheque,0.7607755408239426
PAY_005225,CLM_008343,POL_017769,2026-05-17,129468.3,Completed,Bank Transfer,0.9748149299305394
PAY_005226,CLM_004052,POL_001310,2025-08-14,63928.12,Completed,Bank Transfer,0.8626475706439132
PAY_005227,CLM_001279,POL_024048,2024-11-15,63709.9,Completed,NEFT,0.9261810316780287
PAY_005228,CLM_009866,POL_002426,2026-01-18,57774.22,Completed,Bank Transfer,0.8722467053464802
PAY_005229,CLM_007766,POL_000080,2025-07-02,340389.36,Completed,NEFT,0.8826269167203027
PAY_005230,CLM_000749,POL_003700,2026-06-23,13737.98,Completed,UPI,0.9698374330403156
PAY_005231,CLM_009226,POL_013785,2026-07-29,13924.26,Completed,UPI,0.9034493811123951
PAY_005232,CLM_006862,POL_002697,2024-11-22,90936.71,Completed,Bank Transfer,0.8902099597090533
PAY_005233,CLM_002095,POL_015630,2026-08-06,174906.29,Completed,Bank Transfer,0.8177244206976795
PAY_005234,CLM_005066,POL_001541,2025-12-12,302329.67,Completed,UPI,0.9628780533822239
PAY_005235,CLM_005144,POL_002139,2026-08-24,190200.76,Completed,Bank Transfer,0.9385319770432641
PAY_005236,CLM_006624,POL_014523,2025-11-09,50821.09,Completed,UPI,0.79080719578656
PAY_005237,CLM_003559,POL_015913,2024-12-18,36593.84,Completed,Bank Transfer,0.9815809923201156
PAY_005238,CLM_004273,POL_016978,2024-08-30,128976.64,Completed,Bank Transfer,0.7949180130846248
PAY_005239,CLM_005685,POL_007184,2025-02-12,152761.21,Completed,Bank Transfer,0.7884938312821352
PAY_005240,CLM_009463,POL_021944,2026-10-08,64826.5,Completed,Bank Transfer,0.9074153964078239
PAY_005241,CLM_001306,POL_009887,2026-05-25,51467.92,Completed,Bank Transfer,0.9412343890873113
PAY_005242,CLM_000044,POL_022740,2026-06-05,159102.32,Completed,NEFT,0.9828626708826391
PAY_005243,CLM_008613,POL_017108,2026-10-08,164083.29,Completed,Bank Transfer,0.8687627955027496
PAY_005244,CLM_003560,POL_004821,2026-08-23,665209.02,Completed,Cheque,0.8836108130765667
PAY_005245,CLM_003449,POL_017117,2025-02-25,108904.94,Completed,Bank Transfer,0.9062747232637991
PAY_005246,CLM_007156,POL_000091,2026-09-21,225220.6,Completed,Bank Transfer,0.8990639532481604
PAY_005247,CLM_001099,POL_018219,2026-07-30,503939.74,Completed,Bank Transfer,0.9644974089142888
PAY_005248,CLM_005337,POL_008717,2025-11-03,916714.24,Completed,UPI,0.9959895285284583
PAY_005249,CLM_006830,POL_018303,2026-09-20,144410.53,Completed,Bank Transfer,0.7968375250883438
PAY_005250,CLM_000400,POL_018627,2025-10-27,307224.76,Completed,NEFT,0.8238189775809245
PAY_005251,CLM_001005,POL_011300,2024-12-21,298821.21,Completed,UPI,0.7556037964726884
PAY_005252,CLM_009242,POL_021380,2026-02-23,233059.67,Completed,Bank Transfer,0.9797652503350843
PAY_005253,CLM_003347,POL_006334,2025-09-10,464247.35,Completed,Bank Transfer,0.8503334443428535
PAY_005254,CLM_008070,POL_002365,2026-09-05,42079.47,Completed,UPI,0.8373630611577247
PAY_005255,CLM_008621,POL_024364,2025-06-15,97539.8,Completed,UPI,0.8818316097772309
PAY_005256,CLM_000032,POL_000704,2025-02-12,139310.45,Completed,NEFT,0.8090961018490206
PAY_005257,CLM_003932,POL_015903,2024-07-03,78998.6,Completed,NEFT,0.8456752365416965
PAY_005258,CLM_001278,POL_006230,2026-06-08,241067.23,Completed,NEFT,0.8078769900235915
PAY_005259,CLM_001326,POL_002002,2026-10-08,415184.7,Completed,Bank Transfer,0.9429977080359243
PAY_005260,CLM_001505,POL_001461,2025-07-30,111323.74,Completed,Cheque,0.826646130413229
PAY_005261,CLM_007955,POL_018774,2024-08-04,299635.48,Completed,Bank Transfer,0.882383881238361
PAY_005262,CLM_001829,POL_020679,2026-02-21,29843.43,Completed,UPI,0.8507772998565477
PAY_005263,CLM_006503,POL_012991,2026-07-11,70126.45,Completed,NEFT,0.8665990290584265
PAY_005264,CLM_008679,POL_019216,2026-02-08,458119.2,Completed,Cheque,0.9899616135296085
PAY_005265,CLM_000389,POL_006603,2024-03-06,490372.84,Completed,UPI,0.8144921864878495
PAY_005266,CLM_007218,POL_006086,2024-10-24,625541.1,Completed,UPI,0.91435445686134
PAY_005267,CLM_002972,POL_006561,2024-08-20,224371.39,Completed,Bank Transfer,0.8478288675760124
PAY_005268,CLM_001804,POL_002818,2025-10-05,160502.65,Completed,UPI,0.7630136726464875
PAY_005269,CLM_003386,POL_016588,2025-05-17,62510.0,Completed,Bank Transfer,0.9305046547561276
PAY_005270,CLM_000828,POL_005038,2024-06-22,61539.68,Completed,Bank Transfer,0.9309094869609217
PAY_005271,CLM_002074,POL_020184,2025-02-17,196818.2,Completed,Bank Transfer,0.9608673173727592
PAY_005272,CLM_005549,POL_010710,2026-08-16,563721.64,Completed,UPI,0.9709836708415582
PAY_005273,CLM_007223,POL_000244,2026-08-22,415508.95,Completed,Bank Transfer,0.8841932841061435
PAY_005274,CLM_001806,POL_014442,2024-03-17,27732.9,Completed,Bank Transfer,0.7703345813504084
PAY_005275,CLM_006645,POL_014148,2025-03-13,35332.66,Completed,UPI,0.8363312038830494
PAY_005276,CLM_005023,POL_012067,2025-07-24,288780.85,Completed,Bank Transfer,0.7544594830219945
PAY_005277,CLM_003570,POL_021918,2025-10-08,56162.34,Completed,Bank Transfer,0.9089466336550659
PAY_005278,CLM_001457,POL_023068,2024-04-23,49958.67,Completed,UPI,0.7966607925455058
PAY_005279,CLM_006772,POL_000453,2026-04-18,115565.49,Completed,Cheque,0.7890658664587901
PAY_005280,CLM_006456,POL_019775,2025-05-25,91948.39,Completed,Cheque,0.9770340382517383
PAY_005281,CLM_007543,POL_000454,2026-04-06,65455.3,Completed,Cheque,0.7621658662341285
PAY_005282,CLM_008685,POL_001655,2026-02-06,276442.21,Completed,Bank Transfer,0.9021924072780667
PAY_005283,CLM_002945,POL_018972,2025-10-22,394227.99,Completed,Cheque,0.8875502960114539
PAY_005284,CLM_007912,POL_013392,2024-10-29,62823.35,Completed,Cheque,0.8606959400937152
PAY_005285,CLM_002421,POL_015970,2025-12-23,44964.8,Completed,Bank Transfer,0.8525197745083225
PAY_005286,CLM_008658,POL_000189,2024-08-25,239295.67,Completed,UPI,0.7670167163949088
PAY_005287,CLM_002836,POL_008538,2026-01-22,282135.86,Completed,Cheque,0.9986230239749849
PAY_005288,CLM_000414,POL_007517,2025-03-24,360678.99,Completed,Bank Transfer,0.9523866094194489
PAY_005289,CLM_002219,POL_004036,2023-11-12,499356.57,Completed,NEFT,0.8880229921572604
PAY_005290,CLM_002877,POL_008952,2025-01-31,357578.25,Completed,Bank Transfer,0.8501550521789437
PAY_005291,CLM_000862,POL_013103,2026-04-25,422169.29,Completed,UPI,0.9346691365984588
PAY_005292,CLM_004737,POL_011347,2025-08-12,584759.38,Completed,UPI,0.8332839403502245
PAY_005293,CLM_003413,POL_007205,2024-09-05,963878.4,Completed,Cheque,0.7848765819263522
PAY_005294,CLM_003045,POL_010387,2025-05-20,446073.6,Completed,Bank Transfer,0.761436874939573
PAY_005295,CLM_005684,POL_016709,2024-09-09,213676.55,Completed,Bank Transfer,0.9303888685935129
PAY_005296,CLM_008772,POL_017286,2026-02-17,110322.58,Completed,Bank Transfer,0.9700579005156433
PAY_005297,CLM_005327,POL_005076,2026-09-20,99257.3,Completed,Bank Transfer,0.8483481333910311
PAY_005298,CLM_005000,POL_007470,2026-02-18,602680.33,Completed,Cheque,0.9319347361519595
PAY_005299,CLM_003880,POL_024274,2024-05-04,98676.22,Completed,UPI,0.7605127692503691
PAY_005300,CLM_006429,POL_014086,2026-08-07,365482.19,Completed,NEFT,0.8587036795777275
PAY_005301,CLM_007321,POL_000580,2025-11-12,618405.67,Completed,NEFT,0.9098593107628794
PAY_005302,CLM_009118,POL_022667,2026-08-03,23845.22,Completed,Cheque,0.8582452510807601
PAY_005303,CLM_009127,POL_019491,2025-08-25,124526.65,Completed,Bank Transfer,0.8433781654876686
PAY_005304,CLM_000803,POL_010574,2025-01-06,171334.99,Completed,Cheque,0.8294806347595662
PAY_005305,CLM_006805,POL_019025,2026-04-14,298585.24,Completed,UPI,0.9266885466185866
PAY_005306,CLM_003509,POL_014706,2026-09-25,341995.42,Completed,UPI,0.8645126481031744
PAY_005307,CLM_005323,POL_000059,2026-04-15,478974.11,Completed,NEFT,0.8672368734431667
PAY_005308,CLM_006095,POL_004050,2025-08-04,75748.27,Completed,Bank Transfer,0.9776360800479601
PAY_005309,CLM_008267,POL_015017,2025-07-02,685812.52,Completed,NEFT,0.997275979775589
PAY_005310,CLM_007523,POL_013145,2025-03-26,606172.69,Completed,NEFT,0.8473082807009157
PAY_005311,CLM_002457,POL_008676,2025-07-05,258576.7,Completed,NEFT,0.7916045255204335
PAY_005312,CLM_003697,POL_022321,2025-01-05,311538.44,Completed,NEFT,0.8003665149266508
PAY_005313,CLM_008281,POL_003753,2024-06-19,134382.98,Completed,Cheque,0.8710495428095996
PAY_005314,CLM_002440,POL_003282,2025-06-28,213229.06,Completed,UPI,0.7763681988746379
PAY_005315,CLM_003056,POL_020601,2026-09-23,79097.39,Completed,Cheque,0.9400793163127803
PAY_005316,CLM_004607,POL_009779,2026-06-26,45623.43,Completed,UPI,0.993192073521165
PAY_005317,CLM_003387,POL_011776,2024-09-16,314389.64,Completed,UPI,0.9153210460437963
PAY_005318,CLM_006130,POL_020233,2026-10-03,326622.42,Completed,NEFT,0.7571537248745549
PAY_005319,CLM_001861,POL_015722,2025-12-05,76422.67,Completed,Cheque,0.831488462494239
PAY_005320,CLM_009334,POL_012863,2024-11-07,126448.23,Completed,UPI,0.8769270907271273
PAY_005321,CLM_009558,POL_004708,2024-08-27,81301.79,Completed,Bank Transfer,0.8023359204889778
PAY_005322,CLM_005588,POL_001348,2024-08-01,180778.06,Completed,UPI,0.8155187696514592
PAY_005323,CLM_007584,POL_017065,2026-08-24,34882.8,Completed,Bank Transfer,0.8520889403922715
PAY_005324,CLM_002279,POL_014040,2025-01-02,124811.09,Completed,Bank Transfer,0.9727662890361833
PAY_005325,CLM_008872,POL_008969,2026-08-25,26444.02,Completed,Bank Transfer,0.8495898717552062
PAY_005326,CLM_003086,POL_021875,2025-11-09,37953.49,Completed,Cheque,0.8294410736854021
PAY_005327,CLM_003405,POL_013401,2025-08-03,65819.79,Completed,UPI,0.9973485777736628
PAY_005328,CLM_000444,POL_022298,2026-06-11,417114.47,Completed,Bank Transfer,0.7582039373504241
PAY_005329,CLM_008984,POL_004775,2025-11-22,435296.42,Completed,Bank Transfer,0.9134958868528351
PAY_005330,CLM_004430,POL_017490,2026-08-10,194673.19,Completed,Bank Transfer,0.9039219643076704
PAY_005331,CLM_007445,POL_023944,2026-07-15,72455.65,Completed,Bank Transfer,0.7906525206372041
PAY_005332,CLM_008011,POL_024747,2025-09-29,68310.02,Completed,Bank Transfer,0.8448533776006197
PAY_005333,CLM_009693,POL_020916,2025-03-01,298446.43,Completed,Bank Transfer,0.8885908159609195
PAY_005334,CLM_005742,POL_014515,2025-07-28,51749.01,Completed,UPI,0.7942534243337507
PAY_005335,CLM_001144,POL_011212,2026-08-28,395885.78,Completed,Cheque,0.7933163055100892
PAY_005336,CLM_004304,POL_016543,2025-09-19,334691.01,Completed,Bank Transfer,0.8351136469993327
PAY_005337,CLM_002450,POL_019433,2026-03-21,37400.03,Completed,Bank Transfer,0.9778340365976317
PAY_005338,CLM_004819,POL_009822,2025-09-28,79276.19,Completed,Cheque,0.9143433198924097
PAY_005339,CLM_000053,POL_008391,2025-10-23,592840.7,Completed,NEFT,0.9506011105010271
PAY_005340,CLM_006466,POL_021374,2025-09-26,397930.01,Completed,Bank Transfer,0.9560186735118111
PAY_005341,CLM_001315,POL_023834,2026-05-14,822360.09,Completed,Cheque,0.8482596892353376
PAY_005342,CLM_007529,POL_012188,2026-06-24,230126.47,Completed,Cheque,0.9014599425098451
PAY_005343,CLM_005648,POL_012139,2024-09-27,69439.03,Completed,Bank Transfer,0.8512997397884593
PAY_005344,CLM_005877,POL_003797,2024-08-27,34577.23,Completed,NEFT,0.803773575256482
PAY_005345,CLM_001415,POL_021788,2026-07-27,665942.11,Completed,Cheque,0.8692113016428673
PAY_005346,CLM_001426,POL_009234,2025-12-30,77074.27,Completed,UPI,0.9952228849069842
PAY_005347,CLM_008199,POL_023213,2026-01-28,84856.8,Completed,Bank Transfer,0.9531971106456901
PAY_005348,CLM_002051,POL_013462,2024-09-27,817385.16,Completed,UPI,0.8990037605853868
PAY_005349,CLM_002233,POL_009410,2026-04-27,482775.25,Completed,Bank Transfer,0.7660018541431995
PAY_005350,CLM_005879,POL_021706,2025-10-20,246318.23,Completed,Bank Transfer,0.9192553127569237
PAY_005351,CLM_009825,POL_002528,2024-11-17,167847.12,Completed,NEFT,0.9953211689973454
PAY_005352,CLM_006064,POL_000355,2026-07-25,1046929.99,Completed,Bank Transfer,0.9892401085697005
PAY_005353,CLM_001964,POL_005991,2026-10-08,615538.81,Completed,UPI,0.9802810466129683
PAY_005354,CLM_009355,POL_017543,2025-09-04,323784.35,Completed,Bank Transfer,0.8089080268090773
PAY_005355,CLM_009467,POL_019020,2026-05-10,110260.78,Completed,Bank Transfer,0.781992456726889
PAY_005356,CLM_001433,POL_009990,2026-07-12,1014428.71,Completed,NEFT,0.8700341977915651
PAY_005357,CLM_003828,POL_022145,2025-07-07,379961.73,Completed,Bank Transfer,0.9342028966550496
PAY_005358,CLM_007160,POL_001283,2026-09-11,30981.89,Completed,Cheque,0.7958037654273896
PAY_005359,CLM_002345,POL_007479,2026-02-09,118007.02,Completed,Bank Transfer,0.896450479982692
PAY_005360,CLM_001869,POL_012173,2025-08-12,276476.01,Completed,UPI,0.9569197165375163
PAY_005361,CLM_005240,POL_017912,2026-06-24,24330.62,Completed,Bank Transfer,0.9299515504912985
PAY_005362,CLM_002003,POL_019713,2024-06-21,102498.11,Completed,Bank Transfer,0.777380627969791
PAY_005363,CLM_002760,POL_009879,2025-03-05,181363.05,Completed,UPI,0.9587499181275382
PAY_005364,CLM_006638,POL_004819,2026-08-03,246064.35,Completed,Bank Transfer,0.8598271675212896
PAY_005365,CLM_008441,POL_016076,2026-09-17,148359.9,Completed,UPI,0.998803938882529
PAY_005366,CLM_004496,POL_013912,2025-06-18,319424.57,Completed,Bank Transfer,0.7792662092102962
PAY_005367,CLM_002902,POL_017589,2026-01-09,39776.21,Completed,UPI,0.8482880564248481
PAY_005368,CLM_001287,POL_001802,2026-10-08,459236.21,Completed,Bank Transfer,0.9415625080345322
PAY_005369,CLM_006927,POL_016006,2026-09-16,959917.66,Completed,Bank Transfer,0.8800956914777023
PAY_005370,CLM_005793,POL_011110,2026-05-21,76542.2,Completed,UPI,0.9575876191257803
PAY_005371,CLM_006047,POL_009399,2025-01-14,206094.25,Completed,Bank Transfer,0.9015929943438663
PAY_005372,CLM_000005,POL_016133,2026-09-23,430404.32,Completed,Bank Transfer,0.8723766333183236
PAY_005373,CLM_003008,POL_021541,2026-10-08,34821.76,Completed,Cheque,0.7541085142387637
PAY_005374,CLM_001231,POL_013130,2025-02-18,528951.77,Completed,Cheque,0.7742984794348212
PAY_005375,CLM_003912,POL_016560,2025-07-18,39705.06,Completed,UPI,0.783691117410983
PAY_005376,CLM_003502,POL_016267,2025-12-27,31757.89,Completed,Bank Transfer,0.7859490395985257
PAY_005377,CLM_002733,POL_020124,2026-08-24,375889.79,Completed,Bank Transfer,0.9261841261674942
PAY_005378,CLM_002288,POL_008876,2024-09-06,83051.53,Completed,Bank Transfer,0.8285864336411268
PAY_005379,CLM_002732,POL_020210,2026-06-06,53408.12,Completed,Bank Transfer,0.9929965343368387
PAY_005380,CLM_007298,POL_008523,2025-11-30,127271.07,Completed,Bank Transfer,0.9384556145638061
PAY_005381,CLM_009411,POL_014600,2024-11-13,75954.96,Completed,Cheque,0.7639066177851997
PAY_005382,CLM_003909,POL_016746,2025-03-24,138211.82,Completed,Bank Transfer,0.9626663661435652
PAY_005383,CLM_001052,POL_010160,2025-12-06,456157.11,Completed,UPI,0.9610618730691232
PAY_005384,CLM_000075,POL_005057,2025-10-01,126451.63,Completed,Bank Transfer,0.9170219340551884
PAY_005385,CLM_002568,POL_002482,2026-07-12,226836.04,Completed,Bank Transfer,0.855494390217475
PAY_005386,CLM_005479,POL_024950,2025-08-02,224255.2,Completed,UPI,0.7924153493000705
PAY_005387,CLM_003624,POL_000317,2024-10-28,586699.97,Completed,Bank Transfer,0.799818516029982
PAY_005388,CLM_003994,POL_021317,2024-04-29,419518.31,Completed,Bank Transfer,0.7504643149936386
PAY_005389,CLM_001352,POL_014138,2025-02-16,35545.9,Completed,Bank Transfer,0.758332917322151
PAY_005390,CLM_008629,POL_000920,2025-11-14,148895.7,Completed,Bank Transfer,0.7861860222648609
PAY_005391,CLM_001187,POL_021952,2024-07-08,97393.85,Completed,Bank Transfer,0.7750353622265769
PAY_005392,CLM_006144,POL_003196,2026-04-29,1764842.12,Completed,Cheque,0.8591839364090538
PAY_005393,CLM_004838,POL_022894,2025-02-15,741033.18,Completed,Bank Transfer,0.8960958236403728
PAY_005394,CLM_002013,POL_002248,2025-07-09,29924.96,Completed,NEFT,0.8329367426493407
PAY_005395,CLM_005079,POL_007567,2025-10-19,417138.55,Completed,Bank Transfer,0.7819608536071365
PAY_005396,CLM_001277,POL_011673,2025-03-13,182960.88,Completed,UPI,0.8960672309701601
PAY_005397,CLM_006912,POL_007898,2025-07-16,251364.88,Completed,Bank Transfer,0.9054657826059064
PAY_005398,CLM_002669,POL_008588,2026-10-08,215350.61,Completed,UPI,0.9774867753699085
PAY_005399,CLM_007369,POL_008172,2024-05-01,66017.05,Completed,NEFT,0.9108770087239481
PAY_005400,CLM_000013,POL_024506,2025-11-10,56972.13,Completed,UPI,0.874980860029337
PAY_005401,CLM_004856,POL_008708,2025-06-13,234915.49,Completed,Bank Transfer,0.9351820266124348
PAY_005402,CLM_002108,POL_024864,2026-08-14,37532.89,Completed,UPI,0.8192564352407246
PAY_005403,CLM_001161,POL_008670,2025-06-25,165131.24,Completed,Bank Transfer,0.9283184761142351
PAY_005404,CLM_008183,POL_002622,2024-12-27,57410.08,Completed,Bank Transfer,0.9256684886020072
PAY_005405,CLM_009512,POL_008896,2026-09-28,480283.99,Completed,Bank Transfer,0.9536665431803053
PAY_005406,CLM_005791,POL_000082,2025-03-21,90386.16,Completed,UPI,0.8668998511178438
PAY_005407,CLM_003006,POL_017193,2025-11-16,109012.74,Completed,NEFT,0.9934010340551842
PAY_005408,CLM_008466,POL_019832,2025-10-31,31463.46,Completed,UPI,0.8997374862737921
PAY_005409,CLM_009919,POL_017241,2024-12-18,162727.13,Completed,UPI,0.8712436758361689
PAY_005410,CLM_003185,POL_012598,2026-05-07,836038.15,Completed,Bank Transfer,0.848458728847004
PAY_005411,CLM_001397,POL_022312,2026-07-19,158682.21,Completed,Bank Transfer,0.8084196024452772
PAY_005412,CLM_006393,POL_006945,2025-01-31,603376.88,Completed,Cheque,0.8465371152422757
PAY_005413,CLM_003750,POL_017850,2025-05-06,335656.53,Completed,NEFT,0.9659351113157767
PAY_005414,CLM_001024,POL_000960,2024-10-04,20454.43,Completed,Bank Transfer,0.8432191214693983
PAY_005415,CLM_000622,POL_012872,2025-11-10,48213.88,Completed,Bank Transfer,0.8265878948306838
PAY_005416,CLM_006243,POL_001938,2026-09-18,98671.58,Completed,UPI,0.8295986856448095
PAY_005417,CLM_000200,POL_023835,2024-11-09,81110.89,Completed,Bank Transfer,0.9205741931983807
PAY_005418,CLM_002905,POL_003207,2026-09-22,94397.74,Completed,Bank Transfer,0.8066920467403776
PAY_005419,CLM_008423,POL_001982,2025-06-27,41894.68,Completed,UPI,0.8064862821208547
PAY_005420,CLM_001696,POL_016861,2025-08-04,81241.74,Completed,NEFT,0.871818304250989
PAY_005421,CLM_004990,POL_007881,2026-10-08,350982.88,Completed,UPI,0.8897151391147613
PAY_005422,CLM_002929,POL_016534,2024-11-29,241466.57,Completed,UPI,0.9504558923080035
PAY_005423,CLM_005355,POL_005997,2026-05-10,496635.95,Completed,Bank Transfer,0.9476230227028203
PAY_005424,CLM_003733,POL_003706,2024-09-17,39567.54,Completed,Cheque,0.9936195463670237
PAY_005425,CLM_006379,POL_021629,2026-05-04,323771.26,Completed,Cheque,0.7553261401922973
PAY_005426,CLM_006304,POL_023139,2026-06-11,173563.03,Completed,Bank Transfer,0.8972439902218862
PAY_005427,CLM_007990,POL_001794,2024-12-12,382249.01,Completed,NEFT,0.9555318211418782
PAY_005428,CLM_007761,POL_001291,2026-03-11,220665.71,Completed,Bank Transfer,0.8483693744504637
PAY_005429,CLM_006199,POL_020906,2025-11-05,314251.39,Completed,Cheque,0.8969489684390386
PAY_005430,CLM_003442,POL_017531,2026-09-21,62266.81,Completed,Bank Transfer,0.98361137667153
PAY_005431,CLM_001825,POL_003830,2026-03-10,417452.86,Completed,UPI,0.7855759495910027
PAY_005432,CLM_002532,POL_007488,2024-10-27,87362.89,Completed,Bank Transfer,0.8041459458200659
PAY_005433,CLM_005003,POL_017631,2024-09-20,149448.61,Completed,Bank Transfer,0.8757594331800178
PAY_005434,CLM_000381,POL_009674,2025-08-28,21115.29,Completed,UPI,0.7541037645385745
PAY_005435,CLM_006801,POL_019535,2024-11-10,183629.02,Completed,UPI,0.9751954477253311
PAY_005436,CLM_009960,POL_009675,2025-10-04,60998.75,Completed,UPI,0.8333375456449502
PAY_005437,CLM_000347,POL_011027,2024-04-02,103169.12,Completed,Bank Transfer,0.9822730431967704
PAY_005438,CLM_009684,POL_005362,2026-06-23,77490.06,Completed,Bank Transfer,0.876724922988221
PAY_005439,CLM_006494,POL_024675,2026-04-19,74857.29,Completed,NEFT,0.9832882238237319
PAY_005440,CLM_002904,POL_010281,2025-07-02,255799.36,Completed,Bank Transfer,0.9353192572917605
PAY_005441,CLM_009216,POL_009841,2024-09-17,25608.29,Completed,UPI,0.8816402426617743
PAY_005442,CLM_007917,POL_017157,2026-04-28,255137.18,Completed,Bank Transfer,0.7776843635859979
PAY_005443,CLM_001169,POL_021762,2026-03-03,135323.92,Completed,UPI,0.9725951301936689
PAY_005444,CLM_005427,POL_002786,2026-09-05,164420.08,Completed,Bank Transfer,0.9780621399301554
PAY_005445,CLM_009926,POL_001084,2025-03-04,466552.49,Completed,Cheque,0.7843009952794595
PAY_005446,CLM_008145,POL_017473,2026-07-06,461639.41,Completed,Cheque,0.7911179739649123
PAY_005447,CLM_002577,POL_003283,2024-09-14,63517.45,Completed,UPI,0.9533598879937273
PAY_005448,CLM_008523,POL_014324,2026-08-04,85583.86,Completed,UPI,0.9062393746955028
PAY_005449,CLM_006175,POL_003851,2025-09-18,505083.97,Completed,Bank Transfer,0.7933080091830632
PAY_005450,CLM_003496,POL_013037,2025-04-17,264909.54,Completed,UPI,0.8273612278010719
PAY_005451,CLM_000790,POL_021756,2025-04-09,178621.11,Completed,Bank Transfer,0.756027996987758
PAY_005452,CLM_004609,POL_004993,2025-01-10,128258.63,Completed,Bank Transfer,0.7775814436748506
PAY_005453,CLM_001067,POL_006492,2024-11-11,118469.34,Completed,Bank Transfer,0.9584714273682616
PAY_005454,CLM_000437,POL_020842,2026-10-08,152255.15,Completed,UPI,0.8551344043279064
PAY_005455,CLM_005015,POL_017637,2025-04-23,417858.37,Completed,Bank Transfer,0.9278179014931364
PAY_005456,CLM_001644,POL_010189,2025-09-16,562987.29,Completed,UPI,0.9633541724264598
PAY_005457,CLM_009842,POL_001140,2026-03-10,126447.31,Completed,Bank Transfer,0.8732395251326721
PAY_005458,CLM_005852,POL_008011,2026-05-16,385825.26,Completed,Bank Transfer,0.9620280617530714
PAY_005459,CLM_003952,POL_001269,2024-07-27,193586.64,Completed,Bank Transfer,0.9466705070758235
PAY_005460,CLM_001329,POL_010289,2025-01-03,107127.22,Completed,Bank Transfer,0.9159029170721706
PAY_005461,CLM_005112,POL_000850,2024-08-21,413220.28,Completed,Bank Transfer,0.8383622897342159
PAY_005462,CLM_005630,POL_006852,2023-12-06,58372.98,Completed,UPI,0.8953561961406397
PAY_005463,CLM_000055,POL_005055,2024-06-28,62330.87,Completed,Bank Transfer,0.7717637942959368
PAY_005464,CLM_006340,POL_009930,2024-10-15,164484.68,Completed,Bank Transfer,0.8546198348876566
PAY_005465,CLM_006085,POL_006825,2026-09-14,221459.46,Completed,Bank Transfer,0.7954553977092724
PAY_005466,CLM_004257,POL_001545,2025-12-03,50812.46,Completed,NEFT,0.9031494233791865
PAY_005467,CLM_007524,POL_010190,2024-06-24,174912.38,Completed,Bank Transfer,0.8773644213027464
PAY_005468,CLM_009978,POL_007368,2024-09-24,1070309.18,Completed,UPI,0.9519423967635197
PAY_005469,CLM_007426,POL_002897,2026-09-10,933799.69,Completed,Bank Transfer,0.7831276196950538
PAY_005470,CLM_003804,POL_010801,2025-02-20,103139.54,Completed,Bank Transfer,0.8480234691582914
PAY_005471,CLM_004586,POL_023309,2025-02-24,103607.92,Completed,UPI,0.9546742243565401
PAY_005472,CLM_001717,POL_023727,2026-03-09,436799.26,Completed,UPI,0.9952999341888704
PAY_005473,CLM_009082,POL_009291,2026-07-09,159006.56,Completed,UPI,0.8014205626657555
PAY_005474,CLM_000899,POL_007157,2025-02-28,573251.98,Completed,UPI,0.9608637401866944
PAY_005475,CLM_009815,POL_012062,2025-07-05,213482.81,Completed,Bank Transfer,0.9327197567480718
PAY_005476,CLM_002113,POL_011846,2026-02-02,277473.12,Completed,Bank Transfer,0.8512667723853231
PAY_005477,CLM_006397,POL_012291,2026-05-26,1075204.46,Completed,Cheque,0.9079766524297948
PAY_005478,CLM_004333,POL_019053,2026-10-02,28120.67,Completed,Bank Transfer,0.8321221687214742
PAY_005479,CLM_001350,POL_013837,2026-09-26,532056.97,Completed,UPI,0.935700812085512
PAY_005480,CLM_003437,POL_023567,2026-08-30,71475.49,Completed,Cheque,0.8455196754835518
PAY_005481,CLM_007219,POL_001398,2025-09-10,553120.92,Completed,UPI,0.811521258712685
PAY_005482,CLM_009036,POL_023940,2026-07-12,71942.94,Completed,Cheque,0.8879770305503949
PAY_005483,CLM_008125,POL_021911,2026-10-08,125788.59,Completed,Bank Transfer,0.7596024298129813
PAY_005484,CLM_006847,POL_015410,2026-06-04,444285.25,Completed,UPI,0.9613657490169585
PAY_005485,CLM_001191,POL_022467,2025-11-10,354090.26,Completed,Bank Transfer,0.7557774166813053
PAY_005486,CLM_002182,POL_017822,2026-07-03,220009.49,Completed,Bank Transfer,0.8502303464496704
PAY_005487,CLM_004178,POL_022389,2026-09-01,224528.79,Completed,Bank Transfer,0.8350369994827525
PAY_005488,CLM_006013,POL_019964,2025-02-26,78363.21,Completed,Cheque,0.7875230941033459
PAY_005489,CLM_000919,POL_000230,2025-01-17,315939.92,Completed,Bank Transfer,0.8055253022435264
PAY_005490,CLM_006299,POL_004694,2024-12-06,123161.43,Completed,UPI,0.8454887288242405
PAY_005491,CLM_005490,POL_024790,2025-03-03,346293.91,Completed,UPI,0.778784270511999
PAY_005492,CLM_000563,POL_021246,2026-09-26,229190.4,Completed,UPI,0.8140234988451179
PAY_005493,CLM_006174,POL_020932,2026-01-03,334846.46,Completed,UPI,0.9286526526133424
PAY_005494,CLM_009735,POL_024874,2026-03-21,37695.53,Completed,Bank Transfer,0.7569503612607509
PAY_005495,CLM_005673,POL_023521,2026-03-03,119715.12,Completed,NEFT,0.8011060693084034
PAY_005496,CLM_000579,POL_010740,2026-05-04,235120.21,Completed,UPI,0.8936025231250612
PAY_005497,CLM_006818,POL_016169,2025-08-11,389666.65,Completed,UPI,0.8664602252824848
PAY_005498,CLM_007292,POL_001581,2026-06-08,80168.95,Completed,Cheque,0.7652269705138924
PAY_005499,CLM_008099,POL_022331,2026-01-24,281797.94,Completed,Bank Transfer,0.8888618394218659
PAY_005500,CLM_004780,POL_018536,2026-10-07,96675.89,Completed,Bank Transfer,0.8968994885284666
PAY_005501,CLM_000067,POL_022005,2026-10-08,76975.29,Completed,Bank Transfer,0.8631185963653284
PAY_005502,CLM_009573,POL_010177,2025-01-03,794947.2,Completed,UPI,0.9785954646658332
PAY_005503,CLM_009847,POL_003398,2025-11-27,76287.7,Completed,Bank Transfer,0.9980978133946959
PAY_005504,CLM_005191,POL_020521,2025-11-13,91836.68,Completed,UPI,0.9718021168359162
PAY_005505,CLM_005309,POL_014739,2025-08-02,158148.89,Completed,Bank Transfer,0.9865341971395486
PAY_005506,CLM_009161,POL_016329,2024-10-02,269223.5,Completed,Bank Transfer,0.7996033339479327
PAY_005507,CLM_007409,POL_022098,2026-06-10,146545.34,Completed,Bank Transfer,0.9228354663968581
PAY_005508,CLM_007568,POL_005151,2024-12-03,32671.32,Completed,Bank Transfer,0.8795266738598111
PAY_005509,CLM_009689,POL_023186,2024-02-23,440263.91,Completed,Bank Transfer,0.8117773565949566
PAY_005510,CLM_003439,POL_013843,2026-08-17,524406.8,Completed,NEFT,0.7987013078000793
PAY_005511,CLM_002500,POL_015764,2026-05-24,36865.08,Completed,UPI,0.846957919389723
PAY_005512,CLM_009644,POL_022326,2025-06-03,57081.03,Completed,UPI,0.862528077366224
PAY_005513,CLM_009019,POL_003961,2024-05-18,57692.64,Completed,Bank Transfer,0.9668077849853527
PAY_005514,CLM_005784,POL_004490,2025-12-13,206129.37,Completed,UPI,0.8921953509091693
PAY_005515,CLM_000476,POL_018014,2025-04-01,129870.33,Completed,Bank Transfer,0.8185825390932521
PAY_005516,CLM_000301,POL_005058,2024-09-26,34309.17,Completed,UPI,0.7798353918818784
PAY_005517,CLM_005217,POL_016866,2026-07-13,325922.88,Completed,UPI,0.8081121123658657
PAY_005518,CLM_001945,POL_024134,2024-03-28,75812.66,Completed,UPI,0.9629821855181503
PAY_005519,CLM_009152,POL_006125,2026-09-07,124479.61,Completed,Bank Transfer,0.945798897511716
PAY_005520,CLM_005540,POL_019631,2026-06-25,167411.58,Completed,Bank Transfer,0.9875607220822946
PAY_005521,CLM_005189,POL_008243,2025-10-04,153968.3,Completed,UPI,0.9001244298233101
PAY_005522,CLM_000460,POL_000161,2025-01-24,150205.9,Completed,Bank Transfer,0.7603830094180013
PAY_005523,CLM_007887,POL_014875,2025-02-23,311377.62,Completed,UPI,0.9201949523176793
PAY_005524,CLM_004286,POL_003532,2025-10-29,85692.78,Completed,UPI,0.8022203811101906
PAY_005525,CLM_009533,POL_005978,2025-04-08,87093.66,Completed,Bank Transfer,0.9910884308687687
PAY_005526,CLM_004435,POL_005441,2025-01-31,263675.06,Completed,Bank Transfer,0.7836639735242155
PAY_005527,CLM_009648,POL_017337,2025-10-08,137118.11,Completed,Cheque,0.8735922830258845
PAY_005528,CLM_003303,POL_007775,2024-05-27,757510.81,Completed,Bank Transfer,0.9682660723962532
PAY_005529,CLM_005967,POL_008912,2024-11-10,34352.57,Completed,Bank Transfer,0.9022714790865966
PAY_005530,CLM_005061,POL_001483,2025-09-13,480621.49,Completed,UPI,0.9117896606309751
PAY_005531,CLM_002101,POL_016302,2026-07-25,283738.08,Completed,Bank Transfer,0.7780960129919384
PAY_005532,CLM_000238,POL_018983,2026-10-08,297921.76,Completed,Bank Transfer,0.9431898923009002
PAY_005533,CLM_005978,POL_013128,2026-07-08,147264.56,Completed,Bank Transfer,0.8344638421342574
PAY_005534,CLM_008407,POL_009293,2026-10-01,84334.3,Completed,Bank Transfer,0.8309850883570077
PAY_005535,CLM_005087,POL_009933,2026-06-10,161771.04,Completed,UPI,0.8757627280226085
PAY_005536,CLM_006003,POL_000985,2025-02-12,22982.77,Completed,UPI,0.8220821568149123
PAY_005537,CLM_007334,POL_000003,2024-07-30,275565.93,Completed,Bank Transfer,0.9965336520320841
PAY_005538,CLM_008186,POL_017442,2025-12-18,485022.7,Completed,Bank Transfer,0.7766627699769613
PAY_005539,CLM_008271,POL_019245,2026-07-31,31480.74,Completed,UPI,0.8794016186978513
PAY_005540,CLM_001355,POL_012286,2026-09-27,593165.17,Completed,Bank Transfer,0.8517377403518309
PAY_005541,CLM_000083,POL_017751,2026-10-08,20738.3,Completed,UPI,0.8064444627644102
PAY_005542,CLM_001795,POL_010113,2025-09-19,355291.14,Completed,NEFT,0.9494077317012128
PAY_005543,CLM_007293,POL_003608,2025-10-07,67091.33,Completed,Bank Transfer,0.9521462674307151
PAY_005544,CLM_008388,POL_018586,2026-08-26,162494.88,Completed,Bank Transfer,0.9748614603224883
PAY_005545,CLM_003029,POL_023204,2026-09-23,124324.46,Completed,UPI,0.7550845057565536
PAY_005546,CLM_002186,POL_000816,2025-05-14,682203.05,Completed,Bank Transfer,0.9726097662272593
PAY_005547,CLM_000211,POL_020506,2026-03-04,255140.91,Completed,UPI,0.9977805191811221
PAY_005548,CLM_000695,POL_015442,2026-08-01,95560.93,Completed,UPI,0.7935019993049865
PAY_005549,CLM_006341,POL_015456,2026-09-29,492108.38,Completed,UPI,0.9873268197356309
PAY_005550,CLM_005576,POL_018064,2026-04-12,51554.76,Completed,UPI,0.9196673805100248
PAY_005551,CLM_002517,POL_022390,2025-12-16,402043.93,Completed,UPI,0.7863684160259002
PAY_005552,CLM_001085,POL_011075,2026-02-24,118905.89,Completed,Bank Transfer,0.9104544627248622
PAY_005553,CLM_002553,POL_019981,2025-12-28,196350.2,Completed,UPI,0.9541396766735659
PAY_005554,CLM_008352,POL_007984,2025-01-02,273984.02,Completed,Cheque,0.9153942918362348
PAY_005555,CLM_006401,POL_000634,2025-09-17,204766.03,Completed,Bank Transfer,0.8829780252059604
PAY_005556,CLM_006889,POL_001298,2025-09-26,144294.52,Completed,Cheque,0.8274291659615857
PAY_005557,CLM_003868,POL_012985,2026-08-08,106742.35,Completed,Cheque,0.9330353408419143
PAY_005558,CLM_008106,POL_021959,2024-11-25,212748.32,Completed,NEFT,0.8526514141520734
PAY_005559,CLM_005962,POL_010282,2025-03-18,311064.06,Completed,Cheque,0.9614800083170985
PAY_005560,CLM_001928,POL_013773,2024-09-04,250151.18,Completed,Bank Transfer,0.9818781051282488
PAY_005561,CLM_008916,POL_014576,2024-10-07,56438.07,Completed,Bank Transfer,0.8548678847688355
PAY_005562,CLM_004068,POL_022460,2026-10-08,174847.72,Completed,Cheque,0.7524102184535477
PAY_005563,CLM_000256,POL_023628,2024-10-18,297850.69,Completed,Cheque,0.7773309016255509
PAY_005564,CLM_001654,POL_017606,2024-03-11,202649.39,Completed,NEFT,0.9882029715033396
PAY_005565,CLM_002939,POL_015813,2025-08-19,801169.36,Completed,UPI,0.9281081502816549
PAY_005566,CLM_008416,POL_008744,2026-09-20,447677.96,Completed,Cheque,0.9066981333615476
PAY_005567,CLM_008410,POL_017445,2025-08-13,575325.94,Completed,NEFT,0.940233476264277
PAY_005568,CLM_000204,POL_013996,2026-09-08,196194.95,Completed,NEFT,0.9900205179716814
PAY_005569,CLM_005868,POL_008348,2025-11-22,258985.96,Completed,UPI,0.7741104771729196
PAY_005570,CLM_006945,POL_010733,2025-10-02,134347.12,Completed,NEFT,0.8536918149057341
PAY_005571,CLM_008119,POL_022287,2024-10-18,152170.34,Completed,Bank Transfer,0.9684393345741361
PAY_005572,CLM_004785,POL_022379,2026-05-06,574226.12,Completed,UPI,0.7970891218511015
PAY_005573,CLM_006795,POL_000133,2025-09-29,237039.8,Completed,Cheque,0.8329476180081572
PAY_005574,CLM_004089,POL_004192,2025-12-24,117971.24,Completed,NEFT,0.9071997544119113
PAY_005575,CLM_005374,POL_000663,2024-08-28,528316.98,Completed,Cheque,0.8395438806011513
PAY_005576,CLM_002010,POL_021481,2026-04-23,229617.08,Completed,Bank Transfer,0.848920476043331
PAY_005577,CLM_009434,POL_024417,2024-12-15,57766.56,Completed,Bank Transfer,0.9229983109579063
PAY_005578,CLM_008310,POL_008154,2024-06-07,42534.22,Completed,NEFT,0.9963116935196741
PAY_005579,CLM_005174,POL_006085,2025-09-29,66496.28,Completed,Bank Transfer,0.9540050583747465
PAY_005580,CLM_009012,POL_021196,2025-04-23,37370.17,Completed,Cheque,0.9550172806996919
PAY_005581,CLM_006808,POL_001572,2025-06-18,89433.7,Completed,Cheque,0.9844671317383343
PAY_005582,CLM_004317,POL_000613,2024-08-29,27634.82,Completed,Bank Transfer,0.8399179254879899
PAY_005583,CLM_004235,POL_000955,2025-09-11,398649.46,Completed,Bank Transfer,0.9120303289101767
PAY_005584,CLM_008710,POL_007838,2026-10-03,55709.7,Completed,Bank Transfer,0.9899684082693637
PAY_005585,CLM_002446,POL_011564,2026-07-09,235528.74,Completed,Bank Transfer,0.8333623411829081
PAY_005586,CLM_004210,POL_017716,2025-10-10,499221.9,Completed,Bank Transfer,0.9527450411147178
PAY_005587,CLM_000659,POL_009351,2026-03-16,527902.91,Completed,NEFT,0.8572436551531256
PAY_005588,CLM_000892,POL_001886,2025-04-21,309910.9,Completed,UPI,0.8300600370227504
PAY_005589,CLM_006062,POL_007732,2025-10-29,306548.27,Completed,UPI,0.9817042032804957
PAY_005590,CLM_006854,POL_011472,2026-01-10,753806.49,Completed,Bank Transfer,0.8871655530586928
PAY_005591,CLM_008503,POL_024141,2026-04-11,110320.28,Completed,NEFT,0.7812541959022499
PAY_005592,CLM_002957,POL_014690,2025-12-16,881326.52,Completed,UPI,0.8766366367226629
PAY_005593,CLM_005768,POL_017632,2025-03-28,57748.96,Completed,UPI,0.9622446714845861
PAY_005594,CLM_008155,POL_003495,2026-10-08,265304.57,Completed,UPI,0.9996578312704615
PAY_005595,CLM_002323,POL_015685,2026-07-09,114104.43,Completed,UPI,0.8181643356580678
PAY_005596,CLM_006648,POL_010599,2024-10-29,50880.88,Completed,Bank Transfer,0.763088625781841
PAY_005597,CLM_007821,POL_002409,2024-06-29,84098.38,Completed,NEFT,0.8699190473530574
PAY_005598,CLM_009447,POL_015917,2025-09-19,591064.57,Completed,UPI,0.8754323307933807
PAY_005599,CLM_000058,POL_007856,2026-01-02,58049.87,Completed,UPI,0.7668205198724526
PAY_005600,CLM_007787,POL_015069,2025-12-28,182612.04,Completed,UPI,0.8097920372979989
PAY_005601,CLM_002977,POL_014877,2026-09-27,214848.33,Completed,Bank Transfer,0.9083151369431527
PAY_005602,CLM_005580,POL_006989,2025-04-28,44981.38,Completed,Bank Transfer,0.9084735890311137
PAY_005603,CLM_003102,POL_021078,2025-02-15,253928.2,Completed,Cheque,0.8665781346723089
PAY_005604,CLM_000101,POL_019040,2024-12-26,42029.28,Completed,Bank Transfer,0.976832201849575
PAY_005605,CLM_008024,POL_015312,2026-07-17,55303.47,Completed,Bank Transfer,0.9269595037976975
PAY_005606,CLM_009863,POL_022935,2026-09-01,20317.1,Completed,UPI,0.8548816417416828
PAY_005607,CLM_003786,POL_012960,2024-02-09,314812.81,Completed,Bank Transfer,0.9443497650005641
PAY_005608,CLM_004525,POL_003277,2026-10-08,367281.76,Completed,UPI,0.7984789839590585
PAY_005609,CLM_002959,POL_003168,2026-03-11,58449.98,Completed,UPI,0.9424644979387512
PAY_005610,CLM_000637,POL_009996,2024-10-18,93772.25,Completed,Cheque,0.9177251766287421
PAY_005611,CLM_002930,POL_008209,2026-05-30,202461.65,Completed,Bank Transfer,0.9042977106393292
PAY_005612,CLM_003610,POL_017957,2025-04-20,28870.19,Completed,UPI,0.9294429624535845
PAY_005613,CLM_001885,POL_004954,2024-09-24,246171.43,Completed,NEFT,0.8640318918822539
PAY_005614,CLM_004883,POL_016073,2024-10-09,30704.25,Completed,Cheque,0.9941711427856317
PAY_005615,CLM_001890,POL_000102,2026-02-08,203196.92,Completed,Bank Transfer,0.857517291136091
PAY_005616,CLM_000335,POL_006569,2026-03-11,394816.17,Completed,UPI,0.7814437472611993
PAY_005617,CLM_008371,POL_022789,2025-05-24,74703.26,Completed,Bank Transfer,0.9250412473618281
PAY_005618,CLM_003691,POL_017661,2025-03-17,216120.34,Completed,Bank Transfer,0.8982174741841847
PAY_005619,CLM_006553,POL_011931,2026-05-19,137853.95,Completed,Cheque,0.8574358048712404
PAY_005620,CLM_003653,POL_020029,2026-07-31,58932.57,Completed,Bank Transfer,0.7843412492934515
PAY_005621,CLM_004664,POL_006817,2026-05-24,34937.27,Completed,UPI,0.9641620503870609
PAY_005622,CLM_004536,POL_005614,2024-06-09,44646.46,Completed,Bank Transfer,0.8519544506938779
PAY_005623,CLM_005624,POL_016619,2026-09-04,158491.21,Completed,Bank Transfer,0.9937999122146978
PAY_005624,CLM_003951,POL_016108,2026-05-06,223194.4,Completed,Bank Transfer,0.9984971614366606
PAY_005625,CLM_006860,POL_002454,2026-05-26,538059.37,Completed,UPI,0.8965110075405252
PAY_005626,CLM_006000,POL_016883,2025-12-21,74929.71,Completed,UPI,0.7726620129403085
PAY_005627,CLM_003002,POL_001509,2025-05-08,134089.51,Completed,Cheque,0.8807491275237966
PAY_005628,CLM_003822,POL_004903,2026-06-07,480072.56,Completed,Bank Transfer,0.9935308360364152
PAY_005629,CLM_003942,POL_022401,2024-01-23,157295.85,Completed,NEFT,0.8189295376622511
PAY_005630,CLM_006653,POL_016171,2024-11-22,117849.08,Completed,Cheque,0.9314061624083119
PAY_005631,CLM_007676,POL_004218,2026-02-24,198869.48,Completed,UPI,0.9716096928079393
PAY_005632,CLM_002011,POL_001109,2025-06-14,189987.93,Completed,UPI,0.9174943877166161
PAY_005633,CLM_009379,POL_018776,2026-10-08,186147.57,Completed,Bank Transfer,0.8187188174124128
PAY_005634,CLM_009743,POL_005579,2026-05-03,48083.54,Completed,Bank Transfer,0.9047441190787417
PAY_005635,CLM_008066,POL_013242,2026-02-05,286878.15,Completed,UPI,0.9476240126857178
PAY_005636,CLM_009625,POL_006073,2025-10-03,226413.72,Completed,Bank Transfer,0.9632783447047748
PAY_005637,CLM_007094,POL_013828,2025-02-27,157262.62,Completed,Cheque,0.8255259976514423
PAY_005638,CLM_001853,POL_005981,2026-07-26,87705.95,Completed,NEFT,0.8674068233879738
PAY_005639,CLM_008937,POL_021596,2026-07-15,89034.56,Completed,Bank Transfer,0.8451716005370926
PAY_005640,CLM_009796,POL_016592,2025-05-16,223406.38,Completed,Bank Transfer,0.8550450330631573
PAY_005641,CLM_002228,POL_012589,2026-09-24,302585.77,Completed,NEFT,0.8686050004089181
PAY_005642,CLM_009052,POL_002481,2024-05-11,164969.07,Completed,Cheque,0.7772042453107306
PAY_005643,CLM_004541,POL_008535,2025-01-17,355951.81,Completed,Cheque,0.8540183753493282
PAY_005644,CLM_006487,POL_004113,2025-01-22,217035.37,Completed,Bank Transfer,0.7806180530695643
PAY_005645,CLM_006813,POL_001819,2026-09-29,170763.89,Completed,Cheque,0.9070533691224204
PAY_005646,CLM_009372,POL_005478,2024-09-14,208759.91,Completed,Bank Transfer,0.840506157567836
PAY_005647,CLM_006875,POL_018497,2026-02-05,101044.66,Completed,Bank Transfer,0.8945835393950083
PAY_005648,CLM_005120,POL_022716,2025-06-01,94237.72,Completed,UPI,0.9057448042639469
PAY_005649,CLM_002741,POL_021489,2026-05-16,233673.17,Completed,Cheque,0.9784774315506389
PAY_005650,CLM_000746,POL_010564,2025-12-29,42118.22,Completed,Cheque,0.8962067065139449
PAY_005651,CLM_005937,POL_011908,2024-02-18,509486.17,Completed,Bank Transfer,0.7793317059160698
PAY_005652,CLM_001895,POL_012239,2025-12-11,182858.49,Completed,NEFT,0.9423902390529718
PAY_005653,CLM_001316,POL_012053,2025-05-25,184198.74,Completed,Cheque,0.8296537577153935
PAY_005654,CLM_004921,POL_018280,2024-11-16,610247.49,Completed,Bank Transfer,0.7641713450883509
PAY_005655,CLM_005262,POL_007835,2026-08-18,279536.67,Completed,Bank Transfer,0.799283701286332
PAY_005656,CLM_006026,POL_015513,2026-09-01,31382.37,Completed,Cheque,0.8985651530795435
PAY_005657,CLM_004490,POL_012160,2025-12-01,165740.47,Completed,UPI,0.7769296244572665
PAY_005658,CLM_003137,POL_006782,2024-11-15,73331.81,Completed,Bank Transfer,0.7972335927005515
PAY_005659,CLM_001113,POL_022057,2024-12-30,122211.23,Completed,NEFT,0.9399130068161273
PAY_005660,CLM_006292,POL_020203,2025-08-29,138281.01,Completed,Cheque,0.8030680016732591
PAY_005661,CLM_001364,POL_012914,2025-05-29,1246674.02,Completed,Bank Transfer,0.7775381747734553
PAY_005662,CLM_001183,POL_017307,2026-10-08,545016.91,Completed,Bank Transfer,0.8538954669788266
PAY_005663,CLM_007100,POL_020195,2023-12-12,70677.13,Completed,Bank Transfer,0.8417389164755766
PAY_005664,CLM_006084,POL_000313,2026-02-02,30457.05,Completed,Bank Transfer,0.7589045997412098
PAY_005665,CLM_000228,POL_014644,2025-02-24,46454.07,Completed,Bank Transfer,0.9335975849574734
PAY_005666,CLM_007997,POL_003242,2026-05-21,169436.27,Completed,UPI,0.7533440939772984
PAY_005667,CLM_006463,POL_019758,2026-09-01,155644.82,Completed,UPI,0.936024490799863
PAY_005668,CLM_005662,POL_008415,2026-06-09,566477.73,Completed,Bank Transfer,0.8305580582833052
PAY_005669,CLM_003607,POL_014369,2026-05-19,381935.04,Completed,Bank Transfer,0.9355727078085253
PAY_005670,CLM_009519,POL_018114,2026-06-04,230066.27,Completed,Bank Transfer,0.9025251184732982
PAY_005671,CLM_001898,POL_002073,2025-02-09,92227.0,Completed,Bank Transfer,0.9649592167745773
PAY_005672,CLM_007408,POL_005218,2026-09-14,338197.45,Completed,Bank Transfer,0.7632809919188878
PAY_005673,CLM_009099,POL_009955,2025-03-31,168425.59,Completed,Cheque,0.9378842952472249
PAY_005674,CLM_007655,POL_009354,2024-11-27,196668.21,Completed,UPI,0.8513553456312524
PAY_005675,CLM_008373,POL_015157,2025-08-03,118015.57,Completed,Bank Transfer,0.8521615366691249
PAY_005676,CLM_009276,POL_000827,2026-06-11,120305.6,Completed,Bank Transfer,0.790437608729389
PAY_005677,CLM_004697,POL_021458,2025-06-07,680935.23,Completed,Bank Transfer,0.8228865800354165
PAY_005678,CLM_004712,POL_019371,2025-08-03,1111600.12,Completed,NEFT,0.8837409069740682
PAY_005679,CLM_000458,POL_000746,2025-02-13,86693.3,Completed,Cheque,0.9810063843895903
PAY_005680,CLM_003536,POL_020897,2025-06-16,75306.22,Completed,Bank Transfer,0.9787827054412835
PAY_005681,CLM_009361,POL_008390,2026-09-05,194451.28,Completed,Cheque,0.8847455537221744
PAY_005682,CLM_006268,POL_003154,2024-11-09,159107.01,Completed,Bank Transfer,0.8204777373097644
PAY_005683,CLM_001204,POL_005379,2025-08-23,496324.73,Completed,Bank Transfer,0.9227178891676012
PAY_005684,CLM_004387,POL_011243,2026-06-04,856113.93,Completed,NEFT,0.8628476447908062
PAY_005685,CLM_004935,POL_011495,2024-09-15,149789.57,Completed,NEFT,0.9641859785495522
PAY_005686,CLM_007532,POL_000537,2026-10-08,65334.29,Completed,UPI,0.9921382797788981
PAY_005687,CLM_008775,POL_015457,2026-07-22,1047425.47,Completed,Bank Transfer,0.8705648928633208
PAY_005688,CLM_000076,POL_020994,2025-04-23,55542.7,Completed,UPI,0.9646856083684926
PAY_005689,CLM_005787,POL_011980,2025-09-26,413455.44,Completed,Bank Transfer,0.97562349059971
PAY_005690,CLM_004920,POL_015897,2025-06-13,148863.72,Completed,UPI,0.8578000577153747
PAY_005691,CLM_002720,POL_020287,2025-06-24,213396.34,Completed,NEFT,0.9560302327570337
PAY_005692,CLM_002134,POL_011222,2024-07-13,53389.14,Completed,Bank Transfer,0.8183586915185619
PAY_005693,CLM_006922,POL_024823,2025-11-05,580342.77,Completed,Bank Transfer,0.8665591314632496
PAY_005694,CLM_006951,POL_009956,2026-07-12,575454.91,Completed,UPI,0.9056267544647357
PAY_005695,CLM_005899,POL_011234,2026-10-08,102071.6,Completed,Bank Transfer,0.9111346550574322
PAY_005696,CLM_004747,POL_017740,2026-10-08,96910.53,Completed,Cheque,0.8247159315507391
PAY_005697,CLM_006999,POL_020957,2026-03-07,19327.24,Completed,Bank Transfer,0.9050100136590337
PAY_005698,CLM_001369,POL_006081,2024-09-17,306831.33,Completed,Bank Transfer,0.8617234833080872
PAY_005699,CLM_004687,POL_003441,2025-04-21,115084.07,Completed,Bank Transfer,0.9237585787592326
PAY_005700,CLM_003085,POL_003454,2025-05-05,62570.63,Completed,Bank Transfer,0.876212341768385
PAY_005701,CLM_009664,POL_021025,2025-04-13,78643.29,Completed,Cheque,0.9517202495184114
PAY_005702,CLM_007215,POL_019139,2024-10-15,32524.32,Completed,UPI,0.9397772919631975
PAY_005703,CLM_008504,POL_018820,2024-10-17,352052.13,Completed,Bank Transfer,0.942927176973464
PAY_005704,CLM_004358,POL_022407,2024-03-29,364687.64,Completed,Bank Transfer,0.9499768280633968
PAY_005705,CLM_007810,POL_010005,2026-07-05,346026.7,Completed,NEFT,0.8356625226236358
PAY_005706,CLM_001107,POL_001875,2026-08-19,236618.53,Completed,Bank Transfer,0.7842371334115232
PAY_005707,CLM_009395,POL_015632,2025-02-05,166958.56,Completed,UPI,0.9962343139925407
PAY_005708,CLM_004980,POL_001279,2025-03-30,338433.67,Completed,UPI,0.9682565054555997
PAY_005709,CLM_000401,POL_008959,2025-06-06,115674.42,Completed,Cheque,0.9412617193469373
PAY_005710,CLM_009880,POL_013585,2025-01-04,222584.68,Completed,NEFT,0.9830700245338344
PAY_005711,CLM_006432,POL_019595,2026-03-08,51624.53,Completed,Cheque,0.8494893555752103
PAY_005712,CLM_008907,POL_021602,2026-10-08,85882.98,Completed,Bank Transfer,0.837987541466162
PAY_005713,CLM_003316,POL_021476,2024-04-02,100398.99,Completed,Bank Transfer,0.8402399126677317
PAY_005714,CLM_003877,POL_021109,2025-08-09,48023.56,Completed,UPI,0.8125790501110234
PAY_005715,CLM_002965,POL_018637,2026-08-08,351659.46,Completed,Bank Transfer,0.8633666953244814
PAY_005716,CLM_004821,POL_009544,2024-08-27,41622.45,Completed,UPI,0.8092252076117906
PAY_005717,CLM_001044,POL_011881,2025-03-30,148455.06,Completed,Bank Transfer,0.7773422994053966
PAY_005718,CLM_001375,POL_021418,2026-10-08,599458.79,Completed,Cheque,0.9161097956123225
PAY_005719,CLM_008734,POL_014430,2026-07-26,554280.56,Completed,Bank Transfer,0.8702816437252872
PAY_005720,CLM_003222,POL_005787,2025-06-09,192469.24,Completed,Cheque,0.8846457714413227
PAY_005721,CLM_001435,POL_023106,2025-12-06,613806.12,Completed,Cheque,0.8045378417901677
PAY_005722,CLM_004572,POL_023831,2024-09-19,759840.15,Completed,Bank Transfer,0.8575479257962068
PAY_005723,CLM_002514,POL_013429,2026-10-08,280725.51,Completed,Bank Transfer,0.941001894604024
PAY_005724,CLM_008248,POL_024127,2025-10-15,163392.67,Completed,NEFT,0.7661781506949651
PAY_005725,CLM_006288,POL_019275,2026-09-17,440668.89,Completed,Bank Transfer,0.7776011243984945
PAY_005726,CLM_007794,POL_004118,2026-04-25,11820.76,Completed,UPI,0.8204952362971528
PAY_005727,CLM_002465,POL_003558,2024-12-12,434055.75,Completed,Bank Transfer,0.8305896141794437
PAY_005728,CLM_007370,POL_019127,2026-03-10,48257.56,Completed,UPI,0.9738160201843966
PAY_005729,CLM_000480,POL_023116,2025-06-21,581577.14,Completed,NEFT,0.9916083549561387
PAY_005730,CLM_005274,POL_015319,2025-05-26,545247.55,Completed,Cheque,0.9191609291549211
PAY_005731,CLM_006027,POL_016256,2025-11-13,27238.07,Completed,Bank Transfer,0.8167246720201304
PAY_005732,CLM_001008,POL_001061,2025-06-08,493022.0,Completed,NEFT,0.8958199526577556
PAY_005733,CLM_004887,POL_023898,2026-10-08,162533.54,Completed,Bank Transfer,0.7824940637806634
PAY_005734,CLM_007403,POL_016144,2026-10-08,582535.95,Completed,Bank Transfer,0.8570668324923659
PAY_005735,CLM_007025,POL_013582,2024-07-14,337919.03,Completed,UPI,0.9140818731028257
PAY_005736,CLM_001402,POL_005053,2026-02-11,81698.35,Completed,UPI,0.8010444772015393
PAY_005737,CLM_009428,POL_016268,2026-10-05,228911.11,Completed,NEFT,0.9253317005598934
PAY_005738,CLM_009050,POL_009151,2026-10-08,770637.27,Completed,NEFT,0.8743269363969829
PAY_005739,CLM_003143,POL_011719,2025-11-05,142891.23,Completed,Bank Transfer,0.9249891943108574
PAY_005740,CLM_003872,POL_009905,2024-05-18,27292.83,Completed,Bank Transfer,0.9643513210313851
PAY_005741,CLM_006752,POL_002657,2026-01-11,141613.61,Completed,Bank Transfer,0.7708177399716641
PAY_005742,CLM_007240,POL_007364,2024-07-18,289816.61,Completed,UPI,0.8061789546833781
PAY_005743,CLM_008818,POL_002199,2025-12-08,56602.67,Completed,NEFT,0.9639750890613061
PAY_005744,CLM_009154,POL_003886,2024-07-08,574106.32,Completed,NEFT,0.9844118783340668
PAY_005745,CLM_007510,POL_012862,2024-05-30,49222.88,Completed,UPI,0.867262967571337
PAY_005746,CLM_005092,POL_007146,2025-11-17,528894.62,Completed,UPI,0.8895174756727362
PAY_005747,CLM_006817,POL_004017,2024-05-27,338135.05,Completed,Bank Transfer,0.787729765643819
PAY_005748,CLM_007534,POL_005051,2026-04-01,351899.39,Completed,NEFT,0.8170493156637078
PAY_005749,CLM_002844,POL_022565,2026-06-02,1114556.99,Completed,UPI,0.9914431930541857
PAY_005750,CLM_005864,POL_017523,2025-07-30,756201.21,Completed,Bank Transfer,0.9562283687187422
PAY_005751,CLM_006756,POL_020221,2026-07-25,74538.38,Completed,NEFT,0.7758075589070764
PAY_005752,CLM_008240,POL_014439,2026-02-28,62347.79,Completed,Bank Transfer,0.8800025010741069
PAY_005753,CLM_007533,POL_007495,2024-02-21,65135.77,Completed,Cheque,0.967243308228517
PAY_005754,CLM_008756,POL_019528,2024-10-01,382191.46,Completed,Bank Transfer,0.757694463050755
PAY_005755,CLM_007058,POL_014386,2025-10-30,253654.74,Completed,Bank Transfer,0.9144831963202446
PAY_005756,CLM_009459,POL_014578,2025-08-25,320495.84,Completed,UPI,0.8186580648470408
PAY_005757,CLM_007144,POL_024074,2026-04-24,983894.63,Completed,Bank Transfer,0.9914219216261931
PAY_005758,CLM_005130,POL_011382,2026-10-08,286838.87,Completed,Bank Transfer,0.9552196244524132
PAY_005759,CLM_009133,POL_016219,2026-01-04,74250.5,Completed,UPI,0.9301108747330099
PAY_005760,CLM_009955,POL_001952,2026-09-25,262103.49,Completed,Cheque,0.9270672369109468
PAY_005761,CLM_008274,POL_007585,2026-09-19,389984.88,Completed,Bank Transfer,0.779396030993665
PAY_005762,CLM_000557,POL_020552,2025-05-14,40287.91,Completed,Bank Transfer,0.7727930138496143
PAY_005763,CLM_008740,POL_009335,2026-09-04,102589.08,Completed,Bank Transfer,0.9792108400442505
PAY_005764,CLM_009138,POL_008433,2024-07-30,576534.81,Completed,Bank Transfer,0.8608570620389467
PAY_005765,CLM_000779,POL_015299,2026-10-08,93974.09,Completed,UPI,0.9919815237891558
PAY_005766,CLM_009320,POL_022443,2025-02-11,75111.79,Completed,UPI,0.8413339737370265
PAY_005767,CLM_007142,POL_024173,2026-10-08,277810.08,Completed,Cheque,0.8696120131069377
PAY_005768,CLM_005989,POL_019867,2024-07-01,70916.65,Completed,Bank Transfer,0.8373690397809229
PAY_005769,CLM_004998,POL_022411,2025-10-01,73139.36,Completed,Cheque,0.8919211166062312
PAY_005770,CLM_000278,POL_007754,2025-01-18,205096.2,Completed,Bank Transfer,0.8729635332838518
PAY_005771,CLM_001926,POL_024724,2025-09-28,37864.23,Completed,Bank Transfer,0.9764791774765399
PAY_005772,CLM_004992,POL_001645,2026-10-08,532258.42,Completed,Bank Transfer,0.8370262604598321
PAY_005773,CLM_003864,POL_000123,2026-05-19,88977.6,Completed,Bank Transfer,0.926607248205288
PAY_005774,CLM_007140,POL_022705,2023-11-11,480533.09,Completed,NEFT,0.9288236102184593
PAY_005775,CLM_006617,POL_014780,2024-06-18,93387.42,Completed,UPI,0.7680111358523325
PAY_005776,CLM_005717,POL_003343,2024-09-07,44811.89,Completed,Cheque,0.7847657491604971
PAY_005777,CLM_002649,POL_021988,2026-10-08,433330.32,Completed,Cheque,0.9172255801966629
PAY_005778,CLM_009521,POL_001456,2026-04-19,86287.5,Completed,Bank Transfer,0.8964922025048483
PAY_005779,CLM_004100,POL_004789,2025-11-01,349466.42,Completed,Bank Transfer,0.8341784408721309
PAY_005780,CLM_004320,POL_012004,2026-10-08,49727.15,Completed,Bank Transfer,0.8439255768739259
PAY_005781,CLM_001752,POL_000435,2026-01-21,365509.14,Completed,Bank Transfer,0.7865077041290967
PAY_005782,CLM_002352,POL_004900,2024-05-17,519350.14,Completed,Cheque,0.9597882378948763
PAY_005783,CLM_004860,POL_017916,2026-10-08,83782.38,Completed,NEFT,0.835586433764951
PAY_005784,CLM_004953,POL_010361,2025-06-26,443124.32,Completed,UPI,0.9353035332418204
PAY_005785,CLM_008443,POL_008653,2026-08-20,569232.51,Completed,Cheque,0.7931921883949595
PAY_005786,CLM_004084,POL_009450,2024-02-22,254138.83,Completed,Cheque,0.9162613193351244
PAY_005787,CLM_002564,POL_017005,2026-09-07,604098.05,Completed,Cheque,0.9353826853215703
PAY_005788,CLM_007857,POL_008066,2026-01-31,171141.61,Completed,NEFT,0.9933085505742463
PAY_005789,CLM_005405,POL_002381,2025-07-26,110898.98,Completed,Bank Transfer,0.8481297000315852
PAY_005790,CLM_004791,POL_006476,2025-12-29,160482.64,Completed,UPI,0.9005323198695642
PAY_005791,CLM_004790,POL_000711,2025-01-04,42123.35,Completed,Cheque,0.7983182447643907
PAY_005792,CLM_005034,POL_002734,2024-10-16,171137.78,Completed,Bank Transfer,0.7780198406270648
PAY_005793,CLM_008786,POL_024723,2025-01-05,183952.82,Completed,NEFT,0.8994821272536216
PAY_005794,CLM_007261,POL_002649,2025-04-10,193690.33,Completed,UPI,0.8146860185496905
PAY_005795,CLM_004916,POL_005828,2026-10-08,37344.57,Completed,NEFT,0.9408275750176605
PAY_005796,CLM_000885,POL_000213,2025-08-01,29600.28,Completed,Bank Transfer,0.8281070295830044
PAY_005797,CLM_004356,POL_020107,2026-08-22,33470.72,Completed,Bank Transfer,0.7783863029283161
PAY_005798,CLM_008719,POL_022764,2026-10-08,36976.42,Completed,Bank Transfer,0.9656797915726487
PAY_005799,CLM_000175,POL_008378,2026-09-17,97318.42,Completed,NEFT,0.862587079987194
PAY_005800,CLM_005517,POL_005570,2025-06-05,475324.22,Completed,NEFT,0.7752478281322857
PAY_005801,CLM_004188,POL_017246,2026-09-23,247576.61,Completed,UPI,0.7718478439420634
PAY_005802,CLM_007739,POL_014114,2025-09-28,107793.45,Completed,UPI,0.846045454709565
PAY_005803,CLM_006328,POL_000605,2026-08-07,178186.35,Completed,Cheque,0.8326358344757643
PAY_005804,CLM_005028,POL_005327,2026-10-08,162165.15,Completed,Bank Transfer,0.9294066537924014
PAY_005805,CLM_003901,POL_006828,2024-12-21,700799.25,Completed,Bank Transfer,0.9467293929597869
PAY_005806,CLM_001195,POL_023338,2024-07-09,309982.27,Completed,UPI,0.9442718578919947
PAY_005807,CLM_002341,POL_007501,2025-07-30,27147.35,Completed,Cheque,0.9833074955991336
PAY_005808,CLM_001427,POL_004863,2026-02-09,84012.03,Completed,Bank Transfer,0.9567874175871295
PAY_005809,CLM_004665,POL_018850,2026-09-06,194988.36,Completed,UPI,0.8100274254271238
PAY_005810,CLM_009942,POL_010304,2025-04-16,348531.04,Completed,NEFT,0.7667483402751794
PAY_005811,CLM_003121,POL_021089,2024-05-24,930532.63,Completed,UPI,0.8251780402186453
PAY_005812,CLM_009549,POL_021891,2025-10-10,181153.47,Completed,Bank Transfer,0.9477894431515377
PAY_005813,CLM_003467,POL_012216,2025-03-20,156916.2,Completed,Bank Transfer,0.8501578399703273
PAY_005814,CLM_000516,POL_010850,2026-10-08,65904.58,Completed,Bank Transfer,0.8282128245938238
PAY_005815,CLM_003343,POL_011819,2025-07-18,96785.59,Completed,Bank Transfer,0.982557814319887
PAY_005816,CLM_000487,POL_004607,2025-04-02,53647.92,Completed,Bank Transfer,0.9856185965606548
PAY_005817,CLM_001170,POL_010678,2025-01-26,395917.2,Completed,Cheque,0.9384272907356576
PAY_005818,CLM_006821,POL_014973,2025-06-13,285274.4,Completed,Bank Transfer,0.8280833276947207
PAY_005819,CLM_004563,POL_015858,2025-10-04,287658.28,Completed,Bank Transfer,0.7670972563322302
PAY_005820,CLM_008342,POL_004637,2026-04-28,330041.08,Completed,Bank Transfer,0.8305526619850466
PAY_005821,CLM_009565,POL_011520,2026-07-30,132796.96,Completed,UPI,0.9846176659875021
PAY_005822,CLM_004731,POL_024496,2025-02-07,412739.65,Completed,UPI,0.8919529498634019
PAY_005823,CLM_005845,POL_006778,2025-12-14,152559.8,Completed,NEFT,0.8759539921443084
PAY_005824,CLM_008956,POL_011650,2025-08-18,89466.26,Completed,Bank Transfer,0.7953081701307028
PAY_005825,CLM_003019,POL_016719,2026-05-28,297726.4,Completed,UPI,0.8934033549017449
PAY_005826,CLM_002621,POL_024507,2026-02-27,584236.8,Completed,Cheque,0.7504904117657872
PAY_005827,CLM_001142,POL_024102,2025-06-15,59439.18,Completed,NEFT,0.8035535835956005
PAY_005828,CLM_009900,POL_014522,2024-10-28,267818.1,Completed,Bank Transfer,0.8456770791593085
PAY_005829,CLM_003817,POL_006175,2026-03-02,83717.42,Completed,Bank Transfer,0.9537116612501344
PAY_005830,CLM_000128,POL_023855,2025-06-29,91573.19,Completed,Bank Transfer,0.9217345116602853
PAY_005831,CLM_006002,POL_023231,2024-12-08,195889.18,Completed,NEFT,0.834646962967792
PAY_005832,CLM_005350,POL_013004,2026-07-29,73227.05,Completed,NEFT,0.8928787641757683
PAY_005833,CLM_004126,POL_017007,2024-07-26,152353.21,Completed,Bank Transfer,0.7752317873852931
PAY_005834,CLM_003373,POL_020286,2024-10-15,216326.94,Completed,Bank Transfer,0.9993214883906054
PAY_005835,CLM_008317,POL_003464,2024-07-09,237444.5,Completed,Bank Transfer,0.9310911496020704
PAY_005836,CLM_008874,POL_006542,2026-07-05,14806.73,Completed,UPI,0.8549458366606212
PAY_005837,CLM_004592,POL_006958,2025-02-03,49771.26,Completed,Bank Transfer,0.8320953643748149
PAY_005838,CLM_008929,POL_015355,2026-02-11,171811.64,Completed,UPI,0.8051517598872077
PAY_005839,CLM_004065,POL_021022,2025-04-16,131721.36,Completed,Cheque,0.8632500136151182
PAY_005840,CLM_009253,POL_014914,2024-10-04,358258.94,Completed,Bank Transfer,0.9318853180963503
PAY_005841,CLM_004154,POL_011588,2025-04-13,272471.53,Completed,Bank Transfer,0.7734592635767852
PAY_005842,CLM_002665,POL_005282,2026-09-29,363845.99,Completed,Bank Transfer,0.8571656718433038
PAY_005843,CLM_008195,POL_014375,2025-10-25,178930.99,Completed,Cheque,0.9109664881960158
PAY_005844,CLM_006548,POL_016137,2026-10-03,71783.08,Completed,Bank Transfer,0.9197848272511147
PAY_005845,CLM_002654,POL_000918,2024-04-20,186828.73,Completed,UPI,0.963872265910243
PAY_005846,CLM_003772,POL_000911,2025-03-14,219441.09,Completed,Cheque,0.8006542754868236
PAY_005847,CLM_003197,POL_003134,2026-10-08,124785.87,Completed,Bank Transfer,0.9719773223229897
PAY_005848,CLM_007644,POL_017644,2025-06-24,568101.76,Completed,Bank Transfer,0.9567211897256782
PAY_005849,CLM_003321,POL_015436,2026-08-02,108789.97,Completed,Bank Transfer,0.9244439568761518
PAY_005850,CLM_001374,POL_014183,2026-10-08,123733.59,Completed,Bank Transfer,0.973925021991979
PAY_005851,CLM_004372,POL_006202,2026-04-25,402627.03,Completed,Bank Transfer,0.8998326638157639
PAY_005852,CLM_001632,POL_020105,2026-03-10,513166.41,Completed,Cheque,0.8747013620615517
PAY_005853,CLM_003689,POL_014002,2026-09-16,352851.01,Completed,NEFT,0.8270661928349997
PAY_005854,CLM_003144,POL_010567,2025-10-27,191102.84,Completed,Cheque,0.8154941065530699
PAY_005855,CLM_000607,POL_016633,2026-04-08,734196.82,Completed,UPI,0.9166915089227107
PAY_005856,CLM_001332,POL_020390,2026-07-08,301618.57,Completed,Bank Transfer,0.8161576106800962
PAY_005857,CLM_001815,POL_006062,2024-08-02,1170184.94,Completed,UPI,0.9508128636446928
PAY_005858,CLM_000690,POL_021777,2025-09-08,82379.9,Completed,Bank Transfer,0.9162001691824944
PAY_005859,CLM_002909,POL_015881,2024-06-13,361244.19,Completed,Cheque,0.9007981486723119
PAY_005860,CLM_009206,POL_013805,2026-04-15,331144.82,Completed,Bank Transfer,0.7501807915282138
PAY_005861,CLM_008250,POL_017295,2025-09-14,33230.21,Completed,Bank Transfer,0.8825494282985575
PAY_005862,CLM_008175,POL_001799,2025-04-02,133525.27,Completed,UPI,0.9853036747380602
PAY_005863,CLM_007916,POL_010539,2025-10-13,78995.55,Completed,Bank Transfer,0.8340632677905687
PAY_005864,CLM_001744,POL_001542,2025-10-12,37041.61,Completed,NEFT,0.8897887011835549
PAY_005865,CLM_003737,POL_010694,2026-07-24,276852.15,Completed,Bank Transfer,0.8314977553489205
PAY_005866,CLM_008217,POL_017444,2023-12-29,128949.52,Completed,UPI,0.8499639052371418
PAY_005867,CLM_009603,POL_020408,2026-08-11,94957.48,Completed,Bank Transfer,0.9330816487762312
PAY_005868,CLM_002811,POL_017792,2026-09-30,176330.99,Completed,NEFT,0.9017480148793467
PAY_005869,CLM_004428,POL_010776,2025-08-17,187463.48,Completed,NEFT,0.8811100257376552
PAY_005870,CLM_005714,POL_020177,2025-01-08,267091.83,Completed,Cheque,0.7632823769368847
PAY_005871,CLM_003069,POL_002815,2025-11-17,290895.08,Completed,UPI,0.9269364185426108
PAY_005872,CLM_005249,POL_014908,2024-06-25,81689.91,Completed,Cheque,0.786573392125322
PAY_005873,CLM_006981,POL_023271,2026-01-16,743530.33,Completed,UPI,0.8977364501809496
PAY_005874,CLM_002858,POL_018597,2026-08-21,187372.32,Completed,Bank Transfer,0.8619903269845774
PAY_005875,CLM_005738,POL_010480,2025-05-04,129463.74,Completed,UPI,0.7521954280435408
PAY_005876,CLM_009802,POL_001390,2025-10-17,129587.1,Completed,Bank Transfer,0.9691479623430588
PAY_005877,CLM_004352,POL_018481,2025-11-22,196447.47,Completed,Bank Transfer,0.8529778537263737
PAY_005878,CLM_001808,POL_011724,2026-10-02,66516.89,Completed,UPI,0.9055980201165978
PAY_005879,CLM_003125,POL_009224,2025-10-18,51589.56,Completed,Cheque,0.8282823839258865
PAY_005880,CLM_003869,POL_007884,2026-10-08,493461.36,Completed,UPI,0.9411709506839873
PAY_005881,CLM_001438,POL_008584,2024-05-22,689086.22,Completed,Bank Transfer,0.8847743455453552
PAY_005882,CLM_003123,POL_012360,2026-09-28,297098.71,Completed,Bank Transfer,0.8879598428803379
PAY_005883,CLM_006633,POL_016744,2026-04-03,130222.94,Completed,Bank Transfer,0.9400712682388261
PAY_005884,CLM_007304,POL_004636,2024-12-23,616853.53,Completed,NEFT,0.9969693662328594
PAY_005885,CLM_005357,POL_024188,2025-04-20,29721.25,Completed,UPI,0.9789369429071887
PAY_005886,CLM_005125,POL_006916,2024-09-21,59752.42,Completed,Bank Transfer,0.9495578735659674
PAY_005887,CLM_006688,POL_015384,2026-05-25,187072.95,Completed,UPI,0.8300996476602714
PAY_005888,CLM_001908,POL_001762,2025-07-18,197564.68,Completed,Cheque,0.901728113049453
PAY_005889,CLM_002662,POL_013661,2026-03-11,83747.99,Completed,Bank Transfer,0.9532027127832845
PAY_005890,CLM_003330,POL_023484,2026-08-22,120553.82,Completed,Bank Transfer,0.7711534670229917
PAY_005891,CLM_003475,POL_017506,2025-05-06,43932.58,Completed,UPI,0.7613234361900089
PAY_005892,CLM_003053,POL_003508,2025-04-15,119948.19,Completed,NEFT,0.823298413148154
PAY_005893,CLM_001540,POL_007179,2026-10-08,368275.23,Completed,NEFT,0.8509433930002691
PAY_005894,CLM_008364,POL_013836,2026-01-30,152110.74,Completed,UPI,0.8303515572714336
PAY_005895,CLM_009923,POL_022027,2026-07-03,105787.02,Completed,Bank Transfer,0.7776635561698562
PAY_005896,CLM_006004,POL_011159,2025-04-21,37490.65,Completed,Cheque,0.9679217848075318
PAY_005897,CLM_003727,POL_014484,2024-01-12,688855.74,Completed,UPI,0.9092813281635034
PAY_005898,CLM_000105,POL_007557,2026-08-02,101522.23,Completed,UPI,0.9854540011688905
PAY_005899,CLM_004137,POL_003883,2026-05-23,390520.26,Completed,Cheque,0.7812685879261875
PAY_005900,CLM_006842,POL_018439,2026-08-21,123603.11,Completed,Bank Transfer,0.995344305573965
PAY_005901,CLM_001903,POL_006856,2025-06-01,179926.96,Completed,UPI,0.9154291103845645
PAY_005902,CLM_008747,POL_019805,2026-10-01,89711.04,Completed,Bank Transfer,0.9759596435411552
PAY_005903,CLM_001260,POL_012117,2026-04-09,401227.72,Completed,Bank Transfer,0.9319976737904588
PAY_005904,CLM_005485,POL_009784,2024-12-28,97684.26,Completed,NEFT,0.8272589587018631
PAY_005905,CLM_007776,POL_012699,2024-11-27,65057.37,Completed,Bank Transfer,0.8735880662992329
PAY_005906,CLM_009824,POL_012109,2024-06-24,276783.47,Completed,Bank Transfer,0.9597569104023819
PAY_005907,CLM_004229,POL_021262,2026-08-31,146462.41,Completed,Bank Transfer,0.8000974238882019
PAY_005908,CLM_004824,POL_015965,2024-12-09,163457.32,Completed,NEFT,0.9433560954089962
PAY_005909,CLM_007698,POL_018761,2024-09-23,604412.31,Completed,UPI,0.907332617429853
PAY_005910,CLM_003636,POL_021381,2026-10-08,100971.33,Completed,UPI,0.9230649191224957
PAY_005911,CLM_009789,POL_011712,2026-01-19,886144.25,Completed,Bank Transfer,0.7945345085616391
PAY_005912,CLM_003756,POL_020976,2026-03-16,41495.27,Completed,Cheque,0.7573944268033562
PAY_005913,CLM_007480,POL_012016,2026-07-12,1543008.31,Completed,Bank Transfer,0.8845778128613195
PAY_005914,CLM_005027,POL_002171,2026-08-27,274671.27,Completed,UPI,0.9076015233043218
PAY_005915,CLM_000539,POL_020889,2024-06-18,102172.62,Completed,NEFT,0.934827958370526
PAY_005916,CLM_002727,POL_012112,2024-06-17,1236116.53,Completed,Bank Transfer,0.9955418907850949
PAY_005917,CLM_006297,POL_006296,2026-10-08,83421.07,Completed,Cheque,0.7717619602835407
PAY_005918,CLM_008670,POL_014175,2026-06-14,178396.41,Completed,UPI,0.8497061524583557
PAY_005919,CLM_008759,POL_019792,2026-09-30,31379.62,Completed,UPI,0.9977028392906367
PAY_005920,CLM_005724,POL_008615,2025-08-10,126757.35,Completed,UPI,0.9333998371302525
PAY_005921,CLM_002298,POL_003393,2025-11-03,617661.67,Completed,Bank Transfer,0.9704930437318859
PAY_005922,CLM_001630,POL_015546,2024-10-14,40430.78,Completed,Cheque,0.9442307400379506
PAY_005923,CLM_005235,POL_015905,2024-08-30,140991.14,Completed,Cheque,0.8340522704418206
PAY_005924,CLM_004972,POL_024433,2025-07-19,89340.47,Completed,Bank Transfer,0.9902826669078625
PAY_005925,CLM_009707,POL_005245,2024-06-05,303696.54,Completed,Bank Transfer,0.9267788459235045
PAY_005926,CLM_004221,POL_022983,2026-07-31,219942.5,Completed,NEFT,0.9216059712884914
PAY_005927,CLM_002849,POL_011455,2025-11-07,314904.88,Completed,Bank Transfer,0.971016396046936
PAY_005928,CLM_009918,POL_011118,2024-11-01,168006.75,Completed,Cheque,0.7598427912246206
PAY_005929,CLM_008708,POL_010816,2024-10-21,368577.65,Completed,Bank Transfer,0.905106589025455
PAY_005930,CLM_003379,POL_015833,2024-12-02,149779.12,Completed,NEFT,0.9762313831881253
PAY_005931,CLM_009162,POL_005499,2026-07-31,254151.33,Completed,UPI,0.7709052625027121
PAY_005932,CLM_001946,POL_007234,2026-05-27,104401.89,Completed,UPI,0.9928145869590459
PAY_005933,CLM_000449,POL_014245,2024-08-16,372961.36,Completed,UPI,0.767936431831055
PAY_005934,CLM_002319,POL_019712,2024-12-25,99042.81,Completed,Bank Transfer,0.784023364879932
PAY_005935,CLM_005291,POL_015186,2026-03-28,122103.81,Completed,UPI,0.8720023355507401
PAY_005936,CLM_009157,POL_002960,2025-10-23,67976.29,Completed,UPI,0.8440646401552825
PAY_005937,CLM_002941,POL_007992,2025-03-17,914457.19,Completed,UPI,0.8999033323755237
PAY_005938,CLM_003164,POL_006423,2026-08-21,333304.84,Completed,Bank Transfer,0.978768088629937
PAY_005939,CLM_002397,POL_019512,2025-08-04,288144.94,Completed,UPI,0.7987702796684819
PAY_005940,CLM_000365,POL_005232,2026-08-17,88431.32,Completed,Bank Transfer,0.8437288307655788
PAY_005941,CLM_008836,POL_024802,2026-08-16,807928.13,Completed,UPI,0.766964050839469
PAY_005942,CLM_002913,POL_020983,2025-06-23,69034.46,Completed,UPI,0.926776498853049
PAY_005943,CLM_006792,POL_000068,2026-09-06,392855.89,Completed,UPI,0.7969297617918631
PAY_005944,CLM_001298,POL_020042,2024-10-10,163760.57,Completed,Cheque,0.8209540369106189
PAY_005945,CLM_005331,POL_021365,2024-12-15,606327.65,Completed,UPI,0.937949902084383
PAY_005946,CLM_002896,POL_007073,2026-09-10,118633.93,Completed,Bank Transfer,0.8199328096202999
PAY_005947,CLM_006015,POL_010894,2026-08-25,41439.98,Completed,UPI,0.8278667597351306
PAY_005948,CLM_002738,POL_011473,2025-01-24,1572594.47,Completed,UPI,0.9468628638928377
PAY_005949,CLM_002613,POL_022805,2025-02-18,305377.59,Completed,Cheque,0.9424434636703202
PAY_005950,CLM_002248,POL_020438,2025-03-12,83240.56,Completed,UPI,0.9818245725777439
PAY_005951,CLM_006279,POL_021480,2025-07-05,55188.9,Completed,Bank Transfer,0.7611336110558687
PAY_005952,CLM_006741,POL_023874,2026-01-16,441153.39,Completed,Cheque,0.9584820238257051
PAY_005953,CLM_008789,POL_019113,2025-12-27,96547.74,Completed,NEFT,0.9142824296371942
PAY_005954,CLM_006606,POL_019617,2024-09-11,118446.08,Completed,UPI,0.9431760052542495
PAY_005955,CLM_005983,POL_015169,2024-06-08,164811.4,Completed,Bank Transfer,0.9065757454625804
PAY_005956,CLM_006573,POL_006319,2026-10-08,88589.19,Completed,Bank Transfer,0.7608590236180222
PAY_005957,CLM_000316,POL_006882,2025-03-19,283390.19,Completed,UPI,0.8149528081703774
PAY_005958,CLM_001045,POL_018380,2025-01-26,175888.19,Completed,UPI,0.8552400096372911
PAY_005959,CLM_008978,POL_003300,2025-05-09,574662.38,Completed,UPI,0.8685776929144844
PAY_005960,CLM_001661,POL_015408,2024-02-04,315727.48,Completed,Bank Transfer,0.9898249707874998
PAY_005961,CLM_007863,POL_012273,2025-07-07,79635.88,Completed,Bank Transfer,0.8102155932043364
PAY_005962,CLM_008216,POL_020780,2025-05-01,246068.55,Completed,Cheque,0.7690374695689763
PAY_005963,CLM_007900,POL_006126,2026-09-20,231369.37,Completed,Bank Transfer,0.9266636094200577
PAY_005964,CLM_009470,POL_024862,2026-09-30,404876.51,Completed,Bank Transfer,0.990072341097436
PAY_005965,CLM_003943,POL_005650,2026-08-21,556860.83,Completed,Bank Transfer,0.9631692687643856
PAY_005966,CLM_001227,POL_017905,2026-10-08,212690.42,Completed,UPI,0.8063386455637795
PAY_005967,CLM_006099,POL_019286,2025-03-13,48076.65,Completed,UPI,0.7758615681306533
PAY_005968,CLM_007909,POL_016622,2026-02-07,92792.83,Completed,Bank Transfer,0.7530998581254756
PAY_005969,CLM_007155,POL_004006,2026-10-08,49768.41,Completed,UPI,0.8204124546446769
PAY_005970,CLM_003621,POL_001474,2026-10-08,631315.77,Completed,Bank Transfer,0.9203657567237397
PAY_005971,CLM_008151,POL_016105,2026-09-22,61926.87,Completed,Bank Transfer,0.9065723596374113
PAY_005972,CLM_004176,POL_017466,2024-05-26,134657.72,Completed,Bank Transfer,0.8536019366049422
PAY_005973,CLM_000164,POL_023928,2025-10-27,114839.62,Completed,Bank Transfer,0.7791810863817775
PAY_005974,CLM_000946,POL_019321,2025-09-03,546720.08,Completed,Cheque,0.9542279244414682
PAY_005975,CLM_008489,POL_012853,2024-07-27,79175.74,Completed,UPI,0.8010273693343588
PAY_005976,CLM_000006,POL_008593,2026-08-05,269746.64,Completed,UPI,0.966552357064475
PAY_005977,CLM_005925,POL_012177,2024-08-21,137382.8,Completed,Bank Transfer,0.837106267067163
PAY_005978,CLM_008341,POL_005930,2026-10-08,296714.44,Completed,Bank Transfer,0.767706222777607
PAY_005979,CLM_000676,POL_012379,2025-10-13,727283.67,Completed,UPI,0.9099988547495481
PAY_005980,CLM_000008,POL_022108,2024-08-17,70664.77,Completed,UPI,0.8470357428311284
PAY_005981,CLM_007604,POL_007851,2025-06-25,193993.02,Completed,Bank Transfer,0.8336102608911553
PAY_005982,CLM_001328,POL_003269,2026-05-28,243291.9,Completed,UPI,0.7708040866332798
PAY_005983,CLM_003685,POL_010012,2026-06-10,81969.16,Completed,Bank Transfer,0.7800709389335331
PAY_005984,CLM_006149,POL_008314,2024-07-19,514484.06,Completed,Bank Transfer,0.920969259868272
PAY_005985,CLM_001538,POL_003947,2026-04-27,47067.14,Completed,Bank Transfer,0.9481961722941074
PAY_005986,CLM_003677,POL_006641,2025-01-08,480203.19,Completed,UPI,0.9473812893951253
PAY_005987,CLM_000345,POL_002855,2026-06-25,367639.86,Completed,Bank Transfer,0.9674539921689458
PAY_005988,CLM_008721,POL_006301,2024-12-12,96086.14,Completed,Cheque,0.9945377408026405
PAY_005989,CLM_001689,POL_015324,2026-04-23,32856.08,Completed,Bank Transfer,0.8318763632588835
PAY_005990,CLM_004095,POL_015138,2024-12-08,294952.52,Completed,UPI,0.750022860308209
PAY_005991,CLM_005320,POL_024727,2026-08-19,486959.19,Completed,Bank Transfer,0.8058962090146333
PAY_005992,CLM_009151,POL_004830,2026-10-08,489514.79,Completed,Cheque,0.8954322572733472
PAY_005993,CLM_003406,POL_001740,2024-11-05,70277.3,Completed,Cheque,0.9400550116501475
PAY_005994,CLM_005009,POL_002038,2026-10-08,21827.19,Completed,UPI,0.8790273637020072
PAY_005995,CLM_004867,POL_022393,2026-09-08,43410.83,Completed,UPI,0.8460016128485329
PAY_005996,CLM_003641,POL_010865,2025-09-28,656621.18,Completed,Bank Transfer,0.9831670196106446
PAY_005997,CLM_008000,POL_023908,2025-07-02,185462.53,Completed,Cheque,0.9404472656688744
PAY_005998,CLM_002299,POL_014542,2026-10-08,107292.42,Completed,UPI,0.8959172845425564
PAY_005999,CLM_009619,POL_007551,2026-06-20,66279.0,Completed,UPI,0.8246799526585753
PAY_006000,CLM_003306,POL_003488,2025-03-03,190038.78,Completed,Cheque,0.942574644985988
PAY_006001,CLM_003865,POL_018618,2026-03-13,563901.65,Completed,Cheque,0.7976787037667045
PAY_006002,CLM_008797,POL_011240,2024-07-29,253548.0,Completed,Bank Transfer,0.8962910438166584
PAY_006003,CLM_001899,POL_021969,2024-10-05,40990.71,Completed,Bank Transfer,0.9302290379841861
PAY_006004,CLM_004914,POL_017052,2026-06-30,123555.84,Completed,UPI,0.8388242893837563
PAY_006005,CLM_005429,POL_001511,2025-10-27,130149.83,Completed,Bank Transfer,0.9727744625255247
PAY_006006,CLM_009296,POL_012393,2026-04-24,103917.08,Completed,Bank Transfer,0.9695648656841555
PAY_006007,CLM_003359,POL_009727,2024-11-30,77976.67,Completed,Bank Transfer,0.9437578367439811
PAY_006008,CLM_002816,POL_024936,2025-03-01,268228.71,Completed,Bank Transfer,0.9781182770682582
PAY_006009,CLM_005006,POL_013862,2025-11-19,34253.16,Completed,Bank Transfer,0.987091475486368
PAY_006010,CLM_002516,POL_005640,2025-12-13,62181.93,Completed,Bank Transfer,0.8773462074508056
PAY_006011,CLM_007679,POL_016852,2024-07-04,94921.69,Completed,Bank Transfer,0.9265146052783257
PAY_006012,CLM_003915,POL_020175,2025-03-19,29069.35,Completed,Cheque,0.7605017383098693
PAY_006013,CLM_008020,POL_017513,2026-02-28,134500.43,Completed,Bank Transfer,0.8874375793577796
PAY_006014,CLM_009306,POL_011855,2026-06-16,41805.95,Completed,UPI,0.7638481211005668
PAY_006015,CLM_003512,POL_010916,2026-10-08,116990.6,Completed,Bank Transfer,0.9770150843206711
PAY_006016,CLM_005696,POL_023606,2026-10-08,255772.0,Completed,Cheque,0.9927463363339446
PAY_006017,CLM_006700,POL_006949,2024-10-28,55753.34,Completed,Bank Transfer,0.8685438344559596
PAY_006018,CLM_002147,POL_011922,2025-08-01,247490.67,Completed,Bank Transfer,0.8044904612277053
PAY_006019,CLM_005981,POL_002147,2024-11-13,58786.88,Completed,UPI,0.8714635033980579
PAY_006020,CLM_003079,POL_011445,2025-04-19,83523.61,Completed,Bank Transfer,0.9933880466044416
PAY_006021,CLM_001702,POL_014856,2026-09-07,129502.55,Completed,Bank Transfer,0.9145292173973222
PAY_006022,CLM_009961,POL_021463,2026-01-24,121763.28,Completed,UPI,0.9017349413543714
PAY_006023,CLM_000330,POL_008407,2025-02-17,294297.78,Completed,Cheque,0.9273232126726433
PAY_006024,CLM_000090,POL_022149,2026-07-16,151257.59,Completed,NEFT,0.7561226615861772
PAY_006025,CLM_002297,POL_001970,2025-09-14,123051.67,Completed,Cheque,0.9838995283103352
PAY_006026,CLM_004667,POL_018695,2026-07-14,282865.05,Completed,UPI,0.7606765840062146
PAY_006027,CLM_005124,POL_003049,2026-08-01,130747.17,Completed,Cheque,0.792775996005899
PAY_006028,CLM_006580,POL_023455,2025-10-29,396235.51,Completed,UPI,0.9089994604532464
PAY_006029,CLM_000174,POL_000066,2024-11-23,79619.34,Completed,NEFT,0.8095848235243994
PAY_006030,CLM_007614,POL_017018,2025-02-04,399731.46,Completed,Bank Transfer,0.909126318538795
PAY_006031,CLM_001878,POL_011582,2024-09-18,495009.19,Completed,NEFT,0.9110533920934072
PAY_006032,CLM_002820,POL_001481,2025-03-27,133737.57,Completed,Bank Transfer,0.7992195903790714
PAY_006033,CLM_009041,POL_010068,2026-10-08,31387.05,Completed,UPI,0.9723361557172792
PAY_006034,CLM_008972,POL_006143,2026-07-06,702357.39,Completed,UPI,0.9405696407991155
PAY_006035,CLM_002958,POL_016637,2024-10-31,93313.67,Completed,NEFT,0.8703121715239387
PAY_006036,CLM_006504,POL_011202,2025-01-16,218922.58,Completed,Bank Transfer,0.8333284990800834
PAY_006037,CLM_008189,POL_016750,2025-11-07,98623.15,Completed,Bank Transfer,0.8325393987403749
PAY_006038,CLM_009429,POL_007254,2026-03-05,320141.29,Completed,Bank Transfer,0.9684249777980679
PAY_006039,CLM_004395,POL_010807,2025-08-25,312664.04,Completed,Bank Transfer,0.8830343159149584
PAY_006040,CLM_008692,POL_021843,2026-09-11,214334.69,Completed,UPI,0.9460469736273934
PAY_006041,CLM_004760,POL_018762,2025-10-20,97865.74,Completed,Bank Transfer,0.816183368115973
PAY_006042,CLM_008943,POL_022721,2026-02-04,423203.75,Completed,Bank Transfer,0.9831301974824378
PAY_006043,CLM_008366,POL_020554,2024-09-27,528774.89,Completed,UPI,0.782706993681428
PAY_006044,CLM_003990,POL_006009,2024-03-29,227040.38,Completed,Bank Transfer,0.9314447321973698
PAY_006045,CLM_001327,POL_000212,2026-02-05,240131.28,Completed,Bank Transfer,0.890501793769517
PAY_006046,CLM_002353,POL_002946,2026-06-27,282862.42,Completed,Bank Transfer,0.8030568820088548
PAY_006047,CLM_007278,POL_023667,2023-12-23,238437.14,Completed,Bank Transfer,0.9508069913624027
PAY_006048,CLM_007282,POL_013453,2026-10-08,285882.87,Completed,UPI,0.7784072147942066
PAY_006049,CLM_007067,POL_018292,2026-05-18,53440.56,Completed,Bank Transfer,0.8045922706653761
PAY_006050,CLM_007723,POL_011999,2025-08-19,104010.76,Completed,Bank Transfer,0.8845435457835322
PAY_006051,CLM_006558,POL_020470,2026-07-28,180550.2,Completed,Bank Transfer,0.95534862619644
PAY_006052,CLM_000520,POL_024616,2024-12-25,640672.93,Completed,UPI,0.8345834224303219
PAY_006053,CLM_004675,POL_013231,2025-01-18,114969.13,Completed,NEFT,0.8796192505942276
PAY_006054,CLM_003034,POL_024916,2024-06-12,30629.69,Completed,Cheque,0.9966313324799678
PAY_006055,CLM_005867,POL_003130,2024-09-30,75039.42,Completed,Bank Transfer,0.7615553263970777
PAY_006056,CLM_006491,POL_022998,2026-07-24,143780.04,Completed,Bank Transfer,0.884574720426663
PAY_006057,CLM_000762,POL_010994,2023-11-18,88166.56,Completed,Bank Transfer,0.9429778299048471
PAY_006058,CLM_006845,POL_004519,2026-07-29,620196.83,Completed,NEFT,0.9701935525694132
PAY_006059,CLM_000077,POL_014131,2026-08-31,123404.95,Completed,UPI,0.8052527387282842
PAY_006060,CLM_000935,POL_011928,2026-08-24,356493.07,Completed,UPI,0.9043371533886084
PAY_006061,CLM_000427,POL_000180,2026-01-05,174109.4,Completed,Bank Transfer,0.830743701635112
PAY_006062,CLM_003949,POL_023769,2026-05-12,197084.67,Completed,UPI,0.9302970186546851
PAY_006063,CLM_008278,POL_006820,2024-12-03,50724.77,Completed,Cheque,0.8144451840983613
PAY_006064,CLM_001847,POL_016034,2026-09-29,752666.17,Completed,NEFT,0.9676658320093381
PAY_006065,CLM_009357,POL_021148,2026-01-06,181931.62,Completed,UPI,0.9850625178575847
PAY_006066,CLM_006704,POL_001343,2026-06-21,113885.85,Completed,Bank Transfer,0.8728279575702326
PAY_006067,CLM_002934,POL_009268,2026-04-17,118755.56,Completed,UPI,0.8324273559763068
PAY_006068,CLM_007648,POL_013041,2026-06-17,80467.05,Completed,UPI,0.9182670170063079
PAY_006069,CLM_007313,POL_021219,2025-05-10,152242.84,Completed,Bank Transfer,0.9845900052009492
PAY_006070,CLM_006301,POL_015496,2026-02-07,177085.31,Completed,Bank Transfer,0.8956485420277354
PAY_006071,CLM_005193,POL_023428,2024-06-27,146845.12,Completed,Bank Transfer,0.7657950011559013
PAY_006072,CLM_005888,POL_014954,2024-12-26,672980.84,Completed,Bank Transfer,0.8444895799818397
PAY_006073,CLM_004107,POL_008692,2025-07-31,60959.95,Completed,Cheque,0.8196220861442881
PAY_006074,CLM_005974,POL_016183,2026-04-16,174694.44,Completed,Bank Transfer,0.7568475218671775
PAY_006075,CLM_007362,POL_010017,2024-09-27,162134.82,Completed,UPI,0.8059946161577803
PAY_006076,CLM_003252,POL_024025,2025-06-17,754160.01,Completed,UPI,0.9306432844560103
PAY_006077,CLM_003220,POL_014631,2025-01-17,118750.08,Completed,Cheque,0.8687223513295175
PAY_006078,CLM_007458,POL_004837,2026-06-16,421949.28,Completed,Cheque,0.8161002433915061
PAY_006079,CLM_003270,POL_020038,2025-07-16,51796.31,Completed,Cheque,0.817936606344545
PAY_006080,CLM_008445,POL_015047,2025-01-19,104632.74,Completed,UPI,0.8793078063143118
PAY_006081,CLM_002504,POL_013049,2024-07-08,204944.59,Completed,Bank Transfer,0.808969396308168
PAY_006082,CLM_007393,POL_018306,2024-05-28,222896.67,Completed,NEFT,0.7741302773403961
PAY_006083,CLM_002809,POL_023380,2025-01-06,190266.94,Completed,UPI,0.852494256761313
PAY_006084,CLM_008701,POL_007253,2025-10-21,54686.33,Completed,UPI,0.8394355495417639
PAY_006085,CLM_004439,POL_021905,2026-04-16,134120.45,Completed,Bank Transfer,0.7724446333506402
PAY_006086,CLM_003400,POL_000694,2025-11-21,296330.75,Completed,NEFT,0.9646942902177096
PAY_006087,CLM_000759,POL_016471,2026-06-28,406738.58,Completed,NEFT,0.7519212195889011
PAY_006088,CLM_007855,POL_008075,2026-06-12,316689.25,Completed,Cheque,0.7893003871940177
PAY_006089,CLM_005547,POL_016780,2026-05-27,351155.64,Completed,Cheque,0.9290033767400974
PAY_006090,CLM_009313,POL_017248,2024-07-02,128094.99,Completed,Bank Transfer,0.8350570667463555
PAY_006091,CLM_006667,POL_022581,2026-09-11,70606.92,Completed,Bank Transfer,0.8329633340938589
PAY_006092,CLM_007947,POL_022591,2026-07-07,132853.32,Completed,Cheque,0.8988911134130689
PAY_006093,CLM_008831,POL_022860,2026-10-08,23445.82,Completed,NEFT,0.8333583326165293
PAY_006094,CLM_004444,POL_001070,2025-02-25,500490.25,Completed,UPI,0.9003729361584115
PAY_006095,CLM_005908,POL_012753,2026-03-26,655058.43,Completed,NEFT,0.944538489336362
PAY_006096,CLM_002810,POL_015750,2026-04-23,79459.95,Completed,Bank Transfer,0.9916807839200346
PAY_006097,CLM_000986,POL_024387,2026-06-20,71708.92,Completed,Cheque,0.7988890473346939
PAY_006098,CLM_005955,POL_010809,2026-01-16,156205.37,Completed,Bank Transfer,0.8279749330460574
PAY_006099,CLM_000980,POL_024183,2025-05-23,152337.83,Completed,Bank Transfer,0.8988400526331036
PAY_006100,CLM_008680,POL_019921,2024-07-19,33952.54,Completed,Bank Transfer,0.8453080076921009
PAY_006101,CLM_002696,POL_018646,2025-09-14,327648.73,Completed,Bank Transfer,0.773187946848733
PAY_006102,CLM_004646,POL_016950,2026-03-15,254609.26,Completed,Cheque,0.79240458345497
PAY_006103,CLM_000392,POL_001492,2026-07-25,64451.71,Completed,Bank Transfer,0.976631029040251
PAY_006104,CLM_002460,POL_008992,2026-03-19,167201.54,Completed,UPI,0.9324052046245311
PAY_006105,CLM_004203,POL_005946,2024-11-04,506848.42,Completed,Bank Transfer,0.8700584546865673
PAY_006106,CLM_006334,POL_010266,2026-04-05,97425.96,Completed,Bank Transfer,0.9153874622890861
PAY_006107,CLM_001296,POL_014323,2026-02-02,385027.77,Completed,NEFT,0.8419476294738963
PAY_006108,CLM_008590,POL_010171,2025-05-03,334679.88,Completed,Bank Transfer,0.9155599201601262
PAY_006109,CLM_009676,POL_016470,2026-08-07,256167.24,Completed,UPI,0.8789721833548111
PAY_006110,CLM_008664,POL_021531,2025-05-07,175312.3,Completed,UPI,0.7683310465437894
PAY_006111,CLM_001097,POL_006792,2025-04-11,173138.36,Completed,Cheque,0.9097911989978223
PAY_006112,CLM_002725,POL_001976,2026-10-08,361942.41,Completed,Bank Transfer,0.7611198375772585
PAY_006113,CLM_005748,POL_005626,2026-08-18,419416.36,Completed,Cheque,0.8118807473068833
PAY_006114,CLM_005442,POL_022357,2026-04-07,253555.32,Completed,NEFT,0.91526892097852
PAY_006115,CLM_005883,POL_003375,2026-09-29,418798.67,Completed,Bank Transfer,0.8777721276199213
PAY_006116,CLM_005436,POL_023778,2026-07-24,361926.39,Completed,Bank Transfer,0.7754441992133082
PAY_006117,CLM_006114,POL_014567,2025-10-06,378715.44,Completed,Bank Transfer,0.8081380688250777
PAY_006118,CLM_007919,POL_020770,2024-11-02,208077.02,Completed,Bank Transfer,0.9438417030327018
PAY_006119,CLM_003682,POL_012221,2026-08-01,11092.96,Completed,NEFT,0.9032273823898931
PAY_006120,CLM_005919,POL_015570,2024-09-01,214599.54,Completed,Bank Transfer,0.8569662037521784
PAY_006121,CLM_004321,POL_021634,2025-07-02,71855.61,Completed,Bank Transfer,0.9365369476362271
PAY_006122,CLM_008500,POL_017736,2026-07-31,226460.2,Completed,NEFT,0.9880175384083517
PAY_006123,CLM_005100,POL_011874,2026-07-28,73553.65,Completed,UPI,0.9495036298154904
PAY_006124,CLM_004036,POL_000304,2025-10-25,43848.28,Completed,Cheque,0.8234788378295288
PAY_006125,CLM_007747,POL_004026,2025-04-15,180721.68,Completed,UPI,0.7922582811635901
PAY_006126,CLM_004946,POL_024398,2025-01-16,75765.31,Completed,Bank Transfer,0.7997425929772828
PAY_006127,CLM_000189,POL_003913,2025-10-01,190246.61,Completed,Bank Transfer,0.9591565463134406
PAY_006128,CLM_006948,POL_001606,2025-06-04,48901.57,Completed,UPI,0.8692839747577993
PAY_006129,CLM_003109,POL_004550,2026-02-27,115009.56,Completed,NEFT,0.9568415472322622
PAY_006130,CLM_003040,POL_013472,2026-06-26,99271.68,Completed,UPI,0.9220026111355634
PAY_006131,CLM_004522,POL_011875,2026-05-07,188088.45,Completed,Bank Transfer,0.9011036682585066
PAY_006132,CLM_006890,POL_013617,2024-08-07,177993.68,Completed,Bank Transfer,0.7608330117844821
PAY_006133,CLM_006587,POL_024869,2024-11-03,384492.79,Completed,Bank Transfer,0.8734101082408254
PAY_006134,CLM_007268,POL_003728,2025-04-17,74600.83,Completed,UPI,0.8268595348645434
PAY_006135,CLM_008735,POL_024288,2026-06-08,103753.94,Completed,Bank Transfer,0.8603334268677192
PAY_006136,CLM_006057,POL_010535,2024-02-12,44054.53,Completed,NEFT,0.8972661553420441
PAY_006137,CLM_006172,POL_002659,2026-09-27,160694.14,Completed,Bank Transfer,0.9238785433140922
PAY_006138,CLM_001925,POL_024699,2025-01-17,100767.65,Completed,Cheque,0.9980540611853003
PAY_006139,CLM_002883,POL_003286,2025-10-12,67559.91,Completed,Bank Transfer,0.8566577395440004
PAY_006140,CLM_006453,POL_008679,2026-09-26,265978.63,Completed,UPI,0.875866420034479
PAY_006141,CLM_003525,POL_022995,2024-10-26,493870.66,Completed,Cheque,0.8587194895436127
PAY_006142,CLM_001969,POL_004641,2025-01-08,407680.6,Completed,NEFT,0.8783463826511848
PAY_006143,CLM_001920,POL_003198,2025-01-09,148864.85,Completed,Bank Transfer,0.8141271895840617
PAY_006144,CLM_009845,POL_018402,2025-03-17,236734.18,Completed,Bank Transfer,0.8319393128330022
PAY_006145,CLM_003068,POL_005494,2024-07-03,42990.69,Completed,Bank Transfer,0.9204069507914538
PAY_006146,CLM_006439,POL_004606,2025-04-08,121786.15,Completed,UPI,0.9673703351938133
PAY_006147,CLM_003031,POL_019957,2024-10-11,455536.86,Completed,NEFT,0.7859548211752395
PAY_006148,CLM_006636,POL_005951,2026-10-08,153986.59,Completed,Bank Transfer,0.8229910602026027
PAY_006149,CLM_005658,POL_010582,2024-06-21,162643.51,Completed,Cheque,0.9239780304308529
PAY_006150,CLM_001813,POL_015352,2025-10-18,587931.53,Completed,Cheque,0.8369302821508089
PAY_006151,CLM_004662,POL_022196,2026-02-14,149347.77,Completed,Bank Transfer,0.946561240923239
PAY_006152,CLM_004799,POL_008141,2025-07-27,394304.14,Completed,UPI,0.8281212229048323
PAY_006153,CLM_004011,POL_005130,2025-03-07,74520.33,Completed,Bank Transfer,0.944372139776596
PAY_006154,CLM_006701,POL_008733,2026-01-06,238974.63,Completed,Cheque,0.8024500426854723
PAY_006155,CLM_002642,POL_014388,2026-10-08,111089.03,Completed,Bank Transfer,0.7538839546047823
PAY_006156,CLM_006896,POL_011721,2025-01-31,351887.59,Completed,Bank Transfer,0.7585419709887451
PAY_006157,CLM_004328,POL_003476,2026-04-10,235155.17,Completed,Bank Transfer,0.7918208239281073
PAY_006158,CLM_000561,POL_019639,2025-11-20,186842.22,Completed,UPI,0.9833509152675678
PAY_006159,CLM_000334,POL_004898,2026-03-15,203697.69,Completed,Cheque,0.756080503999997
PAY_006160,CLM_001561,POL_014637,2026-02-25,294461.82,Completed,UPI,0.8931056286962534
PAY_006161,CLM_002834,POL_010662,2026-07-12,204448.94,Completed,Bank Transfer,0.9427479504521018
PAY_006162,CLM_006201,POL_023962,2025-03-10,373407.92,Completed,Bank Transfer,0.9358629903586853
PAY_006163,CLM_005634,POL_008607,2025-04-02,378934.26,Completed,UPI,0.7807811840876222
PAY_006164,CLM_001109,POL_006940,2025-09-06,146046.81,Completed,NEFT,0.9533510351738405
PAY_006165,CLM_003089,POL_003545,2024-10-12,601226.65,Completed,Bank Transfer,0.7834399728304845
PAY_006166,CLM_006443,POL_009334,2024-01-11,96251.76,Completed,Bank Transfer,0.96524538345364
PAY_006167,CLM_000988,POL_021947,2026-09-28,22203.81,Completed,Bank Transfer,0.9921060674301893
PAY_006168,CLM_000352,POL_008340,2026-07-09,199914.24,Completed,NEFT,0.8156147230532481
PAY_006169,CLM_002249,POL_004587,2024-08-15,1012282.17,Completed,Bank Transfer,0.9810280676850931
PAY_006170,CLM_004865,POL_013593,2026-05-09,282032.37,Completed,Bank Transfer,0.8267836183010474
PAY_006171,CLM_002967,POL_001044,2024-09-26,80373.2,Completed,Bank Transfer,0.8763723098311276
PAY_006172,CLM_002608,POL_013441,2026-10-08,221529.64,Completed,Bank Transfer,0.9566170256775203
PAY_006173,CLM_009248,POL_021495,2026-10-08,104185.17,Completed,UPI,0.8880081128786579
PAY_006174,CLM_009545,POL_005858,2024-06-11,43698.53,Completed,Bank Transfer,0.9367115388737648
PAY_006175,CLM_006457,POL_018584,2026-07-04,419852.34,Completed,Bank Transfer,0.9356698421618349
PAY_006176,CLM_007914,POL_022672,2025-09-11,617746.14,Completed,Cheque,0.9625714960191908
PAY_006177,CLM_001037,POL_010848,2024-09-11,81242.09,Completed,UPI,0.9510465925921416
PAY_006178,CLM_008931,POL_014670,2024-12-10,342659.2,Completed,Cheque,0.7937483634374365
PAY_006179,CLM_009324,POL_021387,2025-03-16,30927.2,Completed,UPI,0.9321157567744248
PAY_006180,CLM_002926,POL_018969,2025-11-13,295941.46,Completed,Cheque,0.8944405477875793
PAY_006181,CLM_008538,POL_005102,2025-05-24,1078583.23,Completed,Bank Transfer,0.8353833991154417
PAY_006182,CLM_007489,POL_024631,2025-07-01,1003847.07,Completed,Bank Transfer,0.825317655938095
PAY_006183,CLM_005939,POL_004422,2024-07-01,430705.75,Completed,Cheque,0.7975240790914088
PAY_006184,CLM_006823,POL_015898,2026-03-25,493436.18,Completed,Cheque,0.9066228222161058
PAY_006185,CLM_003888,POL_002977,2025-01-06,156655.38,Completed,Bank Transfer,0.8645807796468173
PAY_006186,CLM_009048,POL_011421,2026-02-14,96299.93,Completed,UPI,0.8012686013226515
PAY_006187,CLM_002103,POL_020321,2026-10-08,180360.97,Completed,UPI,0.8994277523932
PAY_006188,CLM_008526,POL_020946,2025-01-13,120919.52,Completed,Bank Transfer,0.8306195098404966
PAY_006189,CLM_002389,POL_013540,2025-08-02,301696.41,Completed,Bank Transfer,0.934913764412315
PAY_006190,CLM_003937,POL_023993,2026-07-22,81811.48,Completed,Cheque,0.8551569494539365
PAY_006191,CLM_002862,POL_024116,2025-03-05,628854.18,Completed,Bank Transfer,0.9776774487155347
PAY_006192,CLM_006493,POL_018336,2025-07-24,1015165.01,Completed,UPI,0.8715921350144812
PAY_006193,CLM_006549,POL_010432,2026-02-14,171572.59,Completed,Bank Transfer,0.8424066414244721
PAY_006194,CLM_000583,POL_006324,2026-08-31,76192.48,Completed,Bank Transfer,0.9250885962956865
PAY_006195,CLM_000555,POL_007803,2024-07-01,84814.76,Completed,Bank Transfer,0.9446226688698086
PAY_006196,CLM_008988,POL_024581,2025-09-20,43678.41,Completed,Cheque,0.8885775182924858
PAY_006197,CLM_003072,POL_010337,2026-04-09,383937.62,Completed,Cheque,0.9020915830461463
PAY_006198,CLM_002335,POL_009136,2024-08-27,874767.24,Completed,Cheque,0.86833547048675
PAY_006199,CLM_009166,POL_017380,2025-05-27,223699.92,Completed,Bank Transfer,0.9874351589899184
PAY_006200,CLM_007938,POL_016514,2026-10-08,753890.55,Completed,Cheque,0.9369724104338102
PAY_006201,CLM_006791,POL_012473,2025-03-07,193790.27,Completed,Bank Transfer,0.9942161725331785
PAY_006202,CLM_005583,POL_019763,2026-03-26,149695.23,Completed,NEFT,0.918532752718686
PAY_006203,CLM_007594,POL_004512,2025-05-29,28004.56,Completed,Bank Transfer,0.8654812945862762
PAY_006204,CLM_005912,POL_023296,2024-07-10,46049.87,Completed,NEFT,0.7535549320186804
PAY_006205,CLM_007030,POL_020474,2026-08-13,215220.43,Completed,UPI,0.7846997991475878
PAY_006206,CLM_008404,POL_023481,2025-05-03,106684.19,Completed,NEFT,0.9549226711292421
PAY_006207,CLM_007625,POL_023268,2024-12-11,133336.66,Completed,Bank Transfer,0.9034860432845299
PAY_006208,CLM_000314,POL_016476,2026-02-12,616195.02,Completed,Bank Transfer,0.9745818706315461
PAY_006209,CLM_003127,POL_000874,2026-09-09,79132.46,Completed,UPI,0.7797818018992069
PAY_006210,CLM_004461,POL_008214,2024-11-07,85970.13,Completed,Cheque,0.9931895511580224
PAY_006211,CLM_006358,POL_020428,2026-10-08,283209.73,Completed,Bank Transfer,0.9987161366811743
PAY_006212,CLM_002609,POL_019479,2026-06-06,134884.19,Completed,Cheque,0.9079153516393395
PAY_006213,CLM_009189,POL_002088,2024-12-05,72626.5,Completed,Bank Transfer,0.9730832966215514
PAY_006214,CLM_007280,POL_020337,2026-06-18,461840.84,Completed,Bank Transfer,0.8594281340910148
PAY_006215,CLM_007060,POL_003427,2024-05-11,249950.61,Completed,Cheque,0.857700124336189
PAY_006216,CLM_001149,POL_021816,2024-08-05,626995.83,Completed,Cheque,0.9348070333738767
PAY_006217,CLM_004097,POL_016765,2024-06-17,148482.13,Completed,Bank Transfer,0.9457488821781823
PAY_006218,CLM_000012,POL_007617,2024-11-20,79359.98,Completed,UPI,0.8946267818138202
PAY_006219,CLM_002776,POL_021610,2026-06-11,1008513.58,Completed,Cheque,0.7794503785654882
PAY_006220,CLM_002630,POL_024709,2024-10-24,65310.87,Completed,UPI,0.8483154065066524
PAY_006221,CLM_006816,POL_001967,2025-08-25,27065.24,Completed,Bank Transfer,0.7525968043907997
PAY_006222,CLM_000359,POL_012814,2026-10-08,94706.31,Completed,Bank Transfer,0.7866718100112311
PAY_006223,CLM_008133,POL_011283,2026-07-29,97446.08,Completed,NEFT,0.8368869610085165
PAY_006224,CLM_006380,POL_015346,2026-06-24,143631.98,Completed,UPI,0.966224582801305
PAY_006225,CLM_009023,POL_011447,2026-10-08,171900.0,Completed,NEFT,0.8149490576244838
PAY_006226,CLM_002262,POL_002082,2026-04-07,452219.13,Completed,Bank Transfer,0.8286669586729825
PAY_006227,CLM_004216,POL_012896,2024-06-05,188172.47,Completed,UPI,0.7886960636548208
PAY_006228,CLM_001334,POL_020024,2026-07-22,588513.55,Completed,Cheque,0.985991651381216
PAY_006229,CLM_008868,POL_022842,2026-09-16,218478.02,Completed,UPI,0.8881921491525876
PAY_006230,CLM_003564,POL_012110,2026-07-04,105043.83,Completed,Bank Transfer,0.8577299645415407
PAY_006231,CLM_008723,POL_022885,2024-05-11,607607.3,Completed,Bank Transfer,0.94149907133451
PAY_006232,CLM_007127,POL_022429,2026-07-18,40775.63,Completed,Cheque,0.9244579336762975
PAY_006233,CLM_007569,POL_004704,2025-01-06,48343.75,Completed,Bank Transfer,0.7909346030933714
PAY_006234,CLM_008605,POL_009716,2025-11-20,132836.8,Completed,UPI,0.8122749168000464
PAY_006235,CLM_005373,POL_023209,2025-07-25,78326.93,Completed,NEFT,0.9982968513097535
PAY_006236,CLM_006865,POL_016551,2025-11-03,62663.88,Completed,UPI,0.929457835989476
PAY_006237,CLM_005880,POL_024574,2026-09-22,394103.32,Completed,Bank Transfer,0.8578860307682662
PAY_006238,CLM_007051,POL_010718,2026-10-08,154226.03,Completed,Bank Transfer,0.813135167812368
PAY_006239,CLM_003964,POL_007482,2026-03-17,51085.63,Completed,Bank Transfer,0.7734496488746926
PAY_006240,CLM_000784,POL_017436,2025-09-23,100374.68,Completed,UPI,0.9524382829886056
PAY_006241,CLM_003923,POL_005157,2025-11-11,34361.47,Completed,NEFT,0.8773451894126635
PAY_006242,CLM_009844,POL_008742,2025-04-27,52301.03,Completed,UPI,0.8047020445491511
PAY_006243,CLM_009140,POL_020982,2024-10-12,200502.6,Completed,Bank Transfer,0.7677818556698347
PAY_006244,CLM_007774,POL_015558,2024-07-08,667603.94,Completed,Bank Transfer,0.9674666338653551
PAY_006245,CLM_001666,POL_024591,2026-07-03,153846.01,Completed,NEFT,0.780866047317497
PAY_006246,CLM_007283,POL_009602,2026-03-25,186884.48,Completed,Bank Transfer,0.7685848790719001
PAY_006247,CLM_006355,POL_008971,2025-12-14,184150.33,Completed,Bank Transfer,0.8275443381418749
PAY_006248,CLM_000981,POL_011173,2025-09-13,79201.93,Completed,Bank Transfer,0.9095790233219795
PAY_006249,CLM_004303,POL_023108,2025-11-08,51830.4,Completed,UPI,0.93341000334786
PAY_006250,CLM_000511,POL_009276,2025-06-23,79729.59,Completed,Bank Transfer,0.8349254034873943
PAY_006251,CLM_007182,POL_004336,2026-03-24,63157.61,Completed,UPI,0.8539071312461392
PAY_006252,CLM_004035,POL_020252,2025-01-16,33909.21,Completed,Bank Transfer,0.9778768590474893
PAY_006253,CLM_003968,POL_014561,2024-06-14,160721.59,Completed,UPI,0.7529039356174191
PAY_006254,CLM_001960,POL_003749,2024-12-25,161402.64,Completed,Bank Transfer,0.7839565289129271
PAY_006255,CLM_007287,POL_009723,2024-09-10,201266.83,Completed,Cheque,0.8118131626564097
PAY_006256,CLM_000682,POL_014110,2025-12-29,76593.01,Completed,Bank Transfer,0.9803392052819251
PAY_006257,CLM_003856,POL_012478,2025-03-10,24204.2,Completed,Bank Transfer,0.9036357561129499
PAY_006258,CLM_004739,POL_000709,2024-07-14,174894.74,Completed,Cheque,0.9665122447908175
PAY_006259,CLM_005186,POL_020918,2026-04-12,122423.73,Completed,UPI,0.9855690425144722
PAY_006260,CLM_002022,POL_010440,2026-03-31,119089.92,Completed,Bank Transfer,0.9854979685107161
PAY_006261,CLM_005107,POL_014648,2024-09-01,195696.76,Completed,Bank Transfer,0.890980555131507
PAY_006262,CLM_008979,POL_016318,2026-04-04,476515.57,Completed,UPI,0.9392713223343164
PAY_006263,CLM_007487,POL_007037,2025-02-02,169655.89,Completed,UPI,0.9459594603674032
PAY_006264,CLM_008035,POL_015276,2026-10-06,138725.78,Completed,Bank Transfer,0.8940690285080258
PAY_006265,CLM_004802,POL_008826,2025-02-04,526662.41,Completed,Cheque,0.8894060864610691
PAY_006266,CLM_001817,POL_008627,2026-04-03,79221.73,Completed,NEFT,0.8612049866615067
PAY_006267,CLM_008802,POL_009762,2026-06-22,544554.28,Completed,Bank Transfer,0.7945472730609242
PAY_006268,CLM_005004,POL_013930,2025-08-04,24308.32,Completed,NEFT,0.7582658562133747
PAY_006269,CLM_008043,POL_019345,2025-09-13,198602.17,Completed,UPI,0.9384419963420063
PAY_006270,CLM_008238,POL_021493,2025-10-30,228546.08,Completed,Bank Transfer,0.7777720869876855
PAY_006271,CLM_001811,POL_019366,2026-10-08,66337.6,Completed,Cheque,0.9703622168181237
PAY_006272,CLM_008257,POL_000155,2024-12-14,335502.36,Completed,Bank Transfer,0.8516132156851277
PAY_006273,CLM_007610,POL_019315,2026-09-22,57305.86,Completed,UPI,0.7880558354036592
PAY_006274,CLM_009586,POL_024017,2025-11-14,14658.06,Completed,UPI,0.8336419619681559
PAY_006275,CLM_006112,POL_011995,2026-04-02,111713.1,Completed,UPI,0.9332353036017323
PAY_006276,CLM_004670,POL_016940,2026-05-04,47255.96,Completed,UPI,0.7700115006470539
PAY_006277,CLM_004183,POL_024226,2024-08-13,636467.99,Completed,Cheque,0.8257211249676636
PAY_006278,CLM_005934,POL_003783,2026-04-09,207711.27,Completed,Bank Transfer,0.8046186010676868
PAY_006279,CLM_007494,POL_021509,2026-08-25,767471.26,Completed,Bank Transfer,0.9517253318282076
PAY_006280,CLM_006972,POL_010418,2026-05-11,80845.7,Completed,Cheque,0.9811523771243048
PAY_006281,CLM_002647,POL_000095,2026-07-30,336462.38,Completed,Bank Transfer,0.9056493942842962
PAY_006282,CLM_009347,POL_014559,2025-04-19,1377951.78,Completed,Bank Transfer,0.9735436541935582
PAY_006283,CLM_009722,POL_007615,2024-11-10,135976.6,Completed,UPI,0.7620574451449792
PAY_006284,CLM_003001,POL_005311,2024-06-09,274097.54,Completed,NEFT,0.8076287153979846
PAY_006285,CLM_000183,POL_017437,2024-10-22,215279.69,Completed,Bank Transfer,0.8827273608480493
PAY_006286,CLM_007450,POL_013044,2025-07-26,170952.71,Completed,UPI,0.8844059635798137
PAY_006287,CLM_007135,POL_013075,2026-01-17,132409.84,Completed,Bank Transfer,0.7760844490623117
PAY_006288,CLM_001339,POL_014545,2026-06-25,165294.14,Completed,UPI,0.9296679831524467
PAY_006289,CLM_001184,POL_009259,2025-09-18,422323.73,Completed,Cheque,0.853648983656906
PAY_006290,CLM_009094,POL_023782,2024-09-29,89234.89,Completed,NEFT,0.9324945626622803
PAY_006291,CLM_002197,POL_022968,2025-12-12,465266.55,Completed,Cheque,0.833316885499867
PAY_006292,CLM_001762,POL_006271,2026-10-08,102321.23,Completed,Bank Transfer,0.8715695670169059
PAY_006293,CLM_000734,POL_018206,2025-10-10,65781.0,Completed,Bank Transfer,0.7638289193215936
PAY_006294,CLM_006094,POL_017825,2024-06-24,238352.15,Completed,NEFT,0.9988741970052147
PAY_006295,CLM_002855,POL_007339,2025-02-25,207248.47,Completed,Bank Transfer,0.9012028287498043
PAY_006296,CLM_004377,POL_005671,2024-04-19,189508.7,Completed,Bank Transfer,0.8400930008969743
PAY_006297,CLM_002793,POL_004346,2025-09-23,189120.68,Completed,UPI,0.8440544871987984
PAY_006298,CLM_002008,POL_022825,2026-01-06,112050.68,Completed,UPI,0.9838840679886546
PAY_006299,CLM_001290,POL_004886,2025-12-27,79339.81,Completed,Bank Transfer,0.9121169637031992
PAY_006300,CLM_006997,POL_022896,2026-07-02,483082.09,Completed,Bank Transfer,0.814528218421302
PAY_006301,CLM_000660,POL_008598,2026-06-28,37668.05,Completed,UPI,0.9816366844136588
PAY_006302,CLM_008239,POL_012186,2025-11-22,46963.0,Completed,Bank Transfer,0.7967348174116153
PAY_006303,CLM_009262,POL_003661,2026-09-28,825759.18,Completed,UPI,0.827940173121644
PAY_006304,CLM_005287,POL_015907,2025-07-30,1102650.83,Completed,Bank Transfer,0.9290251207900256
PAY_006305,CLM_009224,POL_003191,2024-07-20,306759.44,Completed,UPI,0.7857446259218895
PAY_006306,CLM_006884,POL_001032,2026-10-08,197001.93,Completed,Bank Transfer,0.9234565606070791
PAY_006307,CLM_006738,POL_024192,2025-10-30,97561.59,Completed,Bank Transfer,0.7526205905182768
PAY_006308,CLM_006070,POL_021972,2026-06-28,259834.03,Completed,Bank Transfer,0.8110044129029947
PAY_006309,CLM_005016,POL_007043,2026-09-16,158099.03,Completed,Cheque,0.9312507156714493
PAY_006310,CLM_005878,POL_002097,2025-12-26,347692.28,Completed,UPI,0.8805380635021076
PAY_006311,CLM_005132,POL_021847,2026-01-09,169845.77,Completed,Cheque,0.855993984457665
PAY_006312,CLM_009765,POL_024373,2026-01-10,40079.99,Completed,UPI,0.9135334035806051
PAY_006313,CLM_001034,POL_008028,2026-10-08,447174.04,Completed,UPI,0.9665012236935708
PAY_006314,CLM_005948,POL_013732,2025-12-21,535254.33,Completed,UPI,0.9640525411498964
PAY_006315,CLM_003156,POL_007990,2024-09-06,273057.62,Completed,NEFT,0.8183462075784147
PAY_006316,CLM_007538,POL_004761,2026-08-03,265156.09,Completed,Bank Transfer,0.941184774447046
PAY_006317,CLM_004169,POL_003211,2025-07-28,51378.71,Completed,Cheque,0.7898888916049368
PAY_006318,CLM_002590,POL_006155,2026-03-16,31032.32,Completed,UPI,0.8565372811514886
PAY_006319,CLM_004967,POL_001827,2026-06-06,91711.72,Completed,UPI,0.7662998812512303
PAY_006320,CLM_004467,POL_012098,2025-11-27,132847.02,Completed,Cheque,0.7630801535316094
PAY_006321,CLM_002612,POL_004730,2025-05-27,429848.35,Completed,Cheque,0.7624557879041889
PAY_006322,CLM_001683,POL_022405,2026-10-08,99030.45,Completed,UPI,0.8931797740931963
PAY_006323,CLM_001915,POL_020839,2024-02-29,582999.44,Completed,UPI,0.9522284805670803
PAY_006324,CLM_006131,POL_011720,2024-08-01,235640.91,Completed,Bank Transfer,0.9639878062804357
PAY_006325,CLM_000742,POL_000790,2025-03-22,177016.85,Completed,Bank Transfer,0.8138138509518141
PAY_006326,CLM_002405,POL_003505,2026-10-08,235558.78,Completed,UPI,0.8283233331656003
PAY_006327,CLM_000727,POL_022535,2026-04-13,150205.11,Completed,UPI,0.8103637028110031
PAY_006328,CLM_009076,POL_015013,2025-06-02,29647.11,Completed,Bank Transfer,0.9718187697640167
PAY_006329,CLM_002652,POL_012270,2026-04-22,43198.5,Completed,Bank Transfer,0.9668541056020398
PAY_006330,CLM_002012,POL_016135,2026-09-01,81585.81,Completed,Bank Transfer,0.8950697107401704
PAY_006331,CLM_007992,POL_003869,2026-04-25,306799.73,Completed,Bank Transfer,0.7844143431567254
PAY_006332,CLM_005301,POL_023729,2025-03-07,70156.34,Completed,UPI,0.8455852566399563
PAY_006333,CLM_003390,POL_021169,2026-07-14,123157.04,Completed,UPI,0.8595378400459064
PAY_006334,CLM_007886,POL_000431,2026-08-11,88791.76,Completed,Bank Transfer,0.8777163418172292
PAY_006335,CLM_004604,POL_010703,2026-08-24,223353.7,Completed,Bank Transfer,0.9738640751570801
PAY_006336,CLM_008777,POL_011145,2026-07-23,102951.32,Completed,Bank Transfer,0.7522787652877966
PAY_006337,CLM_002209,POL_024378,2024-07-17,140304.88,Completed,Bank Transfer,0.8452109351430701
PAY_006338,CLM_001766,POL_018480,2024-03-08,70890.33,Completed,UPI,0.7621768719477856
PAY_006339,CLM_003824,POL_019577,2026-03-25,402186.39,Completed,Bank Transfer,0.7965304439306278
PAY_006340,CLM_004272,POL_016771,2026-05-16,55184.38,Completed,NEFT,0.8814413344965688
PAY_006341,CLM_007841,POL_009248,2026-02-01,226399.97,Completed,NEFT,0.8142155508645449
PAY_006342,CLM_008973,POL_008078,2024-06-08,364067.56,Completed,UPI,0.8633417608941574
PAY_006343,CLM_001730,POL_005211,2024-04-04,653814.21,Completed,Cheque,0.9421512537501142
PAY_006344,CLM_008230,POL_019171,2026-02-24,48521.98,Completed,UPI,0.7867146631662644
PAY_006345,CLM_007527,POL_020487,2026-05-06,93251.96,Completed,Bank Transfer,0.9379121257670979
PAY_006346,CLM_002214,POL_007273,2025-10-13,61257.07,Completed,Bank Transfer,0.9243845629750128
PAY_006347,CLM_004700,POL_004586,2025-01-24,379450.06,Completed,Bank Transfer,0.9311853291645751
PAY_006348,CLM_004730,POL_002099,2024-04-30,31885.88,Completed,Bank Transfer,0.8739441902610469
PAY_006349,CLM_003608,POL_002314,2024-07-28,563669.58,Completed,UPI,0.7523381701932036
PAY_006350,CLM_001377,POL_003805,2026-09-16,351992.28,Completed,Cheque,0.8583555687660677
PAY_006351,CLM_006881,POL_015776,2026-06-16,259108.14,Completed,UPI,0.8815723817595441
PAY_006352,CLM_006158,POL_002862,2025-07-16,45288.95,Completed,Cheque,0.9043382083664305
PAY_006353,CLM_001061,POL_002106,2025-09-17,204370.2,Completed,Bank Transfer,0.8901051561719915
PAY_006354,CLM_009985,POL_008468,2025-12-25,690191.34,Completed,UPI,0.8244734159474344
PAY_006355,CLM_001684,POL_022872,2024-08-19,39301.39,Completed,Bank Transfer,0.7764524333020326
PAY_006356,CLM_009261,POL_012564,2026-09-26,173563.92,Completed,Bank Transfer,0.8593858876833365
PAY_006357,CLM_004688,POL_012207,2024-06-10,54953.93,Completed,UPI,0.7601594021189433
PAY_006358,CLM_004256,POL_006972,2025-11-20,172842.59,Completed,Cheque,0.8977775767048389
PAY_006359,CLM_007544,POL_000459,2026-04-06,300339.88,Completed,Bank Transfer,0.7883710162527499
PAY_006360,CLM_007339,POL_014417,2025-02-03,146671.62,Completed,Bank Transfer,0.8789394307936776
PAY_006361,CLM_003077,POL_013351,2025-12-14,318512.47,Completed,NEFT,0.8223857123551476
PAY_006362,CLM_001536,POL_001147,2026-10-08,79291.1,Completed,Bank Transfer,0.8330770607129189
PAY_006363,CLM_003717,POL_003254,2026-08-06,23212.16,Completed,UPI,0.9392350054018184
PAY_006364,CLM_001700,POL_011457,2026-10-08,443019.89,Completed,Bank Transfer,0.8907494216018471
PAY_006365,CLM_004585,POL_017783,2024-01-27,50439.17,Completed,Bank Transfer,0.9413194141179333
PAY_006366,CLM_005185,POL_023646,2026-02-07,105848.21,Completed,Bank Transfer,0.9180383846275537
PAY_006367,CLM_007953,POL_000470,2024-01-02,265858.26,Completed,UPI,0.836178332409954
PAY_006368,CLM_004191,POL_007907,2025-01-28,101355.39,Completed,Bank Transfer,0.9067292281035865
PAY_006369,CLM_006389,POL_024490,2024-12-24,146275.05,Completed,UPI,0.8929817791487559
PAY_006370,CLM_004466,POL_016947,2026-05-25,158904.08,Completed,UPI,0.8872221130050748
PAY_006371,CLM_007069,POL_007003,2025-08-11,223499.81,Completed,UPI,0.8918556827037353
PAY_006372,CLM_000197,POL_009795,2024-08-02,239689.15,Completed,Cheque,0.943066018475173
PAY_006373,CLM_009913,POL_002475,2024-06-12,40591.21,Completed,Cheque,0.8456768119163749
PAY_006374,CLM_005098,POL_013671,2025-03-16,312642.74,Completed,UPI,0.9881065741222452
PAY_006375,CLM_007028,POL_011346,2025-01-05,216598.99,Completed,NEFT,0.874732440068231
PAY_006376,CLM_003967,POL_024230,2026-01-05,69170.54,Completed,NEFT,0.899983671090218
PAY_006377,CLM_001038,POL_004585,2026-10-08,285986.4,Completed,NEFT,0.8082112744390975
PAY_006378,CLM_002601,POL_019367,2025-09-23,344781.36,Completed,UPI,0.9899464753975956
PAY_006379,CLM_003554,POL_004990,2026-08-24,80251.3,Completed,UPI,0.9218034985695336
PAY_006380,CLM_006198,POL_024593,2026-03-27,419165.62,Completed,Bank Transfer,0.8201685259754217
PAY_006381,CLM_005929,POL_015925,2026-09-21,150957.89,Completed,UPI,0.8739549561858535
PAY_006382,CLM_000571,POL_018484,2025-07-24,340453.92,Completed,Cheque,0.9914821177942328
PAY_006383,CLM_008159,POL_019451,2024-10-29,369722.32,Completed,Bank Transfer,0.9641039382637314
PAY_006384,CLM_008982,POL_014548,2026-01-16,126580.16,Completed,Bank Transfer,0.7820528670282592
PAY_006385,CLM_009642,POL_019709,2025-09-12,339256.68,Completed,UPI,0.9813124759051672
PAY_006386,CLM_006390,POL_020222,2025-02-22,63839.89,Completed,Cheque,0.9993405030085148
PAY_006387,CLM_001977,POL_008558,2025-12-15,144417.04,Completed,Bank Transfer,0.8125927563090045
PAY_006388,CLM_009121,POL_024558,2024-09-29,130093.39,Completed,UPI,0.8723001658929667
PAY_006389,CLM_008541,POL_016876,2025-02-09,918913.32,Completed,Bank Transfer,0.9950872165762992
PAY_006390,CLM_000875,POL_020702,2026-10-08,139825.09,Completed,Bank Transfer,0.9943154985757457
PAY_006391,CLM_008821,POL_018246,2025-02-01,594889.66,Completed,UPI,0.9730185716473719
PAY_006392,CLM_005623,POL_016595,2024-10-28,485269.61,Completed,UPI,0.8682523549487614
PAY_006393,CLM_007667,POL_017362,2026-08-02,97928.92,Completed,Bank Transfer,0.9131860370608605
PAY_006394,CLM_008427,POL_000176,2025-10-02,66311.96,Completed,UPI,0.7712149364019439
PAY_006395,CLM_007055,POL_015404,2024-06-23,180828.49,Completed,NEFT,0.9929761847365167
PAY_006396,CLM_004157,POL_002071,2026-08-06,46626.99,Completed,Cheque,0.9352676014864955
PAY_006397,CLM_009846,POL_019985,2024-04-06,266926.47,Completed,Bank Transfer,0.8835995394350694
PAY_006398,CLM_003309,POL_023704,2026-09-21,56228.77,Completed,Cheque,0.8004073725636898
PAY_006399,CLM_008032,POL_013790,2026-09-18,157838.33,Completed,Bank Transfer,0.8171161025344533
PAY_006400,CLM_005363,POL_005758,2026-02-06,43924.4,Completed,Bank Transfer,0.8133565242639093
PAY_006401,CLM_004899,POL_020711,2026-06-17,319680.46,Completed,Cheque,0.9411643583030639
PAY_006402,CLM_005487,POL_023141,2025-09-08,176453.92,Completed,Bank Transfer,0.9895676815328454
PAY_006403,CLM_005876,POL_006579,2025-10-13,52688.23,Completed,UPI,0.7912992010448083
PAY_006404,CLM_009172,POL_007905,2024-11-28,288331.65,Completed,Bank Transfer,0.7950253639847272
PAY_006405,CLM_003061,POL_009301,2024-10-18,198018.13,Completed,Cheque,0.8176460350378798
PAY_006406,CLM_009219,POL_023270,2025-12-07,122162.54,Completed,NEFT,0.9545483918077133
PAY_006407,CLM_007201,POL_006716,2025-09-29,270878.97,Completed,Bank Transfer,0.9446042658697292
PAY_006408,CLM_002246,POL_005254,2026-07-16,267172.12,Completed,Bank Transfer,0.8712837435925265
PAY_006409,CLM_005810,POL_022954,2025-06-16,173952.31,Completed,UPI,0.9943178021564205
PAY_006410,CLM_001634,POL_021270,2024-10-07,73808.86,Completed,Bank Transfer,0.9017677413112035
PAY_006411,CLM_003972,POL_012083,2026-04-27,353531.04,Completed,Bank Transfer,0.8554794698719205
PAY_006412,CLM_009005,POL_007002,2026-10-08,165569.94,Completed,Bank Transfer,0.9679660247719182
PAY_006413,CLM_004232,POL_009307,2025-09-04,648302.85,Completed,Bank Transfer,0.7780450524869069
PAY_006414,CLM_003557,POL_005163,2024-09-16,382449.88,Completed,NEFT,0.8639536923386406
PAY_006415,CLM_008525,POL_017692,2025-03-05,90905.12,Completed,UPI,0.9809722603360218
PAY_006416,CLM_004938,POL_019271,2025-11-03,98637.53,Completed,Bank Transfer,0.8472281571956801
PAY_006417,CLM_000990,POL_002122,2026-06-14,175833.72,Completed,Bank Transfer,0.8181957144352161
PAY_006418,CLM_004004,POL_009820,2024-11-22,69228.0,Completed,Bank Transfer,0.7971011989678721
PAY_006419,CLM_004763,POL_000723,2026-01-09,202998.84,Completed,UPI,0.9227320661679945
PAY_006420,CLM_001057,POL_018449,2026-05-15,78020.32,Completed,Bank Transfer,0.8636425575005698
PAY_006421,CLM_000592,POL_021584,2025-05-18,848920.72,Completed,UPI,0.9974584757972766
PAY_006422,CLM_004472,POL_011849,2024-10-30,51770.61,Completed,Bank Transfer,0.7552109598680927
PAY_006423,CLM_002176,POL_023733,2026-07-26,62959.55,Completed,UPI,0.751531662556052
PAY_006424,CLM_008180,POL_007540,2024-08-27,78584.47,Completed,UPI,0.8608811687862113
PAY_006425,CLM_001189,POL_005370,2025-04-15,1175596.13,Completed,Bank Transfer,0.7910414529694835
PAY_006426,CLM_004648,POL_009249,2026-03-11,342153.41,Completed,Cheque,0.9484335853076669
PAY_006427,CLM_005651,POL_010872,2025-03-21,260366.87,Completed,Bank Transfer,0.920872226478792
PAY_006428,CLM_000902,POL_016519,2025-04-18,131573.11,Completed,Bank Transfer,0.9221618995427285
PAY_006429,CLM_000159,POL_004939,2026-02-28,73984.77,Completed,UPI,0.935013072025108
PAY_006430,CLM_000605,POL_016384,2025-09-01,308281.78,Completed,UPI,0.8109412888525784
PAY_006431,CLM_004373,POL_007711,2026-09-28,113528.56,Completed,Bank Transfer,0.9801511902171848
PAY_006432,CLM_002326,POL_019027,2025-11-24,124331.95,Completed,UPI,0.9506902814642924
PAY_006433,CLM_009909,POL_016707,2026-03-12,118287.28,Completed,Bank Transfer,0.9872335226109968
PAY_006434,CLM_005947,POL_012174,2026-09-30,85321.01,Completed,Bank Transfer,0.996210428630459
PAY_006435,CLM_004133,POL_002574,2026-07-27,122510.25,Completed,UPI,0.8424811104031042
PAY_006436,CLM_009327,POL_006930,2025-10-08,261854.68,Completed,UPI,0.9559709238161195
PAY_006437,CLM_002970,POL_024691,2026-03-09,54201.2,Completed,Bank Transfer,0.868278499769719
PAY_006438,CLM_001088,POL_006420,2026-05-27,100089.34,Completed,NEFT,0.9490489440919346
PAY_006439,CLM_003616,POL_021949,2025-06-29,161119.43,Completed,Bank Transfer,0.7527941367071886
PAY_006440,CLM_005641,POL_017290,2026-07-26,96804.32,Completed,UPI,0.9356228394286732
PAY_006441,CLM_004796,POL_017198,2026-04-20,242436.99,Completed,NEFT,0.9872665306993248
PAY_006442,CLM_008152,POL_006606,2025-01-06,303394.4,Completed,UPI,0.9191908753261196
PAY_006443,CLM_005847,POL_010698,2026-07-28,203588.78,Completed,UPI,0.9138732482214288
PAY_006444,CLM_003468,POL_020832,2025-12-20,198144.17,Completed,UPI,0.8143610330815803
PAY_006445,CLM_006226,POL_001099,2026-10-06,130837.68,Completed,Cheque,0.8880186218445051
PAY_006446,CLM_001541,POL_016228,2025-07-17,81355.23,Completed,UPI,0.8987839853287227
PAY_006447,CLM_005566,POL_012175,2025-12-23,55752.65,Completed,Bank Transfer,0.8152818525715839
PAY_006448,CLM_007521,POL_015842,2025-07-12,69272.57,Completed,UPI,0.9314697905447289
PAY_006449,CLM_007876,POL_023509,2025-02-13,145723.76,Completed,Bank Transfer,0.7573630765818175
PAY_006450,CLM_007660,POL_014511,2024-03-21,26608.95,Completed,Cheque,0.7598610207612161
PAY_006451,CLM_008161,POL_022492,2025-02-05,28563.84,Completed,Bank Transfer,0.8847509695796232
PAY_006452,CLM_004986,POL_019079,2026-07-13,191557.01,Completed,UPI,0.9139066986694855
PAY_006453,CLM_003913,POL_013339,2026-09-26,528541.72,Completed,UPI,0.9781471236268526
PAY_006454,CLM_007167,POL_005769,2025-01-31,141286.9,Completed,UPI,0.8529607969916007
PAY_006455,CLM_005686,POL_024452,2026-10-01,332787.71,Completed,Cheque,0.8685255818807808
PAY_006456,CLM_002243,POL_021748,2026-10-08,174219.09,Completed,Bank Transfer,0.7581998026633484
PAY_006457,CLM_003448,POL_023463,2026-06-09,129041.91,Completed,Cheque,0.8070904195582184
PAY_006458,CLM_005336,POL_018532,2025-06-17,321152.31,Completed,Bank Transfer,0.7622036253100858
PAY_006459,CLM_009630,POL_015857,2025-06-10,246735.65,Completed,Bank Transfer,0.7987502126077857
PAY_006460,CLM_002414,POL_006757,2025-07-21,193451.49,Completed,UPI,0.9008158828472472
PAY_006461,CLM_001233,POL_005314,2026-04-02,137836.65,Completed,Bank Transfer,0.9619606636182435
PAY_006462,CLM_005057,POL_005790,2026-07-17,943399.4,Completed,UPI,0.9134124085886266
PAY_006463,CLM_008958,POL_000553,2026-01-20,115877.52,Completed,UPI,0.7996747680441523
PAY_006464,CLM_001292,POL_014857,2025-10-11,398644.63,Completed,Cheque,0.9648725507573003
PAY_006465,CLM_006517,POL_006112,2026-05-12,649046.08,Completed,UPI,0.8875797219745198
PAY_006466,CLM_009095,POL_008966,2024-11-14,82320.43,Completed,Bank Transfer,0.9067091278653654
PAY_006467,CLM_008376,POL_013457,2024-02-04,188646.11,Completed,NEFT,0.833910142284846
PAY_006468,CLM_000468,POL_017729,2024-04-24,365927.6,Completed,Bank Transfer,0.869156680431987
PAY_006469,CLM_004045,POL_001823,2026-03-19,139451.05,Completed,NEFT,0.900188357105034
PAY_006470,CLM_004396,POL_000574,2024-08-28,120432.52,Completed,NEFT,0.962079921661188
PAY_006471,CLM_006547,POL_002001,2025-06-14,89637.56,Completed,Bank Transfer,0.9285919845951471
PAY_006472,CLM_001954,POL_005906,2024-09-03,46037.47,Completed,Bank Transfer,0.9059679886838301
PAY_006473,CLM_001469,POL_004933,2025-06-24,118882.68,Completed,UPI,0.978837964059639
PAY_006474,CLM_004013,POL_002480,2026-03-23,707024.52,Completed,Bank Transfer,0.9269496450954828
PAY_006475,CLM_002333,POL_008873,2026-10-08,195238.88,Completed,Bank Transfer,0.9470492895804141
PAY_006476,CLM_003535,POL_019784,2026-08-30,106883.82,Completed,UPI,0.9060652150361438
PAY_006477,CLM_005313,POL_019976,2025-03-09,42322.98,Completed,UPI,0.8397938205289337
PAY_006478,CLM_004623,POL_008962,2024-09-06,248626.36,Completed,Bank Transfer,0.896641600148756
PAY_006479,CLM_009257,POL_021741,2026-08-18,158331.72,Completed,Bank Transfer,0.8093364091156472
PAY_006480,CLM_008374,POL_024003,2025-04-10,70250.35,Completed,UPI,0.871308229610962
PAY_006481,CLM_008379,POL_014579,2024-10-28,473957.34,Completed,Cheque,0.8082904157580612
PAY_006482,CLM_002951,POL_023265,2026-03-10,177808.35,Completed,Bank Transfer,0.7862272802925159
PAY_006483,CLM_006329,POL_005583,2026-01-24,32536.86,Completed,Bank Transfer,0.842989133096061
PAY_006484,CLM_009755,POL_012975,2025-03-31,616101.37,Completed,NEFT,0.8800044284363949
PAY_006485,CLM_007689,POL_001530,2024-06-07,180239.47,Completed,UPI,0.7600240911141015
PAY_006486,CLM_002337,POL_011251,2024-10-02,599311.19,Completed,Bank Transfer,0.7945783720123671
PAY_006487,CLM_006596,POL_021793,2026-09-03,301064.92,Completed,NEFT,0.9029479120997901
PAY_006488,CLM_009202,POL_005750,2024-08-16,69397.59,Completed,Bank Transfer,0.9642992621881793
PAY_006489,CLM_003520,POL_002845,2024-11-05,164701.54,Completed,UPI,0.8405438854984774
PAY_006490,CLM_003225,POL_006494,2025-03-10,48745.42,Completed,NEFT,0.7727157367446984
PAY_006491,CLM_004222,POL_004033,2026-04-06,244727.66,Completed,UPI,0.8705468176928479
PAY_006492,CLM_007573,POL_015201,2024-08-29,62190.35,Completed,UPI,0.9365898082012216
PAY_006493,CLM_009435,POL_000649,2026-09-23,802388.99,Completed,Bank Transfer,0.9318278664090293
PAY_006494,CLM_004361,POL_007758,2025-07-08,78322.16,Completed,Bank Transfer,0.8795271885664618
PAY_006495,CLM_007169,POL_011269,2026-02-13,92003.48,Completed,Bank Transfer,0.9178092960190131
PAY_006496,CLM_008365,POL_021085,2026-02-23,272630.51,Completed,Bank Transfer,0.9467305579244323
PAY_006497,CLM_003058,POL_011984,2026-09-23,662119.78,Completed,Bank Transfer,0.912943150614574
PAY_006498,CLM_007252,POL_001756,2026-07-30,117330.46,Completed,Bank Transfer,0.8057829067421026
PAY_006499,CLM_004440,POL_009483,2025-10-27,140360.86,Completed,UPI,0.9789741549198274
PAY_006500,CLM_007381,POL_018830,2026-07-24,220752.15,Completed,UPI,0.979122647234439
PAY_006501,CLM_009426,POL_022403,2024-01-24,805266.64,Completed,NEFT,0.9443727010966247
PAY_006502,CLM_005754,POL_010183,2026-05-18,60409.09,Completed,Bank Transfer,0.8132677593509698
PAY_006503,CLM_004775,POL_023470,2024-03-05,109860.18,Completed,Bank Transfer,0.7946198264627209
PAY_006504,CLM_003922,POL_000246,2026-08-01,66730.62,Completed,UPI,0.7748840500663574
PAY_006505,CLM_007228,POL_010257,2024-12-31,410189.01,Completed,UPI,0.8903867047420289
PAY_006506,CLM_004997,POL_022609,2024-10-31,1200311.34,Completed,Bank Transfer,0.8583570621802484
PAY_006507,CLM_002404,POL_024819,2026-04-20,94687.69,Completed,Bank Transfer,0.7899676087858822
PAY_006508,CLM_006034,POL_007547,2025-02-12,296712.39,Completed,UPI,0.9390982697290943
PAY_006509,CLM_004473,POL_014825,2024-02-12,162540.06,Completed,UPI,0.9041381912470177
PAY_006510,CLM_003265,POL_004851,2026-06-14,314980.28,Completed,Cheque,0.9378372387271233
PAY_006511,CLM_000847,POL_015574,2025-03-20,408504.87,Completed,Bank Transfer,0.9680962414117438
PAY_006512,CLM_002118,POL_016335,2024-07-03,424084.99,Completed,Bank Transfer,0.8608826163784076
PAY_006513,CLM_006810,POL_006743,2026-04-24,779858.92,Completed,Bank Transfer,0.8084851225147557
PAY_006514,CLM_005794,POL_002237,2024-10-19,112488.18,Completed,Bank Transfer,0.8016395643639542
PAY_006515,CLM_007550,POL_018605,2026-03-20,56456.33,Completed,UPI,0.8972701886996366
PAY_006516,CLM_004758,POL_009741,2026-09-05,69096.08,Completed,Bank Transfer,0.8134061649796656
PAY_006517,CLM_007084,POL_012916,2026-08-15,62614.51,Completed,Bank Transfer,0.8715249558179391
PAY_006518,CLM_006507,POL_018897,2025-02-27,55512.92,Completed,UPI,0.9889456267066475
PAY_006519,CLM_005228,POL_006111,2025-02-21,461567.56,Completed,Bank Transfer,0.8615327700374577
PAY_006520,CLM_000809,POL_013863,2025-10-25,97687.6,Completed,Cheque,0.8885566661851904
PAY_006521,CLM_007451,POL_018804,2026-09-19,258007.79,Completed,UPI,0.9689330026342164
PAY_006522,CLM_007424,POL_015557,2026-05-08,229886.32,Completed,Cheque,0.8839887762506263
PAY_006523,CLM_004057,POL_015470,2025-09-23,447815.22,Completed,Bank Transfer,0.9744946340965563
PAY_006524,CLM_000745,POL_009094,2025-05-22,106555.61,Completed,UPI,0.9344741415107867
PAY_006525,CLM_006715,POL_003992,2025-01-24,72661.81,Completed,UPI,0.9930470670171173
PAY_006526,CLM_001565,POL_008118,2025-09-10,911357.05,Completed,UPI,0.9920984139208527
PAY_006527,CLM_002382,POL_018798,2026-03-05,309387.4,Completed,Cheque,0.9936194125299097
PAY_006528,CLM_001465,POL_001505,2025-03-26,231015.36,Completed,Bank Transfer,0.848332463697365
PAY_006529,CLM_002757,POL_012684,2026-04-09,24845.33,Completed,UPI,0.760908300206418
PAY_006530,CLM_001674,POL_017361,2025-09-26,102999.27,Completed,UPI,0.9811936238347528
PAY_006531,CLM_004043,POL_021316,2025-06-29,627516.29,Completed,UPI,0.7699091654687171
PAY_006532,CLM_008467,POL_013298,2024-10-14,307027.36,Completed,UPI,0.9300145254112002
PAY_006533,CLM_000163,POL_023224,2026-10-08,527034.06,Completed,UPI,0.8711408289964372
PAY_006534,CLM_001070,POL_013978,2025-01-30,504861.29,Completed,UPI,0.913450670596392
PAY_006535,CLM_009583,POL_002631,2026-10-03,805255.9,Completed,Cheque,0.7814009783718722
PAY_006536,CLM_008639,POL_008235,2024-02-18,532737.26,Completed,UPI,0.8186940372169154
PAY_006537,CLM_007364,POL_013471,2025-12-16,431669.93,Completed,Bank Transfer,0.7730111425759087
PAY_006538,CLM_005231,POL_014953,2026-02-17,99027.52,Completed,UPI,0.9299194303187621
PAY_006539,CLM_008413,POL_002358,2025-02-03,144465.98,Completed,UPI,0.8672110833224732
PAY_006540,CLM_001200,POL_008178,2024-09-18,131630.33,Completed,NEFT,0.7930218230768711
PAY_006541,CLM_000167,POL_009274,2026-07-18,84536.99,Completed,UPI,0.7639429062926594
PAY_006542,CLM_006745,POL_007772,2023-11-06,298269.48,Completed,Cheque,0.8960082218893565
PAY_006543,CLM_009528,POL_021259,2025-12-14,120632.71,Completed,UPI,0.8519389137574416
PAY_006544,CLM_009455,POL_014173,2025-12-19,20291.25,Completed,Bank Transfer,0.7830109062956914
PAY_006545,CLM_009884,POL_006231,2025-10-17,558099.8,Completed,UPI,0.7916705841206115
PAY_006546,CLM_000929,POL_022542,2026-10-05,77567.43,Completed,Bank Transfer,0.9282537887101355
PAY_006547,CLM_006348,POL_006145,2024-08-20,67392.16,Completed,UPI,0.7686730873924432
PAY_006548,CLM_006203,POL_019896,2026-10-08,189377.68,Completed,Bank Transfer,0.9642837411917904
PAY_006549,CLM_005887,POL_009241,2026-01-31,226535.66,Completed,Bank Transfer,0.933285955412845
PAY_006550,CLM_001437,POL_014192,2025-05-19,247319.9,Completed,UPI,0.8713644995065541
PAY_006551,CLM_001267,POL_004543,2025-05-04,216492.23,Completed,Bank Transfer,0.9150887617233842
PAY_006552,CLM_006915,POL_003509,2026-06-11,23361.43,Completed,Bank Transfer,0.7732817711305509
PAY_006553,CLM_007561,POL_008382,2026-05-06,30777.09,Completed,UPI,0.7671614386908266
PAY_006554,CLM_007432,POL_023557,2025-10-29,503197.29,Completed,Bank Transfer,0.8904681944885031
PAY_006555,CLM_000007,POL_021617,2026-08-11,86887.03,Completed,UPI,0.9438964778823666
PAY_006556,CLM_004347,POL_015932,2026-10-08,568276.17,Completed,NEFT,0.8308312489920285
PAY_006557,CLM_008098,POL_010354,2025-01-23,36634.03,Completed,Cheque,0.9899368839415204
PAY_006558,CLM_004448,POL_021814,2026-03-04,318965.62,Completed,Bank Transfer,0.9741694196027373
PAY_006559,CLM_009102,POL_017667,2025-08-04,82371.02,Completed,Cheque,0.7753580209215115
PAY_006560,CLM_003794,POL_023100,2026-06-28,56973.98,Completed,Bank Transfer,0.9711963324515276
PAY_006561,CLM_003539,POL_019010,2025-10-03,60390.38,Completed,Bank Transfer,0.784853297428806
PAY_006562,CLM_007356,POL_020535,2025-06-01,546897.42,Completed,NEFT,0.8206205249880429
PAY_006563,CLM_005491,POL_021401,2026-02-11,170376.16,Completed,Bank Transfer,0.8680111819967224
PAY_006564,CLM_007008,POL_010352,2025-10-27,813237.28,Completed,Bank Transfer,0.7988236103282097
PAY_006565,CLM_006783,POL_004965,2024-12-15,147865.65,Completed,UPI,0.928578488950426
PAY_006566,CLM_002455,POL_019946,2025-05-04,268739.28,Completed,Cheque,0.8518969101171858
PAY_006567,CLM_009160,POL_013486,2024-11-29,300828.63,Completed,Bank Transfer,0.9153878979588123
PAY_006568,CLM_009170,POL_019000,2026-10-08,943752.11,Completed,Cheque,0.8374931855938608
PAY_006569,CLM_008948,POL_024708,2025-10-08,364555.11,Completed,Bank Transfer,0.9228554303629332
PAY_006570,CLM_001669,POL_012890,2024-11-30,360839.76,Completed,Cheque,0.9847543636076639
PAY_006571,CLM_004639,POL_003891,2026-09-28,110054.25,Completed,UPI,0.7900239725867602
PAY_006572,CLM_000835,POL_009225,2025-03-09,576291.86,Completed,UPI,0.9880429681833498
PAY_006573,CLM_005367,POL_018447,2024-12-29,420126.85,Completed,Bank Transfer,0.9657637371973796
PAY_006574,CLM_005321,POL_006026,2026-10-07,114373.11,Completed,Bank Transfer,0.891536750239306
PAY_006575,CLM_005892,POL_010682,2026-03-31,60524.02,Completed,Bank Transfer,0.7782715161643279
PAY_006576,CLM_001235,POL_012549,2025-05-23,171956.15,Completed,UPI,0.88642166562855
PAY_006577,CLM_002831,POL_010931,2025-06-21,369479.33,Completed,UPI,0.9407033728355803
PAY_006578,CLM_003959,POL_020662,2025-02-16,427172.14,Completed,Bank Transfer,0.805712504538087
PAY_006579,CLM_008429,POL_019710,2024-09-03,1111937.98,Completed,Cheque,0.9605271134697166
PAY_006580,CLM_007004,POL_023621,2024-09-15,111229.0,Completed,Bank Transfer,0.8491866004891169
PAY_006581,CLM_007420,POL_008023,2025-04-17,305118.51,Completed,Cheque,0.7684817914739964
PAY_006582,CLM_001698,POL_018494,2024-08-03,170966.94,Completed,Bank Transfer,0.9930748388250245
PAY_006583,CLM_008547,POL_011489,2026-10-08,166527.34,Completed,NEFT,0.8835619879862725
PAY_006584,CLM_001409,POL_018518,2026-01-30,220130.81,Completed,UPI,0.9392247091861582
PAY_006585,CLM_003854,POL_018099,2026-08-24,250879.55,Completed,Bank Transfer,0.9991585117163174
PAY_006586,CLM_006394,POL_001700,2025-11-18,135586.33,Completed,UPI,0.7969316800231814
PAY_006587,CLM_005482,POL_013777,2025-11-07,105294.74,Completed,UPI,0.8017552387766173
PAY_006588,CLM_003369,POL_024356,2024-07-11,61150.97,Completed,Bank Transfer,0.9370997659050049
PAY_006589,CLM_005858,POL_022280,2025-02-13,167443.83,Completed,UPI,0.8085002118498292
PAY_006590,CLM_006787,POL_010624,2026-10-08,329035.08,Completed,Bank Transfer,0.9982492453630729
PAY_006591,CLM_005875,POL_024254,2026-07-10,36898.49,Completed,UPI,0.7944650006620813
PAY_006592,CLM_004207,POL_013047,2025-03-10,55124.83,Completed,Bank Transfer,0.8509401431806721
PAY_006593,CLM_008006,POL_017472,2026-04-15,1474987.52,Completed,Bank Transfer,0.776915955612683
PAY_006594,CLM_000760,POL_017147,2025-12-31,225152.76,Completed,UPI,0.9574059706191592
PAY_006595,CLM_003487,POL_024597,2024-08-09,134880.43,Completed,Bank Transfer,0.7960368609689581
PAY_006596,CLM_007115,POL_001669,2026-10-08,382627.79,Completed,Bank Transfer,0.8639964656846589
PAY_006597,CLM_002634,POL_002688,2025-12-31,95523.24,Completed,UPI,0.8572615496864129
PAY_006598,CLM_008518,POL_003003,2026-10-08,55462.06,Completed,NEFT,0.9636974442984105
PAY_006599,CLM_000781,POL_019715,2026-04-25,28720.88,Completed,Cheque,0.8317127690350545
PAY_006600,CLM_004002,POL_004049,2025-10-20,89691.86,Completed,NEFT,0.8286281246018736
PAY_006601,CLM_008266,POL_004957,2024-08-18,112775.69,Completed,UPI,0.9096669723742022
PAY_006602,CLM_007966,POL_020161,2026-09-08,183865.63,Completed,UPI,0.8935821276994056
PAY_006603,CLM_006169,POL_018682,2026-10-08,83094.5,Completed,Cheque,0.7915485218972436
PAY_006604,CLM_004519,POL_020180,2024-01-19,111525.73,Completed,Bank Transfer,0.9863611097230556
PAY_006605,CLM_001129,POL_004627,2025-08-31,435595.87,Completed,UPI,0.8336406950041866
PAY_006606,CLM_005777,POL_016786,2025-05-08,103345.43,Completed,Bank Transfer,0.7682998189378853
PAY_006607,CLM_002040,POL_024485,2026-01-10,575613.46,Completed,Bank Transfer,0.894497872711267
PAY_006608,CLM_003605,POL_008439,2026-01-21,281848.39,Completed,NEFT,0.9488556637698209
PAY_006609,CLM_000212,POL_019899,2025-04-01,660710.32,Completed,Bank Transfer,0.9866720120645985
PAY_006610,CLM_004292,POL_009792,2026-09-01,81551.32,Completed,Bank Transfer,0.8002785375639563
PAY_006611,CLM_002413,POL_000831,2026-03-09,206250.72,Completed,UPI,0.8784760323399015
PAY_006612,CLM_004142,POL_005008,2026-06-08,67749.07,Completed,Bank Transfer,0.9564939631343107
PAY_006613,CLM_009907,POL_024174,2026-03-12,31732.21,Completed,UPI,0.7648831483126378
PAY_006614,CLM_006705,POL_021237,2025-03-28,480025.61,Completed,Bank Transfer,0.9126487894644882
PAY_006615,CLM_005502,POL_022243,2026-06-04,36260.93,Completed,UPI,0.9305307096769888
PAY_006616,CLM_003905,POL_013510,2026-04-03,119907.28,Completed,Bank Transfer,0.9910287179214223
PAY_006617,CLM_002710,POL_007791,2025-12-07,218061.7,Completed,UPI,0.9607061218654542
PAY_006618,CLM_007737,POL_016350,2026-07-24,37934.22,Completed,Cheque,0.8669367058058872
PAY_006619,CLM_000825,POL_003813,2025-05-24,639079.42,Completed,NEFT,0.9470609799763434
PAY_006620,CLM_008344,POL_006040,2026-05-22,135164.98,Completed,Bank Transfer,0.8035145272285442
PAY_006621,CLM_002596,POL_019497,2025-07-10,158047.42,Completed,Cheque,0.9284041561699383
PAY_006622,CLM_002946,POL_023576,2024-03-20,53228.81,Completed,Cheque,0.9837068410458314
PAY_006623,CLM_000176,POL_000612,2026-04-19,27706.39,Completed,Cheque,0.9294611140427299
PAY_006624,CLM_004829,POL_023848,2026-05-30,738243.48,Completed,NEFT,0.9892828464839497
PAY_006625,CLM_004735,POL_023691,2025-01-28,78429.91,Completed,UPI,0.8810409168317989
PAY_006626,CLM_009966,POL_017612,2026-10-06,337086.5,Completed,Bank Transfer,0.9770045481368638
PAY_006627,CLM_008682,POL_002424,2025-04-10,214426.48,Completed,NEFT,0.75970780654304
PAY_006628,CLM_004241,POL_023915,2026-07-28,579888.49,Completed,Cheque,0.941255957084369
PAY_006629,CLM_001421,POL_007631,2025-05-16,248078.6,Completed,Bank Transfer,0.863152681569356
PAY_006630,CLM_003275,POL_003975,2025-12-24,134989.48,Completed,UPI,0.9083443447827062
PAY_006631,CLM_000262,POL_006847,2024-11-07,302517.0,Completed,UPI,0.8133026577291027
PAY_006632,CLM_001657,POL_008776,2026-04-26,301379.37,Completed,Bank Transfer,0.9464537743134208
PAY_006633,CLM_007222,POL_018056,2025-03-27,110930.75,Completed,Cheque,0.8287080981557878
PAY_006634,CLM_001019,POL_015176,2025-07-11,462537.43,Completed,UPI,0.8708890982828493
PAY_006635,CLM_009531,POL_021117,2024-02-08,609691.3,Completed,Bank Transfer,0.7863547689195763
PAY_006636,CLM_000889,POL_020568,2025-01-21,996224.08,Completed,UPI,0.9327889730192019
PAY_006637,CLM_006083,POL_013633,2024-07-06,304476.16,Completed,UPI,0.7654642740913548
PAY_006638,CLM_000426,POL_005203,2025-01-26,335071.94,Completed,UPI,0.9378554758720604
PAY_006639,CLM_004866,POL_022097,2026-05-30,201307.79,Completed,Cheque,0.8566872941721388
PAY_006640,CLM_009605,POL_011020,2024-05-25,232847.98,Completed,UPI,0.7639982275481089
PAY_006641,CLM_001534,POL_003741,2024-09-21,110327.55,Completed,Bank Transfer,0.9096573822607348
PAY_006642,CLM_009692,POL_017262,2026-05-29,42531.35,Completed,Cheque,0.8288977763520416
PAY_006643,CLM_009794,POL_014242,2024-07-09,344072.11,Completed,Bank Transfer,0.7684230513352449
PAY_006644,CLM_003643,POL_006794,2025-12-21,192904.79,Completed,Bank Transfer,0.7802720966539374
PAY_006645,CLM_009981,POL_000267,2025-03-01,62191.42,Completed,Bank Transfer,0.7948878337775264
PAY_006646,CLM_001547,POL_014178,2025-04-02,88239.92,Completed,Bank Transfer,0.891598265100171
PAY_006647,CLM_003588,POL_003895,2025-09-25,69860.0,Completed,UPI,0.9764399274197358
PAY_006648,CLM_003145,POL_011284,2025-02-03,140586.01,Completed,NEFT,0.9973129460200665
PAY_006649,CLM_001801,POL_012014,2025-11-18,248147.5,Completed,Cheque,0.9796831448149722
PAY_006650,CLM_000025,POL_005297,2026-05-20,101437.12,Completed,Bank Transfer,0.7697967030911357
PAY_006651,CLM_004442,POL_003802,2026-07-08,101646.97,Completed,Cheque,0.9740587906323512
PAY_006652,CLM_009969,POL_006530,2025-03-19,34035.93,Completed,Bank Transfer,0.865732357512894
PAY_006653,CLM_006592,POL_004335,2026-02-15,196386.35,Completed,Cheque,0.7950082238872856
PAY_006654,CLM_006748,POL_010871,2026-10-08,29640.55,Completed,UPI,0.7792151629722983
PAY_006655,CLM_001172,POL_016339,2025-10-15,447342.79,Completed,Bank Transfer,0.9465200265897387
PAY_006656,CLM_004371,POL_018795,2026-08-11,31545.09,Completed,UPI,0.9461966721687594
PAY_006657,CLM_009538,POL_021024,2025-06-22,42672.5,Completed,UPI,0.9439496636864793
PAY_006658,CLM_007972,POL_003772,2026-10-06,112187.16,Completed,UPI,0.8885408592223079
PAY_006659,CLM_001391,POL_005077,2025-07-25,310301.29,Completed,Cheque,0.8085524165571772
PAY_006660,CLM_009130,POL_016275,2024-10-15,280652.57,Completed,Bank Transfer,0.7562880810062945
PAY_006661,CLM_006949,POL_006628,2025-04-14,101313.85,Completed,Cheque,0.8635485715893003
PAY_006662,CLM_000318,POL_012740,2026-10-08,97875.69,Completed,Bank Transfer,0.7760675998283506
PAY_006663,CLM_008774,POL_021383,2026-01-19,200758.36,Completed,Bank Transfer,0.8425136639953695
PAY_006664,CLM_004773,POL_000280,2026-07-02,360256.4,Completed,UPI,0.834395388039886
PAY_006665,CLM_008398,POL_022231,2026-04-07,353122.45,Completed,NEFT,0.7540803649935482
PAY_006666,CLM_003528,POL_022093,2025-05-24,227994.38,Completed,Bank Transfer,0.7903151972554033
PAY_006667,CLM_000817,POL_000961,2025-08-13,153978.81,Completed,UPI,0.9181447203557501
PAY_006668,CLM_004895,POL_003652,2025-05-07,386614.03,Completed,UPI,0.9591101001816911
PAY_006669,CLM_009060,POL_009049,2026-09-19,320397.96,Completed,Bank Transfer,0.7923823770860948
PAY_006670,CLM_008791,POL_022392,2025-01-30,970479.21,Completed,NEFT,0.8569994027014489
PAY_006671,CLM_002425,POL_021874,2025-10-18,116683.4,Completed,UPI,0.79273067855103
PAY_006672,CLM_001514,POL_008928,2024-10-03,165788.84,Completed,Bank Transfer,0.8735714722303602
PAY_006673,CLM_004912,POL_019285,2024-08-05,213917.56,Completed,UPI,0.8658559266818255
PAY_006674,CLM_006486,POL_023485,2026-10-08,113082.21,Completed,Bank Transfer,0.8468610399936314
PAY_006675,CLM_001385,POL_024764,2026-03-11,265319.48,Completed,Bank Transfer,0.8396063323377994
PAY_006676,CLM_009965,POL_000471,2025-03-14,67398.92,Completed,UPI,0.9828338177828985
PAY_006677,CLM_003908,POL_015039,2024-05-27,467558.68,Completed,Bank Transfer,0.9307151888425972
PAY_006678,CLM_009803,POL_005616,2025-03-30,81294.2,Completed,UPI,0.8257065144360148
PAY_006679,CLM_006721,POL_022828,2026-09-24,106573.57,Completed,UPI,0.7907773532870364
PAY_006680,CLM_009609,POL_004969,2026-09-14,84902.79,Completed,NEFT,0.7959365446614474
PAY_006681,CLM_001767,POL_000339,2024-01-11,265061.9,Completed,UPI,0.9401447144248435
PAY_006682,CLM_007477,POL_017497,2026-08-25,133957.72,Completed,Bank Transfer,0.8809312040599809
PAY_006683,CLM_007840,POL_012322,2025-08-09,25306.49,Completed,Bank Transfer,0.823085296929118
PAY_006684,CLM_009731,POL_006996,2025-06-21,100859.17,Completed,Bank Transfer,0.7900257759192428
PAY_006685,CLM_002191,POL_010262,2025-11-29,154297.71,Completed,UPI,0.7667772024958446
PAY_006686,CLM_005670,POL_017084,2025-11-02,308565.0,Completed,Bank Transfer,0.8297690361222814
PAY_006687,CLM_009868,POL_023585,2026-09-22,230437.52,Completed,Bank Transfer,0.8763864589456786
PAY_006688,CLM_001884,POL_013456,2025-06-15,237882.63,Completed,Cheque,0.8748094833624571
PAY_006689,CLM_009777,POL_024352,2023-12-03,233182.12,Completed,Bank Transfer,0.7747259952495554
PAY_006690,CLM_008112,POL_012359,2025-11-02,229745.77,Completed,Bank Transfer,0.9940625573029744
PAY_006691,CLM_000221,POL_004921,2024-11-13,54016.6,Completed,Bank Transfer,0.9425138541855693
PAY_006692,CLM_005790,POL_022178,2025-03-13,112299.96,Completed,UPI,0.7799354146573599
PAY_006693,CLM_008263,POL_011322,2025-05-10,527877.54,Completed,UPI,0.92461687240282
PAY_006694,CLM_001388,POL_017475,2026-07-08,84218.87,Completed,Bank Transfer,0.7932026462167955
PAY_006695,CLM_005399,POL_003943,2024-06-23,30882.84,Completed,Bank Transfer,0.7988624499851521
PAY_006696,CLM_004601,POL_012998,2025-03-05,443097.77,Completed,Bank Transfer,0.9041093455872223
PAY_006697,CLM_004093,POL_003492,2025-07-10,757671.25,Completed,UPI,0.7944449883429622
PAY_006698,CLM_005375,POL_007299,2026-02-20,72601.0,Completed,NEFT,0.7553330879401601
PAY_006699,CLM_006302,POL_024263,2026-09-20,44785.3,Completed,Bank Transfer,0.89435730917776
PAY_006700,CLM_007061,POL_008040,2026-04-29,160695.39,Completed,Bank Transfer,0.7981622668220255
PAY_006701,CLM_008569,POL_012973,2025-04-02,337166.68,Completed,Bank Transfer,0.7607846866075283
PAY_006702,CLM_004225,POL_010175,2025-10-15,118449.73,Completed,Bank Transfer,0.9328652116561399
PAY_006703,CLM_008512,POL_004861,2025-09-19,181061.83,Completed,Bank Transfer,0.9542800842241429
PAY_006704,CLM_003139,POL_007689,2026-01-27,54121.38,Completed,UPI,0.8826779361258863
PAY_006705,CLM_000137,POL_019812,2026-07-27,244490.18,Completed,Bank Transfer,0.8409352056616302
PAY_006706,CLM_009705,POL_001862,2024-04-25,283767.5,Completed,Bank Transfer,0.770992966016264
PAY_006707,CLM_003632,POL_017674,2026-10-08,154394.0,Completed,UPI,0.9159649038917326
PAY_006708,CLM_004529,POL_009849,2024-08-27,145813.78,Completed,Bank Transfer,0.9124674706051166
PAY_006709,CLM_000357,POL_007119,2024-01-28,63030.72,Completed,Bank Transfer,0.9453098812774541
PAY_006710,CLM_005579,POL_024429,2026-05-30,555239.82,Completed,Cheque,0.8295932893823857
PAY_006711,CLM_005969,POL_001086,2026-08-17,92415.46,Completed,Bank Transfer,0.9023987585695233
PAY_006712,CLM_002084,POL_019187,2026-07-12,159965.04,Completed,Bank Transfer,0.8733736072038059
PAY_006713,CLM_007883,POL_007765,2026-02-25,379228.2,Completed,UPI,0.8280493433546056
PAY_006714,CLM_002356,POL_022092,2025-07-18,445811.31,Completed,Cheque,0.7915688831051099
PAY_006715,CLM_006647,POL_013366,2025-01-22,545217.13,Completed,Bank Transfer,0.8447705165139933
PAY_006716,CLM_006707,POL_014675,2024-07-28,784720.9,Completed,UPI,0.9937091792463181
PAY_006717,CLM_005675,POL_023791,2026-01-16,164188.76,Completed,Bank Transfer,0.8675998953524692
PAY_006718,CLM_002429,POL_010734,2026-10-08,60389.62,Completed,UPI,0.9652904065450267
PAY_006719,CLM_004542,POL_001197,2024-07-13,345746.21,Completed,Cheque,0.9116500796829137
PAY_006720,CLM_008811,POL_012274,2025-11-24,136918.88,Completed,UPI,0.8993648364521357
PAY_006721,CLM_008950,POL_012459,2025-02-25,192087.97,Completed,Bank Transfer,0.8770184272609192
PAY_006722,CLM_006399,POL_018135,2026-02-25,89676.6,Completed,UPI,0.857810426656341
PAY_006723,CLM_001679,POL_011799,2024-09-22,47948.41,Completed,Bank Transfer,0.7886897643918861
PAY_006724,CLM_003212,POL_014885,2026-07-11,324421.17,Completed,Cheque,0.8392234533679986
PAY_006725,CLM_002407,POL_015061,2025-11-28,94050.38,Completed,NEFT,0.8397112440675824
PAY_006726,CLM_004512,POL_010067,2026-06-18,197597.35,Completed,UPI,0.8571245333195798
PAY_006727,CLM_002935,POL_019650,2026-10-08,223684.09,Completed,UPI,0.9731753437343607
PAY_006728,CLM_005826,POL_010109,2024-06-05,334107.97,Completed,Bank Transfer,0.7976437149705249
PAY_006729,CLM_009742,POL_021009,2026-07-22,292781.02,Completed,Bank Transfer,0.8905312536661135
PAY_006730,CLM_004426,POL_000773,2024-09-24,54925.27,Completed,UPI,0.7743014932632224
PAY_006731,CLM_006464,POL_005807,2026-09-26,437679.28,Completed,Bank Transfer,0.9177732487823622
PAY_006732,CLM_005306,POL_020751,2026-02-24,104289.51,Completed,Cheque,0.7762781704550816
PAY_006733,CLM_009089,POL_016344,2025-07-08,726255.98,Completed,Bank Transfer,0.9226466412642065
PAY_006734,CLM_007713,POL_015173,2025-12-21,169167.27,Completed,Bank Transfer,0.7979231400407188
PAY_006735,CLM_002928,POL_008053,2025-01-13,211694.04,Completed,Bank Transfer,0.7831719757565748
PAY_006736,CLM_007065,POL_019698,2024-09-24,115250.99,Completed,Bank Transfer,0.8999410065431591
PAY_006737,CLM_005192,POL_012247,2024-10-25,182166.28,Completed,UPI,0.8243465267522133
PAY_006738,CLM_009861,POL_013939,2026-02-14,244982.35,Completed,Bank Transfer,0.7973291584557545
PAY_006739,CLM_000913,POL_014486,2024-04-16,438359.7,Completed,Bank Transfer,0.9155685291587033
PAY_006740,CLM_009208,POL_021194,2025-11-14,222275.25,Completed,Bank Transfer,0.7656319460935093
PAY_006741,CLM_009600,POL_020015,2025-02-10,89973.19,Completed,Bank Transfer,0.9935196590549585
PAY_006742,CLM_008381,POL_024090,2024-09-15,130064.64,Completed,UPI,0.9194009079025153
PAY_006743,CLM_000368,POL_011260,2025-06-24,127255.43,Completed,UPI,0.7688564960526567
PAY_006744,CLM_008158,POL_022139,2024-08-26,524333.37,Completed,Bank Transfer,0.9825447225687103
PAY_006745,CLM_004792,POL_017457,2026-07-04,83444.28,Completed,Cheque,0.9821408772572839
PAY_006746,CLM_005782,POL_007784,2025-07-13,859719.39,Completed,UPI,0.9898985189796412
PAY_006747,CLM_007870,POL_022728,2026-05-03,219230.66,Completed,UPI,0.8424564978378373
PAY_006748,CLM_008949,POL_010238,2024-08-11,419896.41,Completed,UPI,0.8129150204787028
PAY_006749,CLM_008633,POL_020046,2025-08-06,40166.56,Completed,UPI,0.8429799174367185
PAY_006750,CLM_009390,POL_018134,2024-10-21,32444.1,Completed,UPI,0.7896579562953756
PAY_006751,CLM_002574,POL_020848,2026-07-05,833040.92,Completed,Bank Transfer,0.9262051240776499
PAY_006752,CLM_006722,POL_007612,2026-08-23,209602.2,Completed,UPI,0.924223710939722
PAY_006753,CLM_009979,POL_016327,2025-07-31,40411.87,Completed,Bank Transfer,0.8262077490243799
PAY_006754,CLM_003389,POL_017634,2026-04-23,87467.5,Completed,NEFT,0.9907436951978876
PAY_006755,CLM_009486,POL_001478,2024-06-22,338505.24,Completed,Cheque,0.7560468123538504
PAY_006756,CLM_008208,POL_011574,2026-10-08,149207.24,Completed,UPI,0.7732440683993437
PAY_006757,CLM_002795,POL_001209,2026-10-06,43456.08,Completed,Bank Transfer,0.7681154886095308
PAY_006758,CLM_004242,POL_002920,2026-04-30,1079284.13,Completed,UPI,0.9290430425006814
PAY_006759,CLM_000707,POL_006761,2025-10-25,55523.0,Completed,Bank Transfer,0.795943088556786
PAY_006760,CLM_002636,POL_010015,2024-11-17,43244.72,Completed,Bank Transfer,0.7912014245925914
PAY_006761,CLM_002476,POL_002498,2025-09-13,111484.33,Completed,UPI,0.8871470687564795
PAY_006762,CLM_004153,POL_005729,2024-04-05,140575.03,Completed,Bank Transfer,0.8198295303146157
PAY_006763,CLM_004581,POL_018506,2024-03-13,240096.6,Completed,Bank Transfer,0.9620049155501181
PAY_006764,CLM_000201,POL_001899,2024-09-30,396271.43,Completed,Bank Transfer,0.7984960472804997
PAY_006765,CLM_008012,POL_002812,2025-11-28,90478.19,Completed,Cheque,0.8948723520352672
PAY_006766,CLM_002837,POL_024447,2026-01-03,449920.5,Completed,Bank Transfer,0.8745116107264546
PAY_006767,CLM_001987,POL_004493,2026-01-22,203780.26,Completed,Bank Transfer,0.8710009787956112
PAY_006768,CLM_009291,POL_010875,2024-10-07,184475.5,Completed,Bank Transfer,0.770691533716906
PAY_006769,CLM_008617,POL_001529,2026-08-09,79976.74,Completed,Bank Transfer,0.9020123997361299
PAY_006770,CLM_004008,POL_006121,2026-09-17,111957.01,Completed,UPI,0.983973183465891
PAY_006771,CLM_000969,POL_017174,2024-12-02,1594643.49,Completed,UPI,0.9377121603372793
PAY_006772,CLM_002566,POL_022774,2025-11-15,119517.77,Completed,UPI,0.8676441251149911
PAY_006773,CLM_003567,POL_014763,2025-08-20,77599.91,Completed,UPI,0.8197099702199867
PAY_006774,CLM_004832,POL_016414,2026-03-31,168042.86,Completed,Bank Transfer,0.8959713592625648
PAY_006775,CLM_006090,POL_017816,2026-10-08,50599.28,Completed,Cheque,0.9084049116321289
PAY_006776,CLM_001668,POL_010553,2026-01-11,63480.91,Completed,UPI,0.7668958703708447
PAY_006777,CLM_004654,POL_017876,2025-08-05,59772.37,Completed,UPI,0.833781616744048
PAY_006778,CLM_000891,POL_002324,2026-09-06,126836.91,Completed,Bank Transfer,0.9364290632904589
PAY_006779,CLM_008939,POL_005353,2026-08-04,69693.0,Completed,Bank Transfer,0.9222718061113194
PAY_006780,CLM_005104,POL_008953,2024-06-01,21153.01,Completed,Bank Transfer,0.9295386892337384
PAY_006781,CLM_002756,POL_021287,2024-10-10,1011092.04,Completed,NEFT,0.8676552035505442
PAY_006782,CLM_000274,POL_019873,2025-04-29,55366.38,Completed,Cheque,0.8013472545585123
PAY_006783,CLM_004179,POL_014654,2026-08-15,22940.14,Completed,UPI,0.8175697300040558
PAY_006784,CLM_003310,POL_006609,2026-06-20,142740.07,Completed,UPI,0.8054882309277308
PAY_006785,CLM_006244,POL_000256,2026-08-09,381980.49,Completed,UPI,0.9613429055763051
PAY_006786,CLM_001104,POL_020005,2026-04-18,25068.09,Completed,NEFT,0.8392029007097446
PAY_006787,CLM_006395,POL_014406,2026-07-05,106837.7,Completed,Bank Transfer,0.7823557264414247
PAY_006788,CLM_005995,POL_013982,2024-10-17,37929.83,Completed,Bank Transfer,0.9591816194386248
PAY_006789,CLM_004630,POL_017641,2025-12-13,55511.19,Completed,Bank Transfer,0.8544356666525572
PAY_006790,CLM_000279,POL_001080,2026-07-06,123108.8,Completed,Bank Transfer,0.9236520708059627
PAY_006791,CLM_005002,POL_010538,2026-03-08,70076.45,Completed,UPI,0.7544187623805012
PAY_006792,CLM_007006,POL_019941,2026-10-08,95744.43,Completed,Bank Transfer,0.8858056535729418
PAY_006793,CLM_009080,POL_000811,2026-03-04,301487.58,Completed,Bank Transfer,0.8793488618642363
PAY_006794,CLM_007874,POL_011687,2026-08-20,45642.44,Completed,UPI,0.7853223460612185
PAY_006795,CLM_002475,POL_011896,2026-06-02,192955.41,Completed,Cheque,0.77018389016859
PAY_006796,CLM_008253,POL_013520,2024-08-20,58605.55,Completed,Bank Transfer,0.8711521501521919
PAY_006797,CLM_003962,POL_010408,2025-08-12,41869.53,Completed,Bank Transfer,0.9675708753044346
PAY_006798,CLM_002445,POL_002256,2025-08-12,804913.01,Completed,UPI,0.803992470780655
PAY_006799,CLM_007355,POL_024044,2026-07-04,160042.38,Completed,UPI,0.8682970232622993
PAY_006800,CLM_007468,POL_000370,2025-07-30,425149.58,Completed,Bank Transfer,0.7903662118008419
PAY_006801,CLM_008203,POL_023058,2026-09-18,248201.82,Completed,UPI,0.8164455399456539
PAY_006802,CLM_004949,POL_006257,2025-11-15,222783.2,Completed,Bank Transfer,0.9085048666582932
PAY_006803,CLM_009265,POL_017001,2024-10-19,487131.59,Completed,Bank Transfer,0.7953333985972737
PAY_006804,CLM_008345,POL_021680,2025-01-18,152904.34,Completed,UPI,0.9808399099808244
PAY_006805,CLM_001236,POL_021167,2024-12-27,1987150.09,Completed,Cheque,0.9777815411022236
PAY_006806,CLM_008089,POL_023354,2026-06-27,826429.08,Completed,UPI,0.852304376059761
PAY_006807,CLM_009046,POL_017099,2026-03-22,539685.25,Completed,UPI,0.7570274002453778
PAY_006808,CLM_006723,POL_022209,2024-09-25,154607.43,Completed,UPI,0.8745667397549091
PAY_006809,CLM_005834,POL_009405,2026-10-08,303904.7,Completed,NEFT,0.8500668127076954
PAY_006810,CLM_003082,POL_004265,2026-07-14,729093.85,Completed,Bank Transfer,0.7786559140686411
PAY_006811,CLM_001018,POL_020873,2025-03-10,162170.31,Completed,UPI,0.87911133652477
PAY_006812,CLM_009937,POL_009783,2025-12-07,673932.89,Completed,UPI,0.8683837723628672
PAY_006813,CLM_004279,POL_024351,2025-03-16,1123256.29,Completed,Cheque,0.9074674461964293
PAY_006814,CLM_005264,POL_011181,2024-05-19,119075.99,Completed,NEFT,0.7608455612322714
PAY_006815,CLM_002338,POL_014621,2025-05-24,638435.4,Completed,Bank Transfer,0.8928408580256315
PAY_006816,CLM_004930,POL_002930,2026-08-02,101543.81,Completed,UPI,0.966298626078445
PAY_006817,CLM_005103,POL_007699,2025-07-27,56624.45,Completed,Bank Transfer,0.9387109073879131
PAY_006818,CLM_001872,POL_015772,2024-10-28,76190.32,Completed,NEFT,0.923183662856051
PAY_006819,CLM_006613,POL_004561,2026-10-08,234955.59,Completed,Bank Transfer,0.8454742940367647
PAY_006820,CLM_009338,POL_014482,2026-01-20,66581.52,Completed,Bank Transfer,0.9068756164992567
PAY_006821,CLM_007993,POL_016159,2025-09-20,120886.7,Completed,UPI,0.8487910102791545
PAY_006822,CLM_002648,POL_004651,2024-06-22,810866.51,Completed,Bank Transfer,0.8210078368935823
PAY_006823,CLM_007444,POL_003083,2024-11-18,283174.62,Completed,UPI,0.8454207540915449
PAY_006824,CLM_005360,POL_014120,2026-09-11,41746.25,Completed,NEFT,0.7651782383923031
PAY_006825,CLM_004705,POL_021484,2024-11-05,76880.06,Completed,UPI,0.8207175508304314
PAY_006826,CLM_009827,POL_013079,2024-03-26,34300.96,Completed,Cheque,0.8361111923635689
PAY_006827,CLM_008153,POL_009553,2025-05-25,120111.93,Completed,Bank Transfer,0.8132871970162839
PAY_006828,CLM_005330,POL_003902,2024-09-29,136103.52,Completed,UPI,0.7963142311597715
PAY_006829,CLM_004909,POL_007556,2025-07-20,121834.09,Completed,Bank Transfer,0.9434655222281549
PAY_006830,CLM_002859,POL_015576,2026-05-10,37937.98,Completed,NEFT,0.8317087768143903
PAY_006831,CLM_000975,POL_018190,2026-04-08,460296.55,Completed,Bank Transfer,0.7915764184539221
PAY_006832,CLM_006786,POL_010026,2024-05-07,79608.21,Completed,UPI,0.9049553815477029
PAY_006833,CLM_007619,POL_006518,2026-06-29,203036.08,Completed,NEFT,0.8012205115937512
PAY_006834,CLM_005339,POL_013815,2026-09-20,112449.8,Completed,Bank Transfer,0.907651226909336
PAY_006835,CLM_006277,POL_023349,2026-10-03,38505.52,Completed,Bank Transfer,0.9893402945499017
PAY_006836,CLM_006732,POL_014514,2025-06-16,501084.25,Completed,UPI,0.8279234219958526
PAY_006837,CLM_007864,POL_018386,2024-09-15,381293.28,Completed,Bank Transfer,0.7863820725981421
PAY_006838,CLM_007929,POL_013814,2026-09-11,900778.78,Completed,Bank Transfer,0.8951099413283745
PAY_006839,CLM_001029,POL_002564,2025-06-01,78619.05,Completed,Cheque,0.8209430726217607
PAY_006840,CLM_001858,POL_017232,2025-11-09,888125.68,Completed,UPI,0.8580164830431486
PAY_006841,CLM_008359,POL_023710,2025-04-30,277568.09,Completed,UPI,0.887242971227328
PAY_006842,CLM_007189,POL_013478,2024-08-12,65256.34,Completed,UPI,0.754634596328218
PAY_006843,CLM_003818,POL_006694,2026-04-18,109893.43,Completed,NEFT,0.9957831183376404
PAY_006844,CLM_009597,POL_021982,2025-11-15,563787.01,Completed,UPI,0.9410497372936872
PAY_006845,CLM_005729,POL_022548,2025-01-22,241116.2,Completed,Bank Transfer,0.8903701874311958
PAY_006846,CLM_001892,POL_003667,2026-04-20,169388.9,Completed,Bank Transfer,0.8011480721761581
PAY_006847,CLM_007819,POL_009030,2023-11-12,105180.32,Completed,Cheque,0.9288200832933081
PAY_006848,CLM_007829,POL_004487,2026-04-26,35122.49,Completed,Bank Transfer,0.8561898110397264
PAY_006849,CLM_003188,POL_010509,2026-10-06,33344.63,Completed,Bank Transfer,0.833891142549827
PAY_006850,CLM_004701,POL_023789,2024-07-03,69199.12,Completed,Bank Transfer,0.7655229733378895
PAY_006851,CLM_007958,POL_022503,2024-05-02,205070.47,Completed,UPI,0.9814398364688655
PAY_006852,CLM_002912,POL_009423,2026-03-14,407464.26,Completed,Bank Transfer,0.8959188887239081
PAY_006853,CLM_002195,POL_018657,2026-08-15,108457.28,Completed,Bank Transfer,0.9503328658073733
PAY_006854,CLM_002381,POL_013473,2025-07-31,282824.36,Completed,UPI,0.9235003041117137
PAY_006855,CLM_007748,POL_006041,2026-09-22,36632.07,Completed,UPI,0.9744030821636324
PAY_006856,CLM_009871,POL_003689,2026-03-30,46072.65,Completed,UPI,0.8789001693984068
PAY_006857,CLM_009915,POL_022060,2026-06-23,518602.4,Completed,UPI,0.8094345102226689
PAY_006858,CLM_005172,POL_017885,2024-02-17,177195.58,Completed,Bank Transfer,0.8993614323794535
PAY_006859,CLM_008170,POL_000374,2024-02-03,317806.01,Completed,NEFT,0.886132138150128
PAY_006860,CLM_007316,POL_023926,2024-10-27,54323.08,Completed,Cheque,0.7550794352181496
PAY_006861,CLM_006947,POL_002942,2026-10-08,200502.21,Completed,UPI,0.7954929571876758
PAY_006862,CLM_003845,POL_018831,2025-11-08,451892.08,Completed,Bank Transfer,0.9004104660493876
PAY_006863,CLM_004362,POL_000398,2026-07-02,214298.36,Completed,NEFT,0.8588715719870741
PAY_006864,CLM_002289,POL_001730,2024-09-12,94615.66,Completed,NEFT,0.8184793112555238
PAY_006865,CLM_009495,POL_013660,2025-02-04,164474.74,Completed,Bank Transfer,0.8333376737725229
PAY_006866,CLM_003900,POL_020019,2024-09-11,331430.12,Completed,UPI,0.9213406183607443
PAY_006867,CLM_003735,POL_021718,2026-07-23,546783.25,Completed,Cheque,0.8240365533799215
PAY_006868,CLM_008425,POL_022381,2025-10-15,75428.73,Completed,UPI,0.8667407597134225
PAY_006869,CLM_004491,POL_018279,2026-07-17,263058.9,Completed,Bank Transfer,0.8899495599542
PAY_006870,CLM_004717,POL_009928,2025-06-27,57134.73,Completed,Bank Transfer,0.8013617674223548
PAY_006871,CLM_002463,POL_021405,2025-07-31,92104.68,Completed,Cheque,0.9689716534960897
PAY_006872,CLM_007508,POL_018215,2025-01-16,66001.39,Completed,Bank Transfer,0.9262882363029415
PAY_006873,CLM_009453,POL_002962,2026-05-04,63225.5,Completed,UPI,0.8706792924838216
PAY_006874,CLM_001532,POL_014448,2026-09-28,145864.67,Completed,NEFT,0.9894584601179132
PAY_006875,CLM_006586,POL_015288,2026-06-22,355898.19,Completed,Cheque,0.8285521356103928
PAY_006876,CLM_004611,POL_020068,2025-01-15,135439.32,Completed,Bank Transfer,0.7959582700444209
PAY_006877,CLM_002403,POL_010484,2024-10-14,40787.31,Completed,UPI,0.8909362284372223
PAY_006878,CLM_009061,POL_008349,2024-11-08,404185.24,Completed,Cheque,0.7791519845033695
PAY_006879,CLM_009404,POL_012669,2026-06-21,412166.77,Completed,Bank Transfer,0.7884035765037787
PAY_006880,CLM_002512,POL_008016,2026-07-11,485328.49,Completed,UPI,0.937275482542526
PAY_006881,CLM_008575,POL_015824,2026-08-15,716299.3,Completed,Bank Transfer,0.774663007473575
PAY_006882,CLM_005959,POL_015390,2024-05-04,131032.34,Completed,Bank Transfer,0.9644654238732542
PAY_006883,CLM_007269,POL_014126,2025-06-13,523228.43,Completed,Bank Transfer,0.8534119667105213
PAY_006884,CLM_000819,POL_012618,2024-12-27,181052.64,Completed,UPI,0.9815261633761581
PAY_006885,CLM_003980,POL_022668,2025-08-27,145496.56,Completed,UPI,0.9521842969775319
PAY_006886,CLM_001248,POL_011757,2026-08-25,277924.77,Completed,UPI,0.9451566230478976
PAY_006887,CLM_002137,POL_017827,2025-11-11,314406.03,Completed,Cheque,0.7590856756616595
PAY_006888,CLM_008508,POL_015572,2024-09-01,413464.42,Completed,UPI,0.8813972134622061
PAY_006889,CLM_007291,POL_016451,2024-07-15,263720.44,Completed,Bank Transfer,0.920943624110356
PAY_006890,CLM_000286,POL_008796,2024-09-26,207430.03,Completed,Bank Transfer,0.8665873454369231
PAY_006891,CLM_006385,POL_005823,2024-03-23,496651.02,Completed,Bank Transfer,0.8234959279441134
PAY_006892,CLM_001256,POL_015661,2026-04-01,247569.39,Completed,UPI,0.9998267452718118
PAY_006893,CLM_006392,POL_002045,2025-11-01,160734.08,Completed,Bank Transfer,0.8604093641723884
PAY_006894,CLM_000731,POL_013219,2026-08-22,30180.69,Completed,UPI,0.7526827739092896
PAY_006895,CLM_001489,POL_023436,2026-04-24,333010.72,Completed,Bank Transfer,0.983764915523015
PAY_006896,CLM_005474,POL_007688,2024-09-20,451877.99,Completed,Cheque,0.8300556539104403
PAY_006897,CLM_003838,POL_021599,2026-08-01,630741.34,Completed,Bank Transfer,0.9506884721949912
PAY_006898,CLM_007939,POL_022180,2026-09-03,85418.75,Completed,UPI,0.9803529437014156
PAY_006899,CLM_009569,POL_001312,2025-12-29,129069.85,Completed,UPI,0.911302751407448
PAY_006900,CLM_007172,POL_023612,2026-02-16,348580.0,Completed,Bank Transfer,0.9357231129326636
PAY_006901,CLM_002245,POL_001455,2026-09-04,16849.53,Completed,Bank Transfer,0.9626828577109333
PAY_006902,CLM_003958,POL_014467,2024-08-27,80174.82,Completed,Bank Transfer,0.9074564394464589
PAY_006903,CLM_008530,POL_020063,2026-07-30,201590.58,Completed,UPI,0.9827824651715065
PAY_006904,CLM_003902,POL_016156,2026-04-07,19750.5,Completed,UPI,0.8493965566550363
PAY_006905,CLM_008877,POL_001878,2025-12-13,51052.83,Completed,Bank Transfer,0.8571060900853348
PAY_006906,CLM_001159,POL_008277,2024-09-21,352572.63,Completed,Bank Transfer,0.899811093908906
PAY_006907,CLM_008336,POL_019399,2025-03-04,21728.83,Completed,Cheque,0.8271621481183428
PAY_006908,CLM_005194,POL_006788,2025-07-23,949573.93,Completed,Bank Transfer,0.8733436572696442
PAY_006909,CLM_003486,POL_006365,2025-12-24,689501.2,Completed,Bank Transfer,0.7502614866193844
PAY_006910,CLM_006526,POL_020206,2025-03-10,64613.8,Completed,UPI,0.7515610462333491
PAY_006911,CLM_004420,POL_002744,2025-01-13,211945.53,Completed,Bank Transfer,0.946530040134256
PAY_006912,CLM_006926,POL_017633,2025-11-20,39969.89,Completed,UPI,0.8818068861872523
PAY_006913,CLM_008480,POL_000859,2026-04-18,2067463.33,Completed,Cheque,0.7814547995956789
PAY_006914,CLM_000277,POL_004823,2025-01-29,195279.44,Completed,UPI,0.8729550785362316
PAY_006915,CLM_008926,POL_021384,2026-10-08,523844.65,Completed,UPI,0.773547134878258
PAY_006916,CLM_004411,POL_024057,2025-03-20,396035.19,Completed,Cheque,0.9931264951682922
PAY_006917,CLM_008795,POL_006079,2026-10-08,24760.78,Completed,Bank Transfer,0.9955547228255494
PAY_006918,CLM_003244,POL_007282,2025-07-26,66341.87,Completed,Bank Transfer,0.8975229254905154
PAY_006919,CLM_005076,POL_018574,2025-04-19,23099.14,Completed,UPI,0.9812076864979945
PAY_006920,CLM_008393,POL_011090,2024-01-13,91948.59,Completed,Bank Transfer,0.9073542112538515
PAY_006921,CLM_006364,POL_015116,2025-02-23,131874.86,Completed,Cheque,0.8063201380800626
PAY_006922,CLM_009139,POL_003763,2026-03-09,181622.42,Completed,NEFT,0.9678135155525379
PAY_006923,CLM_006419,POL_004209,2026-03-04,411180.04,Completed,NEFT,0.9766540791253618
PAY_006924,CLM_008256,POL_021533,2025-06-26,27353.95,Completed,NEFT,0.7537668432917688
PAY_006925,CLM_000566,POL_000818,2026-05-15,137379.23,Completed,Bank Transfer,0.8480038157299233
PAY_006926,CLM_009546,POL_004688,2025-05-24,295516.0,Completed,UPI,0.8095994502363971
PAY_006927,CLM_007995,POL_003004,2026-02-15,159472.35,Completed,UPI,0.9369676865776172
PAY_006928,CLM_007482,POL_024599,2025-04-03,105586.31,Completed,Bank Transfer,0.8811763259646814
PAY_006929,CLM_002149,POL_010162,2026-03-06,70366.02,Completed,Cheque,0.8173290054377466
PAY_006930,CLM_003847,POL_003258,2025-05-04,401617.8,Completed,Cheque,0.9574144661631802
PAY_006931,CLM_002897,POL_019913,2025-12-23,78891.12,Completed,NEFT,0.7524976146765188
PAY_006932,CLM_007467,POL_018660,2026-03-02,204199.86,Completed,Cheque,0.8051966846062928
PAY_006933,CLM_007768,POL_022916,2025-06-09,77848.76,Completed,Bank Transfer,0.8678111403309194
PAY_006934,CLM_003648,POL_005026,2025-10-26,260738.48,Completed,Bank Transfer,0.8144083336128838
PAY_006935,CLM_000088,POL_007431,2025-08-15,96702.1,Completed,Bank Transfer,0.9984025905455083
PAY_006936,CLM_005529,POL_023495,2024-01-10,194987.18,Completed,Bank Transfer,0.8890920610486185
PAY_006937,CLM_002943,POL_007910,2026-01-01,328286.22,Completed,UPI,0.8977363706044107
PAY_006938,CLM_007502,POL_023580,2026-07-25,151474.98,Completed,Cheque,0.9223162132099447
PAY_006939,CLM_000715,POL_011370,2025-04-02,78169.87,Completed,UPI,0.7616728729906179
PAY_006940,CLM_000547,POL_014503,2025-05-20,94115.24,Completed,Cheque,0.9636692055562661
PAY_006941,CLM_008999,POL_017015,2025-12-03,271075.19,Completed,Bank Transfer,0.8576580369280415
PAY_006942,CLM_006898,POL_009029,2024-09-03,77173.17,Completed,NEFT,0.8517791818134458
PAY_006943,CLM_009040,POL_023661,2025-09-22,187264.16,Completed,Bank Transfer,0.7620896223694992
PAY_006944,CLM_005678,POL_006533,2026-04-03,139136.07,Completed,Bank Transfer,0.9795314801121826
PAY_006945,CLM_006943,POL_018686,2025-05-05,26064.15,Completed,Bank Transfer,0.9452941024998432
PAY_006946,CLM_001559,POL_017904,2026-10-02,1254072.04,Completed,Bank Transfer,0.9158698046819
PAY_006947,CLM_001269,POL_005198,2026-09-25,110994.52,Completed,Bank Transfer,0.9978039139397482
PAY_006948,CLM_000474,POL_013422,2024-05-05,56814.05,Completed,Bank Transfer,0.8508346525746584
PAY_006949,CLM_009730,POL_023187,2024-12-06,214122.85,Completed,Cheque,0.8211730430410978
PAY_006950,CLM_009148,POL_016485,2025-05-07,258666.72,Completed,UPI,0.9007159680646576
PAY_006951,CLM_001470,POL_008047,2025-05-30,331862.57,Completed,UPI,0.7925858947504428
PAY_006952,CLM_001846,POL_013057,2026-07-23,127143.2,Completed,Bank Transfer,0.9590354913401968
PAY_006953,CLM_005407,POL_017804,2026-10-06,187462.26,Completed,Bank Transfer,0.9590850236581003
PAY_006954,CLM_006468,POL_017022,2024-11-29,559519.04,Completed,UPI,0.9621579724336248
PAY_006955,CLM_004757,POL_003527,2026-10-08,186078.2,Completed,UPI,0.8540358402948546
PAY_006956,CLM_006973,POL_006600,2026-09-27,220485.09,Completed,NEFT,0.7591088636755892
PAY_006957,CLM_009111,POL_011214,2025-09-13,111966.91,Completed,UPI,0.9910892448403207
PAY_006958,CLM_001442,POL_012364,2026-08-28,178314.98,Completed,UPI,0.800936338546169
PAY_006959,CLM_002829,POL_004191,2025-07-11,719414.81,Completed,UPI,0.8064464640090712
PAY_006960,CLM_006111,POL_017124,2024-10-31,180882.44,Completed,UPI,0.9651014463307752
PAY_006961,CLM_000222,POL_007156,2026-01-14,47844.25,Completed,Cheque,0.7822218916022434
PAY_006962,CLM_008078,POL_006802,2026-10-08,165859.63,Completed,Bank Transfer,0.7557410429723536
PAY_006963,CLM_009744,POL_000771,2025-06-12,551576.36,Completed,Cheque,0.9940826836855533
PAY_006964,CLM_009290,POL_002720,2026-07-15,1083617.12,Completed,UPI,0.9164416257008255
PAY_006965,CLM_006809,POL_005131,2024-06-14,597170.27,Completed,Bank Transfer,0.9395984350973662
PAY_006966,CLM_002156,POL_020413,2025-02-25,297579.55,Completed,Bank Transfer,0.9123097001495482
PAY_006967,CLM_005477,POL_017859,2026-07-02,255599.65,Completed,Bank Transfer,0.9743366391827882
PAY_006968,CLM_007436,POL_000352,2026-10-08,185482.59,Completed,UPI,0.8277341789420457
PAY_006969,CLM_003712,POL_003288,2026-09-14,60426.68,Completed,Bank Transfer,0.7556327305613022
PAY_006970,CLM_004934,POL_013636,2025-01-03,581123.02,Completed,UPI,0.9790001251709307
PAY_006971,CLM_001476,POL_005566,2025-01-24,1490126.07,Completed,UPI,0.9947358094734483
PAY_006972,CLM_004378,POL_024497,2025-07-10,78597.43,Completed,Bank Transfer,0.7604291282517268
PAY_006973,CLM_005606,POL_023965,2025-11-18,283464.77,Completed,UPI,0.9662279594246989
PAY_006974,CLM_002266,POL_010506,2025-01-03,83303.75,Completed,Bank Transfer,0.9453453822183885
PAY_006975,CLM_002790,POL_004724,2025-08-20,83133.48,Completed,Bank Transfer,0.7522007941887252
PAY_006976,CLM_004483,POL_005825,2025-02-12,147278.87,Completed,Cheque,0.8766265451792312
PAY_006977,CLM_009026,POL_018673,2026-06-10,128169.0,Completed,Bank Transfer,0.8659811283963352
PAY_006978,CLM_000051,POL_023959,2026-09-09,374558.31,Completed,UPI,0.865757595516624
PAY_006979,CLM_005707,POL_017459,2026-02-19,184545.34,Completed,Bank Transfer,0.9085517034605346
PAY_006980,CLM_001115,POL_014701,2026-05-26,63478.37,Completed,Bank Transfer,0.8153549878066105
PAY_006981,CLM_003631,POL_011093,2024-07-03,208571.7,Completed,Bank Transfer,0.9205700240356107
PAY_006982,CLM_002130,POL_024521,2024-06-30,91753.62,Completed,Bank Transfer,0.885244772341394
PAY_006983,CLM_007806,POL_017047,2025-12-09,789995.19,Completed,Bank Transfer,0.9524959524704036
PAY_006984,CLM_008863,POL_011331,2024-03-22,237417.87,Completed,UPI,0.8795268235119611
PAY_006985,CLM_001975,POL_006057,2026-01-11,211100.0,Completed,UPI,0.9782505386286391
PAY_006986,CLM_003711,POL_012408,2026-08-04,83348.36,Completed,Cheque,0.8028766572239706
PAY_006987,CLM_004024,POL_019902,2025-12-07,500993.93,Completed,Bank Transfer,0.7937314324402316
PAY_006988,CLM_002916,POL_011232,2026-05-24,29572.18,Completed,Cheque,0.7570152502881156
PAY_006989,CLM_000342,POL_008071,2026-06-06,85067.51,Completed,NEFT,0.9128534754852444
PAY_006990,CLM_002942,POL_007564,2025-03-17,46142.37,Completed,UPI,0.8636275923640077
PAY_006991,CLM_003360,POL_013976,2025-07-01,40985.13,Completed,UPI,0.8659044928437661
PAY_006992,CLM_000882,POL_004502,2025-04-18,137560.67,Completed,Bank Transfer,0.8065941861236925
PAY_006993,CLM_003459,POL_005507,2026-10-08,569368.54,Completed,NEFT,0.7574542760822753
PAY_006994,CLM_007668,POL_010704,2025-12-26,268199.5,Completed,Bank Transfer,0.9747303767910522
PAY_006995,CLM_008970,POL_012939,2026-10-08,591961.27,Completed,Bank Transfer,0.9199523508099817
PAY_006996,CLM_004122,POL_008656,2026-07-18,64162.87,Completed,NEFT,0.7885115224940625
PAY_006997,CLM_008765,POL_013016,2026-08-24,496685.49,Completed,UPI,0.8432135942972581
PAY_006998,CLM_000947,POL_020592,2025-09-20,330291.23,Completed,Bank Transfer,0.9719457177886119
PAY_006999,CLM_005536,POL_002531,2026-10-08,122753.21,Completed,NEFT,0.8692458931418471
PAY_007000,CLM_005069,POL_016966,2025-03-01,115283.64,Completed,UPI,0.772512710575605
